clip,frame_idx,player_id,true_team,labelled_at
clip_3,10,1,2,2026-08-10T21:16:54.941404+00:00
clip_3,10,2,2,2026-08-10T21:17:00.344659+00:00
clip_3,10,3,1,2026-08-10T21:17:04.804179+00:00
clip_3,10,4,1,2026-08-10T21:17:08.814700+00:00
clip_3,10,5,1,2026-08-10T21:17:12.630068+00:00
clip_3,10,6,2,2026-08-10T21:17:16.874201+00:00
clip_3,10,7,1,2026-08-10T21:17:19.357819+00:00
clip_3,10,8,1,2026-08-10T21:17:20.940773+00:00
clip_3,10,9,2,2026-08-10T21:17:23.825281+00:00
clip_3,10,10,2,2026-08-10T21:17:31.690313+00:00
clip_3,113,2,1,2026-08-10T21:17:59.547558+00:00
clip_3,113,3,2,2026-08-10T21:18:02.441101+00:00
clip_3,113,4,1,2026-08-10T21:18:04.802041+00:00
clip_3,113,7,2,2026-08-10T21:18:12.903353+00:00
clip_3,113,8,1,2026-08-10T21:18:14.364735+00:00
clip_3,113,9,2,2026-08-10T21:18:15.724283+00:00
clip_3,113,10,2,2026-08-10T21:18:18.329186+00:00
clip_3,113,13,1,2026-08-10T21:18:19.620262+00:00
clip_3,114,2,1,2026-08-10T21:18:25.487134+00:00
clip_3,114,3,2,2026-08-10T21:18:30.447557+00:00
clip_3,114,4,1,2026-08-10T21:18:33.113682+00:00
clip_3,114,7,2,2026-08-10T21:18:36.750413+00:00
clip_3,114,8,1,2026-08-10T21:18:38.077346+00:00
clip_3,114,9,2,2026-08-10T21:18:39.665564+00:00
clip_3,114,10,2,2026-08-10T21:18:42.382166+00:00
clip_3,114,13,1,2026-08-10T21:18:46.257537+00:00
clip_2,90,1,2,2026-08-10T21:19:33.973687+00:00
clip_2,90,2,1,2026-08-10T21:19:37.667461+00:00
clip_2,90,4,2,2026-08-10T21:19:41.028062+00:00
clip_2,90,5,2,2026-08-10T21:19:49.674966+00:00
clip_2,90,6,1,2026-08-10T21:19:53.257164+00:00
clip_2,90,7,2,2026-08-10T21:23:24.027677+00:00
clip_2,90,8,2,2026-08-10T21:23:29.078235+00:00
clip_2,90,9,1,2026-08-10T21:23:30.903325+00:00
clip_2,90,10,1,2026-08-10T21:23:33.863466+00:00
clip_3,222,4,1,2026-08-10T21:23:48.599812+00:00
clip_3,222,7,2,2026-08-10T21:23:50.486842+00:00
clip_3,222,13,unclear,2026-08-10T21:24:09.164764+00:00
clip_3,222,14,1,2026-08-10T21:24:12.939135+00:00
clip_3,222,15,1,2026-08-10T21:24:15.514306+00:00
clip_3,222,18,2,2026-08-10T21:24:17.403992+00:00
clip_3,207,4,1,2026-08-10T21:24:25.426236+00:00
clip_3,207,7,2,2026-08-10T21:24:28.229042+00:00
clip_3,207,14,1,2026-08-10T21:24:35.910976+00:00
clip_3,207,15,1,2026-08-10T21:24:37.715857+00:00
clip_3,207,18,2,2026-08-10T21:24:39.097466+00:00
clip_3,97,2,1,2026-08-10T21:24:44.131833+00:00
clip_3,97,3,2,2026-08-10T21:24:46.941259+00:00
clip_3,97,4,1,2026-08-10T21:24:51.694341+00:00
clip_3,97,5,1,2026-08-10T21:24:53.844713+00:00
clip_3,97,6,2,2026-08-10T21:24:55.449447+00:00
clip_3,97,8,1,2026-08-10T21:24:58.816872+00:00
clip_3,97,9,2,2026-08-10T21:25:01.148259+00:00
clip_3,97,10,2,2026-08-10T21:25:04.526145+00:00
clip_3,97,13,1,2026-08-10T21:25:06.988597+00:00
clip_1,55,2,2,2026-08-10T21:26:49.375828+00:00
clip_1,55,5,1,2026-08-10T21:26:52.180845+00:00
clip_1,55,7,2,2026-08-10T21:26:54.176055+00:00
clip_1,55,8,1,2026-08-10T21:26:55.775893+00:00
clip_1,55,9,2,2026-08-10T21:26:57.370449+00:00
clip_1,55,11,1,2026-08-10T21:26:59.180326+00:00
clip_3,214,4,1,2026-08-10T21:27:10.868275+00:00
clip_3,214,7,2,2026-08-10T21:27:13.183494+00:00
clip_3,214,14,1,2026-08-10T21:27:15.940492+00:00
clip_3,214,15,1,2026-08-10T21:27:17.036054+00:00
clip_3,35,1,2,2026-08-10T21:27:35.125494+00:00
clip_3,35,2,1,2026-08-10T21:27:36.940404+00:00
clip_3,35,3,2,2026-08-10T21:27:38.275586+00:00
clip_3,35,4,1,2026-08-10T21:27:42.398131+00:00
clip_3,35,5,1,2026-08-10T21:27:45.463318+00:00
clip_3,35,6,2,2026-08-10T21:27:48.106619+00:00
clip_3,35,7,1,2026-08-10T21:27:49.983463+00:00
clip_3,35,8,1,2026-08-10T21:27:51.262606+00:00
clip_3,35,10,2,2026-08-10T21:27:53.135701+00:00
clip_2,30,1,2,2026-08-10T21:28:00.944544+00:00
clip_2,30,2,1,2026-08-10T21:28:05.912765+00:00
clip_2,30,3,2,2026-08-10T21:28:15.966146+00:00
clip_2,30,5,2,2026-08-10T21:28:41.975663+00:00
clip_2,30,6,1,2026-08-10T21:28:44.934232+00:00
clip_2,30,7,1,2026-08-10T21:28:47.013760+00:00
clip_2,30,9,1,2026-08-10T21:28:52.082488+00:00
clip_2,30,10,1,2026-08-10T21:28:54.023640+00:00
clip_3,201,2,1,2026-08-10T21:29:00.698022+00:00
clip_3,201,4,1,2026-08-10T21:29:04.657005+00:00
clip_3,201,7,2,2026-08-10T21:29:06.955547+00:00
clip_3,201,13,1,2026-08-10T21:29:08.236388+00:00
clip_3,201,14,2,2026-08-10T21:29:10.035450+00:00
clip_3,201,15,1,2026-08-10T21:29:10.916843+00:00
clip_3,231,4,1,2026-08-10T21:36:27.367644+00:00
clip_3,231,7,2,2026-08-10T21:36:29.255410+00:00
clip_3,231,13,2,2026-08-10T21:36:34.132356+00:00
clip_3,231,14,1,2026-08-10T21:36:37.758402+00:00
clip_3,231,15,1,2026-08-10T21:36:39.750967+00:00
clip_3,231,18,2,2026-08-10T21:36:40.909411+00:00
clip_1,90,2,2,2026-08-10T21:36:46.432710+00:00
clip_1,90,7,2,2026-08-10T21:36:48.145972+00:00
clip_1,90,8,1,2026-08-10T21:36:49.878689+00:00
clip_1,90,9,2,2026-08-10T21:36:51.201236+00:00
clip_1,90,11,1,2026-08-10T21:36:52.796869+00:00
clip_3,204,2,1,2026-08-10T21:36:59.846863+00:00
clip_3,204,4,1,2026-08-10T21:37:01.525715+00:00
clip_3,204,7,2,2026-08-10T21:37:03.705231+00:00
clip_3,204,14,2,2026-08-10T21:37:05.936574+00:00
clip_3,204,15,1,2026-08-10T21:37:07.243727+00:00
clip_3,190,2,1,2026-08-10T21:37:14.649287+00:00
clip_3,190,4,1,2026-08-10T21:37:16.485365+00:00
clip_3,190,7,2,2026-08-10T21:37:19.005674+00:00
clip_3,190,13,1,2026-08-10T21:37:20.452560+00:00
clip_3,190,14,2,2026-08-10T21:37:21.213247+00:00
clip_3,190,15,1,2026-08-10T21:37:21.857408+00:00
clip_1,85,2,2,2026-08-10T21:37:28.086207+00:00
clip_1,85,7,2,2026-08-10T21:37:33.901744+00:00
clip_1,85,8,1,2026-08-10T21:37:35.625116+00:00
clip_1,85,9,2,2026-08-10T21:37:38.042576+00:00
clip_1,85,11,1,2026-08-10T21:37:39.091864+00:00
clip_2,140,1,2,2026-08-10T21:37:47.048351+00:00
clip_2,140,2,1,2026-08-10T21:37:49.667900+00:00
clip_2,140,4,2,2026-08-10T21:37:55.480810+00:00
clip_2,140,5,2,2026-08-10T21:37:59.443577+00:00
clip_2,140,6,1,2026-08-10T21:38:01.750877+00:00
clip_2,140,7,1,2026-08-10T21:38:03.458920+00:00
clip_2,140,9,1,2026-08-10T21:38:05.223057+00:00
clip_2,140,10,1,2026-08-10T21:38:08.466342+00:00
clip_2,140,13,2,2026-08-10T21:38:11.406669+00:00
clip_3,200,2,1,2026-08-10T21:38:17.932579+00:00
clip_3,200,4,1,2026-08-10T21:38:19.718403+00:00
clip_3,200,7,2,2026-08-10T21:38:22.189608+00:00
clip_3,200,13,1,2026-08-10T21:38:24.343687+00:00
clip_3,200,14,2,2026-08-10T21:38:25.516089+00:00
clip_3,200,15,1,2026-08-10T21:38:26.344737+00:00
clip_2,70,1,2,2026-08-10T21:39:06.632203+00:00
clip_2,70,2,1,2026-08-10T21:39:09.778586+00:00
clip_2,70,4,2,2026-08-10T21:39:12.508692+00:00
clip_2,70,5,2,2026-08-10T21:39:17.947646+00:00
clip_2,70,6,1,2026-08-10T21:39:21.486212+00:00
clip_2,70,7,1,2026-08-10T21:39:23.442834+00:00
clip_2,70,8,2,2026-08-10T21:39:25.850898+00:00
clip_2,70,9,1,2026-08-10T21:39:27.473282+00:00
clip_2,70,10,1,2026-08-10T21:39:29.602048+00:00
clip_3,65,1,2,2026-08-10T21:39:39.727920+00:00
clip_3,65,2,1,2026-08-10T21:39:42.775138+00:00
clip_3,65,3,2,2026-08-10T21:39:45.196893+00:00
clip_3,65,4,1,2026-08-10T21:39:47.066365+00:00
clip_3,65,5,1,2026-08-10T21:39:50.193723+00:00
clip_3,65,6,2,2026-08-10T21:39:52.394730+00:00
clip_3,65,7,1,2026-08-10T21:39:54.455985+00:00
clip_3,65,8,1,2026-08-10T21:39:59.361260+00:00
clip_3,65,9,2,2026-08-10T21:40:01.503387+00:00
clip_3,65,10,2,2026-08-10T21:40:05.101606+00:00
clip_3,209,4,1,2026-08-10T21:40:23.119816+00:00
clip_3,209,7,2,2026-08-10T21:40:24.911438+00:00
clip_3,209,14,1,2026-08-10T21:40:28.325413+00:00
clip_3,209,15,1,2026-08-10T21:40:29.808478+00:00
clip_3,209,18,2,2026-08-10T21:40:31.931137+00:00
clip_3,104,2,1,2026-08-10T21:40:39.596449+00:00
clip_3,104,4,1,2026-08-10T21:42:14.087850+00:00
clip_3,104,6,2,2026-08-10T21:42:17.515897+00:00
clip_3,104,7,unclear,2026-08-10T21:42:38.888625+00:00
clip_3,104,8,1,2026-08-10T21:42:42.347820+00:00
clip_3,104,9,2,2026-08-10T21:42:44.798191+00:00
clip_3,104,10,2,2026-08-10T21:42:47.112793+00:00
clip_3,104,13,1,2026-08-10T21:42:50.107256+00:00
clip_3,104,2,1,2026-08-10T21:43:01.464305+00:00
clip_3,104,3,2,2026-08-10T21:43:04.027846+00:00
clip_3,104,4,1,2026-08-10T21:43:08.328206+00:00
clip_3,104,6,2,2026-08-10T21:43:22.394056+00:00
clip_3,104,7,unclear,2026-08-10T21:43:24.089068+00:00
clip_3,104,8,1,2026-08-10T21:43:26.522006+00:00
clip_3,104,9,2,2026-08-10T21:43:29.379195+00:00
clip_3,104,10,2,2026-08-10T21:43:33.678159+00:00
clip_3,104,13,1,2026-08-10T21:43:37.008105+00:00
clip_1,10,1,unclear,2026-08-10T21:43:43.798293+00:00
clip_1,10,2,2,2026-08-10T21:44:10.541715+00:00
clip_1,10,3,2,2026-08-10T21:44:12.774444+00:00
clip_1,10,4,1,2026-08-10T21:44:17.767658+00:00
clip_1,10,5,1,2026-08-10T21:44:19.213026+00:00
clip_1,10,6,1,2026-08-10T21:44:23.561207+00:00
clip_1,10,7,unclear,2026-08-10T21:44:27.760026+00:00
clip_1,10,8,1,2026-08-10T21:44:29.879438+00:00
clip_1,10,10,unclear,2026-08-10T21:44:34.770797+00:00
clip_1,95,2,2,2026-08-10T21:49:25.992725+00:00
clip_1,95,7,2,2026-08-10T21:49:31.957355+00:00
clip_1,95,8,1,2026-08-10T21:49:34.171884+00:00
clip_1,95,9,2,2026-08-10T21:49:36.095481+00:00
clip_1,95,11,1,2026-08-10T21:49:38.811523+00:00
clip_3,85,1,2,2026-08-10T21:52:17.087340+00:00
clip_3,85,2,1,2026-08-10T21:52:17.122707+00:00
clip_3,85,3,unclear,2026-08-10T21:52:17.135323+00:00
clip_3,85,5,1,2026-08-10T21:52:17.146446+00:00
clip_3,85,6,2,2026-08-10T21:52:17.156363+00:00
clip_3,85,8,1,2026-08-10T21:52:17.166198+00:00
clip_3,85,9,2,2026-08-10T21:52:17.187132+00:00
clip_3,85,10,2,2026-08-10T21:52:17.197130+00:00
clip_3,130,2,1,2026-08-10T21:52:38.832272+00:00
clip_3,130,3,2,2026-08-10T21:52:38.872100+00:00
clip_3,130,4,1,2026-08-10T21:52:38.882275+00:00
clip_3,130,7,2,2026-08-10T21:52:38.891649+00:00
clip_3,130,8,1,2026-08-10T21:52:38.901930+00:00
clip_3,130,9,2,2026-08-10T21:52:38.912463+00:00
clip_3,130,13,1,2026-08-10T21:52:38.923039+00:00
clip_3,130,14,2,2026-08-10T21:52:38.932814+00:00
clip_3,40,1,2,2026-08-10T21:53:03.198383+00:00
clip_3,40,2,1,2026-08-10T21:53:03.241377+00:00
clip_3,40,3,2,2026-08-10T21:53:03.251546+00:00
clip_3,40,4,1,2026-08-10T21:53:03.261515+00:00
clip_3,40,5,1,2026-08-10T21:53:03.271969+00:00
clip_3,40,6,2,2026-08-10T21:53:03.282218+00:00
clip_3,40,7,1,2026-08-10T21:53:03.293238+00:00
clip_3,40,8,1,2026-08-10T21:53:03.303817+00:00
clip_3,40,9,2,2026-08-10T21:53:03.313718+00:00
clip_3,40,10,2,2026-08-10T21:53:03.323576+00:00
clip_3,236,4,1,2026-08-10T21:53:18.756925+00:00
clip_3,236,7,2,2026-08-10T21:53:18.780594+00:00
clip_3,236,13,unclear,2026-08-10T21:53:18.790033+00:00
clip_3,236,14,1,2026-08-10T21:53:18.801761+00:00
clip_3,236,15,1,2026-08-10T21:53:18.810837+00:00
clip_3,236,18,2,2026-08-10T21:53:18.820142+00:00
clip_3,236,19,2,2026-08-10T21:53:18.830568+00:00
clip_3,235,4,1,2026-08-10T21:53:53.457848+00:00
clip_3,235,7,2,2026-08-10T21:53:53.502737+00:00
clip_3,235,13,2,2026-08-10T21:53:53.513772+00:00
clip_3,235,14,1,2026-08-10T21:53:53.525081+00:00
clip_3,235,15,1,2026-08-10T21:53:53.535150+00:00
clip_3,235,18,2,2026-08-10T21:53:53.545217+00:00
clip_3,235,19,2,2026-08-10T21:53:53.556265+00:00
clip_3,221,4,1,2026-08-10T21:54:15.894121+00:00
clip_3,221,7,2,2026-08-10T21:54:15.917828+00:00
clip_3,221,13,unclear,2026-08-10T21:54:15.930500+00:00
clip_3,221,14,1,2026-08-10T21:54:15.940110+00:00
clip_3,221,15,1,2026-08-10T21:54:15.951979+00:00
clip_3,221,18,2,2026-08-10T21:54:15.961730+00:00
clip_3,145,2,1,2026-08-10T21:54:54.290730+00:00
clip_3,145,4,1,2026-08-10T21:54:54.331826+00:00
clip_3,145,7,2,2026-08-10T21:54:54.343270+00:00
clip_3,145,9,2,2026-08-10T21:54:54.354027+00:00
clip_3,145,13,1,2026-08-10T21:54:54.364574+00:00
clip_3,145,14,2,2026-08-10T21:54:54.374839+00:00
clip_3,145,15,1,2026-08-10T21:54:54.385434+00:00
clip_1,15,1,2,2026-08-10T21:55:33.649146+00:00
clip_1,15,2,2,2026-08-10T21:55:33.673360+00:00
clip_1,15,3,2,2026-08-10T21:55:33.684487+00:00
clip_1,15,4,1,2026-08-10T21:55:33.695066+00:00
clip_1,15,6,1,2026-08-10T21:55:33.705960+00:00
clip_1,15,7,2,2026-08-10T21:55:33.717426+00:00
clip_1,15,8,1,2026-08-10T21:55:33.727903+00:00
clip_1,15,9,2,2026-08-10T21:55:33.737972+00:00
clip_1,15,11,1,2026-08-10T21:55:33.748552+00:00
clip_3,111,2,1,2026-08-10T21:55:59.654713+00:00
clip_3,111,3,2,2026-08-10T21:55:59.718609+00:00
clip_3,111,4,1,2026-08-10T21:55:59.729813+00:00
clip_3,111,6,2,2026-08-10T21:55:59.756683+00:00
clip_3,111,7,unclear,2026-08-10T21:55:59.768727+00:00
clip_3,111,8,1,2026-08-10T21:55:59.781012+00:00
clip_3,111,9,2,2026-08-10T21:55:59.792276+00:00
clip_3,111,10,2,2026-08-10T21:55:59.803340+00:00
clip_3,111,13,1,2026-08-10T21:55:59.814356+00:00
clip_2,150,2,1,2026-08-10T21:56:29.131497+00:00
clip_2,150,4,2,2026-08-10T21:56:29.178022+00:00
clip_2,150,5,2,2026-08-10T21:56:29.187854+00:00
clip_2,150,6,1,2026-08-10T21:56:29.198082+00:00
clip_2,150,7,1,2026-08-10T21:56:29.206839+00:00
clip_2,150,8,2,2026-08-10T21:56:29.217766+00:00
clip_2,150,9,1,2026-08-10T21:56:29.228626+00:00
clip_2,150,10,1,2026-08-10T21:56:29.238975+00:00
clip_2,150,13,2,2026-08-10T21:56:29.249442+00:00
clip_2,40,1,2,2026-08-10T21:57:42.367003+00:00
clip_2,40,2,1,2026-08-10T21:57:42.391775+00:00
clip_2,40,3,2,2026-08-10T21:57:42.403066+00:00
clip_2,40,4,2,2026-08-10T21:57:42.414308+00:00
clip_2,40,5,2,2026-08-10T21:57:42.425977+00:00
clip_2,40,6,1,2026-08-10T21:57:42.437477+00:00
clip_2,40,7,1,2026-08-10T21:57:42.449229+00:00
clip_2,40,8,2,2026-08-10T21:57:42.460212+00:00
clip_2,40,9,1,2026-08-10T21:57:42.471444+00:00
clip_2,40,10,1,2026-08-10T21:57:42.486052+00:00
clip_3,80,1,2,2026-08-10T21:58:12.535588+00:00
clip_3,80,2,1,2026-08-10T21:58:12.578971+00:00
clip_3,80,3,2,2026-08-10T21:58:12.591128+00:00
clip_3,80,4,1,2026-08-10T21:58:12.602975+00:00
clip_3,80,5,1,2026-08-10T21:58:12.614648+00:00
clip_3,80,6,2,2026-08-10T21:58:12.626244+00:00
clip_3,80,7,1,2026-08-10T21:58:12.638439+00:00
clip_3,80,8,1,2026-08-10T21:58:12.650146+00:00
clip_3,80,9,2,2026-08-10T21:58:12.661891+00:00
clip_3,80,10,2,2026-08-10T21:58:12.673670+00:00
clip_1,70,2,2,2026-08-10T21:58:24.241667+00:00
clip_1,70,7,2,2026-08-10T21:58:24.286928+00:00
clip_1,70,8,1,2026-08-10T21:58:24.298402+00:00
clip_1,70,9,2,2026-08-10T21:58:24.310098+00:00
clip_1,70,11,1,2026-08-10T21:58:24.321116+00:00
clip_3,205,2,1,2026-08-10T21:58:44.330378+00:00
clip_3,205,4,1,2026-08-10T21:58:44.375930+00:00
clip_3,205,7,2,2026-08-10T21:58:44.387160+00:00
clip_3,205,14,2,2026-08-10T21:58:44.397163+00:00
clip_3,205,15,1,2026-08-10T21:58:44.407902+00:00
clip_2,145,1,2,2026-08-10T21:59:14.996555+00:00
clip_2,145,2,1,2026-08-10T21:59:15.037774+00:00
clip_2,145,4,2,2026-08-10T21:59:15.049677+00:00
clip_2,145,5,2,2026-08-10T21:59:15.061470+00:00
clip_2,145,6,1,2026-08-10T21:59:15.072971+00:00
clip_2,145,7,1,2026-08-10T21:59:15.085009+00:00
clip_2,145,8,2,2026-08-10T21:59:15.096634+00:00
clip_2,145,9,1,2026-08-10T21:59:15.107482+00:00
clip_2,145,10,1,2026-08-10T21:59:15.119223+00:00
clip_2,145,13,2,2026-08-10T21:59:15.131013+00:00
clip_2,95,1,2,2026-08-10T21:59:37.893515+00:00
clip_2,95,2,1,2026-08-10T21:59:37.932539+00:00
clip_2,95,4,2,2026-08-10T21:59:37.943318+00:00
clip_2,95,5,2,2026-08-10T21:59:37.954225+00:00
clip_2,95,6,1,2026-08-10T21:59:37.965519+00:00
clip_2,95,7,unclear,2026-08-10T21:59:37.977146+00:00
clip_2,95,8,2,2026-08-10T21:59:37.989437+00:00
clip_2,95,9,1,2026-08-10T21:59:38.003138+00:00
clip_2,95,10,1,2026-08-10T21:59:38.013186+00:00
clip_3,20,1,2,2026-08-10T21:59:55.542971+00:00
clip_3,20,2,2,2026-08-10T21:59:55.578097+00:00
clip_3,20,4,1,2026-08-10T21:59:55.589880+00:00
clip_3,20,5,1,2026-08-10T21:59:55.601712+00:00
clip_3,20,6,2,2026-08-10T21:59:55.613505+00:00
clip_3,20,7,1,2026-08-10T21:59:55.624256+00:00
clip_3,20,8,1,2026-08-10T21:59:55.634880+00:00
clip_3,20,9,2,2026-08-10T21:59:55.645456+00:00
clip_3,20,10,2,2026-08-10T21:59:55.656789+00:00
clip_3,108,2,1,2026-08-10T22:03:39.366874+00:00
clip_3,108,3,2,2026-08-10T22:03:39.405510+00:00
clip_3,108,4,1,2026-08-10T22:03:39.417142+00:00
clip_3,108,6,2,2026-08-10T22:03:39.427532+00:00
clip_3,108,8,1,2026-08-10T22:03:39.439214+00:00
clip_3,108,9,2,2026-08-10T22:03:39.449047+00:00
clip_3,108,10,2,2026-08-10T22:03:39.458692+00:00
clip_3,108,13,1,2026-08-10T22:03:39.469180+00:00
clip_2,125,1,2,2026-08-10T22:05:22.432483+00:00
clip_2,125,2,1,2026-08-10T22:05:22.599524+00:00
clip_2,125,4,2,2026-08-10T22:05:22.615028+00:00
clip_2,125,5,2,2026-08-10T22:05:22.641025+00:00
clip_2,125,6,1,2026-08-10T22:05:22.654547+00:00
clip_2,125,7,1,2026-08-10T22:05:22.665013+00:00
clip_2,125,8,2,2026-08-10T22:05:22.675228+00:00
clip_2,125,9,1,2026-08-10T22:05:22.685505+00:00
clip_2,125,10,1,2026-08-10T22:05:22.693727+00:00
clip_2,125,13,2,2026-08-10T22:05:22.702962+00:00
clip_3,30,1,2,2026-08-11T08:01:24.845619+00:00
clip_3,30,2,1,2026-08-11T08:01:24.887584+00:00
clip_3,30,3,2,2026-08-11T08:01:24.899128+00:00
clip_3,30,4,1,2026-08-11T08:01:24.909918+00:00
clip_3,30,5,1,2026-08-11T08:01:24.920404+00:00
clip_3,30,6,2,2026-08-11T08:01:24.930912+00:00
clip_3,30,7,1,2026-08-11T08:01:24.940466+00:00
clip_3,30,8,1,2026-08-11T08:01:24.950242+00:00
clip_3,30,9,2,2026-08-11T08:01:24.960387+00:00
clip_3,30,10,2,2026-08-11T08:01:24.970559+00:00
clip_3,30,11,unclear,2026-08-11T08:01:24.980452+00:00
clip_3,175,2,1,2026-08-11T08:01:38.162889+00:00
clip_3,175,4,1,2026-08-11T08:01:38.206434+00:00
clip_3,175,7,2,2026-08-11T08:01:38.216802+00:00
clip_3,175,13,1,2026-08-11T08:01:38.227407+00:00
clip_3,175,14,2,2026-08-11T08:01:38.237751+00:00
clip_3,175,15,1,2026-08-11T08:01:38.248344+00:00
clip_3,160,2,1,2026-08-11T08:01:54.646508+00:00
clip_3,160,4,1,2026-08-11T08:01:54.695563+00:00
clip_3,160,7,2,2026-08-11T08:01:54.709478+00:00
clip_3,160,13,1,2026-08-11T08:01:54.724264+00:00
clip_3,160,14,2,2026-08-11T08:01:54.735075+00:00
clip_3,160,15,1,2026-08-11T08:01:54.761433+00:00
clip_3,25,1,2,2026-08-11T08:02:26.128303+00:00
clip_3,25,2,unclear,2026-08-11T08:02:26.148271+00:00
clip_3,25,4,1,2026-08-11T08:02:26.159052+00:00
clip_3,25,5,1,2026-08-11T08:02:26.168900+00:00
clip_3,25,6,2,2026-08-11T08:02:26.179075+00:00
clip_3,25,7,1,2026-08-11T08:02:26.189054+00:00
clip_3,25,8,1,2026-08-11T08:02:26.198759+00:00
clip_3,25,10,2,2026-08-11T08:02:26.208237+00:00
clip_3,25,11,unclear,2026-08-11T08:02:26.217791+00:00
clip_1,80,2,2,2026-08-11T08:02:35.176200+00:00
clip_1,80,7,2,2026-08-11T08:02:35.187113+00:00
clip_1,80,8,1,2026-08-11T08:02:35.197045+00:00
clip_1,80,9,2,2026-08-11T08:02:35.206524+00:00
clip_1,80,11,1,2026-08-11T08:02:35.216500+00:00
clip_3,92,1,2,2026-08-11T08:02:53.530912+00:00
clip_3,92,2,1,2026-08-11T08:02:53.575371+00:00
clip_3,92,3,2,2026-08-11T08:02:53.585481+00:00
clip_3,92,5,1,2026-08-11T08:02:53.595688+00:00
clip_3,92,6,2,2026-08-11T08:02:53.605604+00:00
clip_3,92,8,1,2026-08-11T08:02:53.615616+00:00
clip_3,92,9,2,2026-08-11T08:02:53.625237+00:00
clip_3,92,10,2,2026-08-11T08:02:53.634059+00:00
clip_3,50,1,2,2026-08-11T08:03:10.335858+00:00
clip_3,50,2,1,2026-08-11T08:03:10.378821+00:00
clip_3,50,3,2,2026-08-11T08:03:10.389739+00:00
clip_3,50,4,1,2026-08-11T08:03:10.400430+00:00
clip_3,50,5,1,2026-08-11T08:03:10.411301+00:00
clip_3,50,6,2,2026-08-11T08:03:10.422218+00:00
clip_3,50,7,1,2026-08-11T08:03:10.433101+00:00
clip_3,50,8,1,2026-08-11T08:03:10.442693+00:00
clip_3,50,9,2,2026-08-11T08:03:10.464153+00:00
clip_3,50,10,2,2026-08-11T08:03:10.472987+00:00
clip_3,208,4,1,2026-08-11T08:03:23.938779+00:00
clip_3,208,7,2,2026-08-11T08:03:23.976991+00:00
clip_3,208,14,1,2026-08-11T08:03:23.987177+00:00
clip_3,208,15,1,2026-08-11T08:03:23.996901+00:00
clip_2,5,1,2,2026-08-11T08:04:06.320721+00:00
clip_2,5,2,1,2026-08-11T08:04:06.361596+00:00
clip_2,5,3,2,2026-08-11T08:04:06.371517+00:00
clip_2,5,4,2,2026-08-11T08:04:06.381016+00:00
clip_2,5,5,2,2026-08-11T08:04:06.390576+00:00
clip_2,5,6,1,2026-08-11T08:04:06.400272+00:00
clip_2,5,7,1,2026-08-11T08:04:06.412212+00:00
clip_2,5,8,2,2026-08-11T08:04:06.421980+00:00
clip_2,5,9,1,2026-08-11T08:04:06.431768+00:00
clip_2,5,10,1,2026-08-11T08:04:06.441012+00:00
clip_3,87,1,2,2026-08-11T08:04:30.520715+00:00
clip_3,87,2,1,2026-08-11T08:04:30.554865+00:00
clip_3,87,3,unclear,2026-08-11T08:04:30.565263+00:00
clip_3,87,5,1,2026-08-11T08:04:30.575601+00:00
clip_3,87,6,2,2026-08-11T08:04:30.585339+00:00
clip_3,87,8,1,2026-08-11T08:04:30.595420+00:00
clip_3,87,9,2,2026-08-11T08:04:30.605547+00:00
clip_3,87,10,2,2026-08-11T08:04:30.615709+00:00
clip_3,135,2,1,2026-08-11T08:04:42.974813+00:00
clip_3,135,4,1,2026-08-11T08:04:42.998501+00:00
clip_3,135,7,2,2026-08-11T08:04:43.008223+00:00
clip_3,135,9,2,2026-08-11T08:04:43.018282+00:00
clip_3,135,13,1,2026-08-11T08:04:43.027596+00:00
clip_3,135,14,2,2026-08-11T08:04:43.036459+00:00
clip_1,65,2,2,2026-08-11T08:05:12.998093+00:00
clip_1,65,7,2,2026-08-11T08:05:13.009076+00:00
clip_1,65,8,1,2026-08-11T08:05:13.018212+00:00
clip_1,65,9,2,2026-08-11T08:05:13.027227+00:00
clip_1,65,11,1,2026-08-11T08:05:13.036469+00:00
clip_3,100,2,1,2026-08-11T08:05:52.240709+00:00
clip_3,100,3,2,2026-08-11T08:05:52.278343+00:00
clip_3,100,4,1,2026-08-11T08:05:52.287142+00:00
clip_3,100,6,2,2026-08-11T08:05:52.296395+00:00
clip_3,100,8,1,2026-08-11T08:05:52.305389+00:00
clip_3,100,9,2,2026-08-11T08:05:52.314263+00:00
clip_3,100,10,2,2026-08-11T08:05:52.324393+00:00
clip_3,100,13,1,2026-08-11T08:05:52.334435+00:00
clip_3,211,2,unclear,2026-08-11T08:06:09.662275+00:00
clip_3,211,4,1,2026-08-11T08:06:09.707507+00:00
clip_3,211,7,2,2026-08-11T08:06:09.718060+00:00
clip_3,211,14,1,2026-08-11T08:06:09.728156+00:00
clip_3,211,15,1,2026-08-11T08:06:09.738118+00:00
clip_3,211,18,2,2026-08-11T08:06:09.754184+00:00
clip_3,217,4,1,2026-08-11T08:07:03.511513+00:00
clip_3,217,7,2,2026-08-11T08:07:03.558507+00:00
clip_3,217,14,1,2026-08-11T08:07:03.568569+00:00
clip_3,217,15,1,2026-08-11T08:07:03.578864+00:00
clip_3,217,18,2,2026-08-11T08:07:03.589010+00:00
clip_2,60,1,2,2026-08-11T08:07:23.413721+00:00
clip_2,60,2,1,2026-08-11T08:07:23.438972+00:00
clip_2,60,3,2,2026-08-11T08:07:23.453328+00:00
clip_2,60,4,2,2026-08-11T08:07:23.464330+00:00
clip_2,60,5,2,2026-08-11T08:07:23.474631+00:00
clip_2,60,6,1,2026-08-11T08:07:23.484855+00:00
clip_2,60,7,1,2026-08-11T08:07:23.494227+00:00
clip_2,60,8,2,2026-08-11T08:07:23.504020+00:00
clip_2,60,9,1,2026-08-11T08:07:23.514261+00:00
clip_2,60,10,1,2026-08-11T08:07:23.524156+00:00
clip_3,5,1,2,2026-08-11T08:08:04.273696+00:00
clip_3,5,2,2,2026-08-11T08:08:04.315591+00:00
clip_3,5,3,1,2026-08-11T08:08:04.324464+00:00
clip_3,5,4,1,2026-08-11T08:08:04.334405+00:00
clip_3,5,5,1,2026-08-11T08:08:04.342883+00:00
clip_3,5,6,2,2026-08-11T08:08:04.351902+00:00
clip_3,5,7,1,2026-08-11T08:08:04.360929+00:00
clip_3,5,8,1,2026-08-11T08:08:04.370999+00:00
clip_3,5,9,2,2026-08-11T08:08:04.379983+00:00
clip_3,5,10,2,2026-08-11T08:08:04.389216+00:00
clip_3,101,2,1,2026-08-11T08:08:18.228417+00:00
clip_3,101,3,2,2026-08-11T08:08:18.276282+00:00
clip_3,101,4,1,2026-08-11T08:08:18.286727+00:00
clip_3,101,6,2,2026-08-11T08:08:18.296444+00:00
clip_3,101,8,1,2026-08-11T08:08:18.305998+00:00
clip_3,101,9,2,2026-08-11T08:08:18.316089+00:00
clip_3,101,10,2,2026-08-11T08:08:18.325552+00:00
clip_3,101,13,1,2026-08-11T08:08:18.334846+00:00
clip_2,15,1,2,2026-08-11T08:09:01.324405+00:00
clip_2,15,2,1,2026-08-11T08:09:01.370778+00:00
clip_2,15,3,2,2026-08-11T08:09:01.380103+00:00
clip_2,15,4,2,2026-08-11T08:09:01.390056+00:00
clip_2,15,5,2,2026-08-11T08:09:01.400213+00:00
clip_2,15,6,1,2026-08-11T08:09:01.410220+00:00
clip_2,15,7,1,2026-08-11T08:09:01.420481+00:00
clip_2,15,8,2,2026-08-11T08:09:01.430023+00:00
clip_2,15,9,1,2026-08-11T08:09:01.439522+00:00
clip_2,15,10,unclear,2026-08-11T08:09:01.449399+00:00
clip_2,15,11,1,2026-08-11T08:09:01.459332+00:00
clip_3,185,2,1,2026-08-11T08:09:13.401998+00:00
clip_3,185,4,1,2026-08-11T08:09:13.426055+00:00
clip_3,185,7,2,2026-08-11T08:09:13.437400+00:00
clip_3,185,13,1,2026-08-11T08:09:13.447422+00:00
clip_3,185,14,2,2026-08-11T08:09:13.456099+00:00
clip_3,185,15,1,2026-08-11T08:09:13.465244+00:00
clip_3,75,1,2,2026-08-11T08:09:33.727324+00:00
clip_3,75,2,1,2026-08-11T08:09:33.770571+00:00
clip_3,75,3,2,2026-08-11T08:09:33.779979+00:00
clip_3,75,4,1,2026-08-11T08:09:33.791203+00:00
clip_3,75,5,1,2026-08-11T08:09:33.801448+00:00
clip_3,75,6,2,2026-08-11T08:09:33.811257+00:00
clip_3,75,7,1,2026-08-11T08:09:33.821046+00:00
clip_3,75,8,1,2026-08-11T08:09:33.831185+00:00
clip_3,75,9,2,2026-08-11T08:09:33.841147+00:00
clip_3,75,10,2,2026-08-11T08:09:33.866200+00:00
clip_2,135,1,2,2026-08-11T08:10:05.753724+00:00
clip_2,135,2,1,2026-08-11T08:10:05.775909+00:00
clip_2,135,4,2,2026-08-11T08:10:05.785383+00:00
clip_2,135,5,2,2026-08-11T08:10:05.795313+00:00
clip_2,135,6,1,2026-08-11T08:10:05.805457+00:00
clip_2,135,7,1,2026-08-11T08:10:05.815216+00:00
clip_2,135,8,2,2026-08-11T08:10:05.824531+00:00
clip_2,135,9,1,2026-08-11T08:10:05.834091+00:00
clip_2,135,13,2,2026-08-11T08:10:05.843231+00:00
clip_3,213,2,unclear,2026-08-11T08:10:23.020665+00:00
clip_3,213,4,1,2026-08-11T08:10:23.051411+00:00
clip_3,213,7,2,2026-08-11T08:10:23.061225+00:00
clip_3,213,14,1,2026-08-11T08:10:23.070232+00:00
clip_3,213,15,1,2026-08-11T08:10:23.079701+00:00
clip_3,213,18,2,2026-08-11T08:10:23.089516+00:00
clip_1,20,1,2,2026-08-11T08:10:39.633418+00:00
clip_1,20,2,2,2026-08-11T08:10:39.682465+00:00
clip_1,20,3,2,2026-08-11T08:10:39.692508+00:00
clip_1,20,4,1,2026-08-11T08:10:39.702398+00:00
clip_1,20,5,1,2026-08-11T08:10:39.712025+00:00
clip_1,20,6,1,2026-08-11T08:10:39.721051+00:00
clip_1,20,7,2,2026-08-11T08:10:39.730178+00:00
clip_1,20,8,1,2026-08-11T08:10:39.739489+00:00
clip_1,20,9,2,2026-08-11T08:10:39.748791+00:00
clip_1,20,11,1,2026-08-11T08:10:39.757768+00:00
clip_3,105,2,1,2026-08-11T08:11:10.591202+00:00
clip_3,105,3,2,2026-08-11T08:11:10.643655+00:00
clip_3,105,4,1,2026-08-11T08:11:10.652034+00:00
clip_3,105,6,1,2026-08-11T08:11:10.661368+00:00
clip_3,105,7,2,2026-08-11T08:11:10.671041+00:00
clip_3,105,8,1,2026-08-11T08:11:10.681242+00:00
clip_3,105,9,2,2026-08-11T08:11:10.694718+00:00
clip_3,105,10,2,2026-08-11T08:11:10.703963+00:00
clip_3,105,13,1,2026-08-11T08:11:10.713401+00:00
clip_3,227,4,1,2026-08-11T08:11:58.940633+00:00
clip_3,227,7,2,2026-08-11T08:11:58.994593+00:00
clip_3,227,13,2,2026-08-11T08:11:59.006054+00:00
clip_3,227,14,1,2026-08-11T08:11:59.017474+00:00
clip_3,227,15,1,2026-08-11T08:11:59.028128+00:00
clip_3,227,18,2,2026-08-11T08:11:59.038652+00:00
clip_3,227,19,2,2026-08-11T08:11:59.049629+00:00
clip_2,85,1,2,2026-08-11T08:13:28.416277+00:00
clip_2,85,2,1,2026-08-11T08:13:28.440999+00:00
clip_2,85,3,2,2026-08-11T08:13:28.450097+00:00
clip_2,85,4,2,2026-08-11T08:13:28.458857+00:00
clip_2,85,5,2,2026-08-11T08:13:28.467750+00:00
clip_2,85,6,1,2026-08-11T08:13:28.477031+00:00
clip_2,85,7,1,2026-08-11T08:13:28.486213+00:00
clip_2,85,8,2,2026-08-11T08:13:28.494986+00:00
clip_2,85,9,1,2026-08-11T08:13:28.504541+00:00
clip_2,85,10,1,2026-08-11T08:13:28.514793+00:00
clip_3,239,4,1,2026-08-11T08:13:45.051774+00:00
clip_3,239,7,2,2026-08-11T08:13:45.098604+00:00
clip_3,239,13,2,2026-08-11T08:13:45.108585+00:00
clip_3,239,14,1,2026-08-11T08:13:45.118482+00:00
clip_3,239,15,1,2026-08-11T08:13:45.128669+00:00
clip_3,239,18,2,2026-08-11T08:13:45.139275+00:00
clip_3,239,19,2,2026-08-11T08:13:45.149703+00:00
clip_3,210,2,2,2026-08-11T08:13:58.434630+00:00
clip_3,210,4,1,2026-08-11T08:13:58.470159+00:00
clip_3,210,7,2,2026-08-11T08:13:58.480219+00:00
clip_3,210,14,1,2026-08-11T08:13:58.489205+00:00
clip_3,210,15,1,2026-08-11T08:13:58.498148+00:00
clip_3,210,18,2,2026-08-11T08:13:58.507842+00:00
clip_3,110,2,1,2026-08-11T08:14:39.556433+00:00
clip_3,110,3,2,2026-08-11T08:14:39.599601+00:00
clip_3,110,4,1,2026-08-11T08:14:39.609524+00:00
clip_3,110,7,2,2026-08-11T08:14:39.618814+00:00
clip_3,110,8,1,2026-08-11T08:14:39.629227+00:00
clip_3,110,9,2,2026-08-11T08:14:39.639199+00:00
clip_3,110,10,2,2026-08-11T08:14:39.649227+00:00
clip_3,110,13,1,2026-08-11T08:14:39.659205+00:00
clip_3,103,2,1,2026-08-11T08:15:01.670618+00:00
clip_3,103,3,2,2026-08-11T08:15:01.720389+00:00
clip_3,103,4,1,2026-08-11T08:15:01.729858+00:00
clip_3,103,6,1,2026-08-11T08:15:01.740076+00:00
clip_3,103,7,2,2026-08-11T08:15:01.750334+00:00
clip_3,103,8,1,2026-08-11T08:15:01.759971+00:00
clip_3,103,9,2,2026-08-11T08:15:01.774110+00:00
clip_3,103,10,2,2026-08-11T08:15:01.783395+00:00
clip_3,103,13,1,2026-08-11T08:15:01.793227+00:00
clip_3,224,4,1,2026-08-11T08:15:19.038455+00:00
clip_3,224,7,2,2026-08-11T08:15:19.088616+00:00
clip_3,224,13,2,2026-08-11T08:15:19.111260+00:00
clip_3,224,14,1,2026-08-11T08:15:19.121590+00:00
clip_3,224,15,1,2026-08-11T08:15:19.131522+00:00
clip_3,224,18,2,2026-08-11T08:15:19.141509+00:00
clip_3,98,2,1,2026-08-11T08:15:46.629606+00:00
clip_3,98,3,2,2026-08-11T08:15:46.665099+00:00
clip_3,98,4,1,2026-08-11T08:15:46.675250+00:00
clip_3,98,5,1,2026-08-11T08:15:46.685644+00:00
clip_3,98,6,2,2026-08-11T08:15:46.696621+00:00
clip_3,98,8,1,2026-08-11T08:15:46.706469+00:00
clip_3,98,9,2,2026-08-11T08:15:46.720093+00:00
clip_3,98,10,2,2026-08-11T08:15:46.730094+00:00
clip_3,98,13,1,2026-08-11T08:15:46.740059+00:00
clip_2,35,1,2,2026-08-11T08:16:21.426481+00:00
clip_2,35,2,1,2026-08-11T08:16:21.458295+00:00
clip_2,35,3,2,2026-08-11T08:16:21.468474+00:00
clip_2,35,4,unclear,2026-08-11T08:16:21.478122+00:00
clip_2,35,5,2,2026-08-11T08:16:21.487804+00:00
clip_2,35,6,1,2026-08-11T08:16:21.497162+00:00
clip_2,35,7,1,2026-08-11T08:16:21.506202+00:00
clip_2,35,8,2,2026-08-11T08:16:21.515364+00:00
clip_2,35,9,1,2026-08-11T08:16:21.525433+00:00
clip_3,165,2,1,2026-08-11T08:17:20.751522+00:00
clip_3,165,4,1,2026-08-11T08:17:20.773639+00:00
clip_3,165,7,2,2026-08-11T08:17:20.784322+00:00
clip_3,165,13,1,2026-08-11T08:17:20.795077+00:00
clip_3,165,14,2,2026-08-11T08:17:20.805173+00:00
clip_3,165,15,1,2026-08-11T08:17:20.815532+00:00
clip_1,105,2,2,2026-08-11T08:17:36.648884+00:00
clip_1,105,7,2,2026-08-11T08:17:36.682448+00:00
clip_1,105,8,1,2026-08-11T08:17:36.695112+00:00
clip_1,105,9,2,2026-08-11T08:17:36.705415+00:00
clip_1,105,11,1,2026-08-11T08:17:36.714024+00:00
clip_1,105,13,1,2026-08-11T08:17:36.723146+00:00
clip_3,195,2,1,2026-08-11T08:17:48.583023+00:00
clip_3,195,4,1,2026-08-11T08:17:48.605546+00:00
clip_3,195,7,2,2026-08-11T08:17:48.615632+00:00
clip_3,195,13,1,2026-08-11T08:17:48.625484+00:00
clip_3,195,14,2,2026-08-11T08:17:48.638132+00:00
clip_3,195,15,1,2026-08-11T08:17:48.648053+00:00
clip_1,45,2,2,2026-08-11T08:17:59.720835+00:00
clip_1,45,5,1,2026-08-11T08:17:59.761855+00:00
clip_1,45,7,2,2026-08-11T08:17:59.771000+00:00
clip_1,45,8,1,2026-08-11T08:17:59.781313+00:00
clip_1,45,9,2,2026-08-11T08:17:59.790959+00:00
clip_1,45,11,1,2026-08-11T08:17:59.800374+00:00
clip_3,91,1,2,2026-08-11T08:18:20.864389+00:00
clip_3,91,2,1,2026-08-11T08:18:20.911379+00:00
clip_3,91,3,2,2026-08-11T08:18:20.922141+00:00
clip_3,91,4,1,2026-08-11T08:18:20.932443+00:00
clip_3,91,5,1,2026-08-11T08:18:20.942236+00:00
clip_3,91,6,2,2026-08-11T08:18:20.952244+00:00
clip_3,91,8,1,2026-08-11T08:18:20.962050+00:00
clip_3,91,9,2,2026-08-11T08:18:20.971406+00:00
clip_3,91,10,2,2026-08-11T08:18:20.980486+00:00
clip_3,91,13,1,2026-08-11T08:18:20.989549+00:00
clip_2,50,1,2,2026-08-11T08:19:41.523665+00:00
clip_2,50,2,1,2026-08-11T08:19:41.557459+00:00
clip_2,50,3,2,2026-08-11T08:19:41.567080+00:00
clip_2,50,4,2,2026-08-11T08:19:41.576737+00:00
clip_2,50,5,2,2026-08-11T08:19:41.586828+00:00
clip_2,50,6,1,2026-08-11T08:19:41.596705+00:00
clip_2,50,7,1,2026-08-11T08:19:41.608374+00:00
clip_2,50,8,2,2026-08-11T08:19:41.618778+00:00
clip_2,50,9,1,2026-08-11T08:19:41.628502+00:00
clip_2,50,10,1,2026-08-11T08:19:41.638424+00:00
clip_3,94,2,1,2026-08-11T08:20:07.583338+00:00
clip_3,94,3,2,2026-08-11T08:20:07.624177+00:00
clip_3,94,4,1,2026-08-11T08:20:07.634724+00:00
clip_3,94,5,1,2026-08-11T08:20:07.645667+00:00
clip_3,94,6,2,2026-08-11T08:20:07.656602+00:00
clip_3,94,8,1,2026-08-11T08:20:07.666830+00:00
clip_3,94,9,2,2026-08-11T08:20:07.677061+00:00
clip_3,94,10,2,2026-08-11T08:20:07.688227+00:00
clip_3,223,4,1,2026-08-11T08:21:01.723239+00:00
clip_3,223,7,2,2026-08-11T08:21:01.764183+00:00
clip_3,223,13,unclear,2026-08-11T08:21:01.778622+00:00
clip_3,223,14,1,2026-08-11T08:21:01.788418+00:00
clip_3,223,15,1,2026-08-11T08:21:01.798588+00:00
clip_3,223,18,2,2026-08-11T08:21:01.808458+00:00
clip_3,202,2,1,2026-08-11T08:21:14.611353+00:00
clip_3,202,4,1,2026-08-11T08:21:14.634468+00:00
clip_3,202,7,2,2026-08-11T08:21:14.648036+00:00
clip_3,202,13,1,2026-08-11T08:21:14.657102+00:00
clip_3,202,14,2,2026-08-11T08:21:14.667738+00:00
clip_3,202,15,1,2026-08-11T08:21:14.678212+00:00
clip_2,115,1,2,2026-08-11T08:21:40.819565+00:00
clip_2,115,2,1,2026-08-11T08:21:40.854918+00:00
clip_2,115,4,2,2026-08-11T08:21:40.865923+00:00
clip_2,115,5,2,2026-08-11T08:21:40.874784+00:00
clip_2,115,6,1,2026-08-11T08:21:40.883890+00:00
clip_2,115,7,1,2026-08-11T08:21:40.893186+00:00
clip_2,115,8,2,2026-08-11T08:21:40.902581+00:00
clip_2,115,9,1,2026-08-11T08:21:40.911557+00:00
clip_2,115,10,1,2026-08-11T08:21:40.920473+00:00
clip_2,115,13,2,2026-08-11T08:21:40.931871+00:00
clip_1,100,2,2,2026-08-11T08:21:51.496447+00:00
clip_1,100,7,2,2026-08-11T08:21:51.508321+00:00
clip_1,100,8,1,2026-08-11T08:21:51.518349+00:00
clip_1,100,9,2,2026-08-11T08:21:51.528269+00:00
clip_1,100,11,1,2026-08-11T08:21:51.537238+00:00
clip_3,218,4,1,2026-08-11T08:22:05.154731+00:00
clip_3,218,7,2,2026-08-11T08:22:05.188468+00:00
clip_3,218,14,1,2026-08-11T08:22:05.198283+00:00
clip_3,218,15,1,2026-08-11T08:22:05.207559+00:00
clip_3,218,18,2,2026-08-11T08:22:05.216077+00:00
clip_3,90,1,2,2026-08-11T08:22:45.341658+00:00
clip_3,90,2,1,2026-08-11T08:22:45.363220+00:00
clip_3,90,3,2,2026-08-11T08:22:45.373623+00:00
clip_3,90,4,1,2026-08-11T08:22:45.384105+00:00
clip_3,90,5,1,2026-08-11T08:22:45.394649+00:00
clip_3,90,6,2,2026-08-11T08:22:45.402835+00:00
clip_3,90,8,1,2026-08-11T08:22:45.412772+00:00
clip_3,90,9,2,2026-08-11T08:22:45.423455+00:00
clip_3,90,10,2,2026-08-11T08:22:45.433721+00:00
clip_3,90,13,1,2026-08-11T08:22:45.443366+00:00
clip_3,170,2,1,2026-08-11T08:23:05.201492+00:00
clip_3,170,4,1,2026-08-11T08:23:05.246796+00:00
clip_3,170,7,2,2026-08-11T08:23:05.257134+00:00
clip_3,170,13,1,2026-08-11T08:23:05.267452+00:00
clip_3,170,14,2,2026-08-11T08:23:05.282342+00:00
clip_3,170,15,1,2026-08-11T08:23:05.292659+00:00
clip_3,234,4,1,2026-08-11T08:23:30.913301+00:00
clip_3,234,7,2,2026-08-11T08:23:30.958238+00:00
clip_3,234,13,2,2026-08-11T08:23:30.968481+00:00
clip_3,234,14,1,2026-08-11T08:23:30.978051+00:00
clip_3,234,15,1,2026-08-11T08:23:30.987353+00:00
clip_3,234,18,2,2026-08-11T08:23:30.996447+00:00
clip_3,234,19,2,2026-08-11T08:23:31.005438+00:00
clip_3,219,4,1,2026-08-11T08:23:49.283035+00:00
clip_3,219,7,2,2026-08-11T08:23:49.324260+00:00
clip_3,219,13,unclear,2026-08-11T08:23:49.333462+00:00
clip_3,219,14,1,2026-08-11T08:23:49.342169+00:00
clip_3,219,15,1,2026-08-11T08:23:49.350455+00:00
clip_3,219,18,2,2026-08-11T08:23:49.358762+00:00
clip_3,203,2,1,2026-08-11T08:24:06.171398+00:00
clip_3,203,4,1,2026-08-11T08:24:06.208882+00:00
clip_3,203,7,2,2026-08-11T08:24:06.218304+00:00
clip_3,203,13,1,2026-08-11T08:24:06.228477+00:00
clip_3,203,14,2,2026-08-11T08:24:06.238080+00:00
clip_3,203,15,1,2026-08-11T08:24:06.247710+00:00
clip_3,109,2,1,2026-08-11T08:24:31.359738+00:00
clip_3,109,3,2,2026-08-11T08:24:31.407595+00:00
clip_3,109,4,1,2026-08-11T08:24:31.417333+00:00
clip_3,109,7,2,2026-08-11T08:24:31.427236+00:00
clip_3,109,8,1,2026-08-11T08:24:31.437693+00:00
clip_3,109,9,2,2026-08-11T08:24:31.447627+00:00
clip_3,109,10,2,2026-08-11T08:24:31.457864+00:00
clip_3,109,13,1,2026-08-11T08:24:31.468236+00:00
clip_3,150,2,1,2026-08-11T08:24:58.057706+00:00
clip_3,150,4,1,2026-08-11T08:24:58.099429+00:00
clip_3,150,7,2,2026-08-11T08:24:58.112477+00:00
clip_3,150,9,2,2026-08-11T08:24:58.122008+00:00
clip_3,150,13,1,2026-08-11T08:24:58.131438+00:00
clip_3,150,14,2,2026-08-11T08:24:58.140642+00:00
clip_3,150,15,1,2026-08-11T08:24:58.150323+00:00
clip_3,140,2,1,2026-08-11T08:25:20.539824+00:00
clip_3,140,4,1,2026-08-11T08:25:20.550606+00:00
clip_3,140,7,2,2026-08-11T08:25:20.562743+00:00
clip_3,140,9,2,2026-08-11T08:25:20.571420+00:00
clip_3,140,13,1,2026-08-11T08:25:20.580227+00:00
clip_3,140,14,unclear,2026-08-11T08:25:20.590889+00:00
clip_3,140,17,2,2026-08-11T08:25:20.602279+00:00
clip_3,107,2,1,2026-08-11T08:25:53.681667+00:00
clip_3,107,3,2,2026-08-11T08:25:53.702768+00:00
clip_3,107,4,1,2026-08-11T08:25:53.712766+00:00
clip_3,107,6,unclear,2026-08-11T08:25:53.722646+00:00
clip_3,107,7,2,2026-08-11T08:25:53.746127+00:00
clip_3,107,8,1,2026-08-11T08:25:53.756061+00:00
clip_3,107,9,2,2026-08-11T08:25:53.766283+00:00
clip_3,107,10,2,2026-08-11T08:25:53.775819+00:00
clip_3,107,13,1,2026-08-11T08:25:53.785479+00:00
clip_2,25,1,2,2026-08-11T08:26:23.309830+00:00
clip_2,25,2,1,2026-08-11T08:26:23.350899+00:00
clip_2,25,3,2,2026-08-11T08:26:23.360875+00:00
clip_2,25,4,2,2026-08-11T08:26:23.371559+00:00
clip_2,25,5,2,2026-08-11T08:26:23.381674+00:00
clip_2,25,6,1,2026-08-11T08:26:23.392078+00:00
clip_2,25,7,1,2026-08-11T08:26:23.401858+00:00
clip_2,25,8,2,2026-08-11T08:26:23.412792+00:00
clip_2,25,9,1,2026-08-11T08:26:23.423659+00:00
clip_2,25,10,1,2026-08-11T08:26:23.437439+00:00
clip_3,93,1,2,2026-08-11T08:26:41.955057+00:00
clip_3,93,2,1,2026-08-11T08:26:41.997176+00:00
clip_3,93,3,2,2026-08-11T08:26:42.008322+00:00
clip_3,93,4,1,2026-08-11T08:26:42.020041+00:00
clip_3,93,5,1,2026-08-11T08:26:42.029788+00:00
clip_3,93,6,2,2026-08-11T08:26:42.040321+00:00
clip_3,93,8,1,2026-08-11T08:26:42.050026+00:00
clip_3,93,9,2,2026-08-11T08:26:42.059863+00:00
clip_3,93,10,2,2026-08-11T08:26:42.070422+00:00
clip_3,180,2,1,2026-08-11T08:26:53.057326+00:00
clip_3,180,4,1,2026-08-11T08:26:53.091988+00:00
clip_3,180,7,2,2026-08-11T08:26:53.102640+00:00
clip_3,180,13,1,2026-08-11T08:26:53.112841+00:00
clip_3,180,14,2,2026-08-11T08:26:53.122822+00:00
clip_3,180,15,1,2026-08-11T08:26:53.132733+00:00
clip_3,230,4,1,2026-08-11T08:27:10.310884+00:00
clip_3,230,7,2,2026-08-11T08:27:10.347396+00:00
clip_3,230,13,2,2026-08-11T08:27:10.358501+00:00
clip_3,230,14,1,2026-08-11T08:27:10.368112+00:00
clip_3,230,15,1,2026-08-11T08:27:10.376790+00:00
clip_3,230,18,2,2026-08-11T08:27:10.386518+00:00
clip_3,99,2,1,2026-08-11T08:35:24.476024+00:00
clip_3,99,3,2,2026-08-11T08:35:24.512434+00:00
clip_3,99,4,1,2026-08-11T08:35:24.522390+00:00
clip_3,99,6,2,2026-08-11T08:35:24.531640+00:00
clip_3,99,8,1,2026-08-11T08:35:24.541062+00:00
clip_3,99,9,2,2026-08-11T08:35:24.550245+00:00
clip_3,99,10,2,2026-08-11T08:35:24.559397+00:00
clip_3,99,13,1,2026-08-11T08:35:24.569061+00:00
clip_3,70,1,2,2026-08-11T08:35:40.480786+00:00
clip_3,70,2,1,2026-08-11T08:35:40.524052+00:00
clip_3,70,3,2,2026-08-11T08:35:40.533659+00:00
clip_3,70,4,1,2026-08-11T08:35:40.543124+00:00
clip_3,70,5,1,2026-08-11T08:35:40.552268+00:00
clip_3,70,6,2,2026-08-11T08:35:40.561503+00:00
clip_3,70,7,1,2026-08-11T08:35:40.570869+00:00
clip_3,70,8,1,2026-08-11T08:35:40.580481+00:00
clip_3,70,9,2,2026-08-11T08:35:40.590112+00:00
clip_3,70,10,2,2026-08-11T08:35:40.599351+00:00
clip_2,110,1,2,2026-08-11T08:35:55.139786+00:00
clip_2,110,2,1,2026-08-11T08:35:55.163156+00:00
clip_2,110,5,2,2026-08-11T08:35:55.173653+00:00
clip_2,110,6,1,2026-08-11T08:35:55.183980+00:00
clip_2,110,7,1,2026-08-11T08:35:55.194251+00:00
clip_2,110,8,2,2026-08-11T08:35:55.203931+00:00
clip_2,110,9,1,2026-08-11T08:35:55.213151+00:00
clip_2,110,10,1,2026-08-11T08:35:55.222645+00:00
clip_2,110,13,2,2026-08-11T08:35:55.232975+00:00
clip_3,88,1,2,2026-08-11T08:36:49.137479+00:00
clip_3,88,2,1,2026-08-11T08:36:49.159691+00:00
clip_3,88,3,2,2026-08-11T08:36:49.170400+00:00
clip_3,88,4,1,2026-08-11T08:36:49.180983+00:00
clip_3,88,5,1,2026-08-11T08:36:49.191679+00:00
clip_3,88,6,2,2026-08-11T08:36:49.201470+00:00
clip_3,88,8,1,2026-08-11T08:36:49.211635+00:00
clip_3,88,9,2,2026-08-11T08:36:49.221569+00:00
clip_3,88,10,2,2026-08-11T08:36:49.231757+00:00
clip_3,89,1,2,2026-08-11T08:37:24.465618+00:00
clip_3,89,2,1,2026-08-11T08:37:24.499408+00:00
clip_3,89,3,unclear,2026-08-11T08:37:24.509679+00:00
clip_3,89,4,unclear,2026-08-11T08:37:24.519327+00:00
clip_3,89,5,1,2026-08-11T08:37:24.529835+00:00
clip_3,89,6,2,2026-08-11T08:37:24.539579+00:00
clip_3,89,9,2,2026-08-11T08:37:24.549322+00:00
clip_3,89,10,2,2026-08-11T08:37:24.559018+00:00
clip_3,115,2,1,2026-08-11T08:37:49.346369+00:00
clip_3,115,3,2,2026-08-11T08:37:49.367197+00:00
clip_3,115,4,1,2026-08-11T08:37:49.377372+00:00
clip_3,115,7,2,2026-08-11T08:37:49.402226+00:00
clip_3,115,8,1,2026-08-11T08:37:49.412857+00:00
clip_3,115,9,2,2026-08-11T08:37:49.423781+00:00
clip_3,115,10,2,2026-08-11T08:37:49.433436+00:00
clip_3,115,13,1,2026-08-11T08:37:49.443930+00:00
clip_2,65,1,2,2026-08-11T08:38:18.887214+00:00
clip_2,65,2,1,2026-08-11T08:38:18.933800+00:00
clip_2,65,3,2,2026-08-11T08:38:18.943651+00:00
clip_2,65,4,2,2026-08-11T08:38:18.953636+00:00
clip_2,65,5,2,2026-08-11T08:38:18.963521+00:00
clip_2,65,6,1,2026-08-11T08:38:18.977823+00:00
clip_2,65,7,1,2026-08-11T08:38:18.986912+00:00
clip_2,65,8,2,2026-08-11T08:38:19.002866+00:00
clip_2,65,9,1,2026-08-11T08:38:19.013133+00:00
clip_2,65,10,1,2026-08-11T08:38:19.023915+00:00
clip_3,237,4,1,2026-08-11T08:38:50.903055+00:00
clip_3,237,7,2,2026-08-11T08:38:50.946209+00:00
clip_3,237,13,2,2026-08-11T08:38:50.956717+00:00
clip_3,237,14,1,2026-08-11T08:38:50.966363+00:00
clip_3,237,15,1,2026-08-11T08:38:50.976129+00:00
clip_3,237,18,2,2026-08-11T08:38:50.986155+00:00
clip_3,237,19,2,2026-08-11T08:38:50.996528+00:00
clip_1,50,2,2,2026-08-11T08:39:07.763239+00:00
clip_1,50,5,1,2026-08-11T08:39:07.797277+00:00
clip_1,50,7,2,2026-08-11T08:39:07.808504+00:00
clip_1,50,8,1,2026-08-11T08:39:07.819297+00:00
clip_1,50,9,2,2026-08-11T08:39:07.834240+00:00
clip_1,50,11,1,2026-08-11T08:39:07.845457+00:00
clip_1,50,12,unclear,2026-08-11T08:39:07.856727+00:00
clip_2,120,1,2,2026-08-11T08:39:40.715789+00:00
clip_2,120,2,1,2026-08-11T08:39:40.766588+00:00
clip_2,120,4,2,2026-08-11T08:39:40.777422+00:00
clip_2,120,5,2,2026-08-11T08:39:40.787463+00:00
clip_2,120,6,1,2026-08-11T08:39:40.798467+00:00
clip_2,120,7,1,2026-08-11T08:39:40.808934+00:00
clip_2,120,8,2,2026-08-11T08:39:40.819876+00:00
clip_2,120,9,1,2026-08-11T08:39:40.830666+00:00
clip_2,120,10,1,2026-08-11T08:39:40.840931+00:00
clip_2,120,13,2,2026-08-11T08:39:40.851637+00:00
clip_1,75,2,2,2026-08-11T08:39:47.070002+00:00
clip_1,75,7,2,2026-08-11T08:39:47.082435+00:00
clip_1,75,8,1,2026-08-11T08:39:47.093825+00:00
clip_1,75,9,2,2026-08-11T08:39:47.104735+00:00
clip_3,45,1,2,2026-08-11T08:40:02.865421+00:00
clip_3,45,2,1,2026-08-11T08:40:02.917664+00:00
clip_3,45,3,2,2026-08-11T08:40:02.928563+00:00
clip_3,45,4,1,2026-08-11T08:40:02.938912+00:00
clip_3,45,5,1,2026-08-11T08:40:02.949515+00:00
clip_3,45,6,2,2026-08-11T08:40:02.960637+00:00
clip_3,45,7,1,2026-08-11T08:40:02.971519+00:00
clip_3,45,8,1,2026-08-11T08:40:02.981779+00:00
clip_3,45,9,2,2026-08-11T08:40:02.991224+00:00
clip_3,45,10,2,2026-08-11T08:40:03.000386+00:00
clip_2,170,4,2,2026-08-11T08:40:13.639685+00:00
clip_2,170,5,2,2026-08-11T08:40:13.682684+00:00
clip_2,170,6,1,2026-08-11T08:40:13.693240+00:00
clip_2,170,7,1,2026-08-11T08:40:13.703646+00:00
clip_2,170,8,2,2026-08-11T08:40:13.714471+00:00
clip_2,170,9,1,2026-08-11T08:40:13.725017+00:00
clip_2,170,13,2,2026-08-11T08:40:13.735422+00:00
clip_3,102,2,1,2026-08-11T08:40:32.751454+00:00
clip_3,102,3,2,2026-08-11T08:40:32.798296+00:00
clip_3,102,4,1,2026-08-11T08:40:32.809506+00:00
clip_3,102,6,unclear,2026-08-11T08:40:32.820793+00:00
clip_3,102,7,2,2026-08-11T08:40:32.832268+00:00
clip_3,102,8,1,2026-08-11T08:40:32.843497+00:00
clip_3,102,9,2,2026-08-11T08:40:32.854256+00:00
clip_3,102,10,2,2026-08-11T08:40:32.864984+00:00
clip_3,102,13,1,2026-08-11T08:40:32.876004+00:00
clip_1,25,1,2,2026-08-11T08:40:56.393314+00:00
clip_1,25,2,2,2026-08-11T08:40:56.443284+00:00
clip_1,25,3,2,2026-08-11T08:40:56.453733+00:00
clip_1,25,4,1,2026-08-11T08:40:56.463783+00:00
clip_1,25,5,1,2026-08-11T08:40:56.473901+00:00
clip_1,25,7,2,2026-08-11T08:40:56.484491+00:00
clip_1,25,8,1,2026-08-11T08:40:56.494553+00:00
clip_1,25,9,2,2026-08-11T08:40:56.506877+00:00
clip_1,25,11,1,2026-08-11T08:40:56.517637+00:00
clip_1,25,12,unclear,2026-08-11T08:40:56.528641+00:00
clip_3,112,2,1,2026-08-11T08:41:08.254773+00:00
clip_3,112,3,2,2026-08-11T08:41:08.310085+00:00
clip_3,112,4,1,2026-08-11T08:41:08.320132+00:00
clip_3,112,7,2,2026-08-11T08:41:08.329727+00:00
clip_3,112,8,1,2026-08-11T08:41:08.340254+00:00
clip_3,112,9,2,2026-08-11T08:41:08.367472+00:00
clip_3,112,10,2,2026-08-11T08:41:08.376511+00:00
clip_3,112,13,1,2026-08-11T08:41:08.385033+00:00
clip_2,45,1,2,2026-08-11T08:41:27.073164+00:00
clip_2,45,2,1,2026-08-11T08:41:27.104099+00:00
clip_2,45,3,2,2026-08-11T08:41:27.113932+00:00
clip_2,45,4,2,2026-08-11T08:41:27.124045+00:00
clip_2,45,5,2,2026-08-11T08:41:27.133706+00:00
clip_2,45,6,1,2026-08-11T08:41:27.143652+00:00
clip_2,45,7,1,2026-08-11T08:41:27.153680+00:00
clip_2,45,8,2,2026-08-11T08:41:27.163625+00:00
clip_2,45,9,1,2026-08-11T08:41:27.173536+00:00
clip_2,45,10,1,2026-08-11T08:41:27.183372+00:00
clip_3,86,1,2,2026-08-11T08:41:47.502695+00:00
clip_3,86,2,1,2026-08-11T08:41:47.528814+00:00
clip_3,86,3,2,2026-08-11T08:41:47.540409+00:00
clip_3,86,4,1,2026-08-11T08:41:47.550367+00:00
clip_3,86,5,1,2026-08-11T08:41:47.560215+00:00
clip_3,86,6,2,2026-08-11T08:41:47.570189+00:00
clip_3,86,8,1,2026-08-11T08:41:47.580404+00:00
clip_3,86,9,2,2026-08-11T08:41:47.590552+00:00
clip_3,86,10,2,2026-08-11T08:41:47.601151+00:00
clip_2,100,1,2,2026-08-11T08:42:02.030570+00:00
clip_2,100,2,1,2026-08-11T08:42:02.057995+00:00
clip_2,100,4,2,2026-08-11T08:42:02.069344+00:00
clip_2,100,5,2,2026-08-11T08:42:02.079773+00:00
clip_2,100,6,1,2026-08-11T08:42:02.090233+00:00
clip_2,100,7,1,2026-08-11T08:42:02.100239+00:00
clip_2,100,8,2,2026-08-11T08:42:02.111124+00:00
clip_2,100,9,1,2026-08-11T08:42:02.121794+00:00
clip_2,100,10,1,2026-08-11T08:42:02.132354+00:00
clip_3,212,2,2,2026-08-11T08:42:16.709246+00:00
clip_3,212,4,1,2026-08-11T08:42:16.721243+00:00
clip_3,212,7,2,2026-08-11T08:42:16.733098+00:00
clip_3,212,14,1,2026-08-11T08:42:16.743905+00:00
clip_3,212,15,1,2026-08-11T08:42:16.755654+00:00
clip_3,212,18,2,2026-08-11T08:42:16.767333+00:00
clip_2,105,1,2,2026-08-11T08:43:06.154290+00:00
clip_2,105,2,1,2026-08-11T08:43:06.176185+00:00
clip_2,105,4,unclear,2026-08-11T08:43:06.195315+00:00
clip_2,105,5,2,2026-08-11T08:43:06.206007+00:00
clip_2,105,6,1,2026-08-11T08:43:06.216735+00:00
clip_2,105,7,1,2026-08-11T08:43:06.227515+00:00
clip_2,105,8,2,2026-08-11T08:43:06.238363+00:00
clip_2,105,9,1,2026-08-11T08:43:06.249038+00:00
clip_2,105,10,1,2026-08-11T08:43:06.260210+00:00
clip_1,60,2,2,2026-08-11T08:43:12.816379+00:00
clip_1,60,7,2,2026-08-11T08:43:12.828777+00:00
clip_1,60,8,1,2026-08-11T08:43:12.839135+00:00
clip_1,60,9,2,2026-08-11T08:43:12.849509+00:00
clip_1,60,11,1,2026-08-11T08:43:12.859853+00:00
clip_3,106,2,1,2026-08-11T08:43:49.305767+00:00
clip_3,106,3,2,2026-08-11T08:43:49.347552+00:00
clip_3,106,4,1,2026-08-11T08:43:49.357917+00:00
clip_3,106,6,unclear,2026-08-11T08:43:49.367970+00:00
clip_3,106,7,2,2026-08-11T08:43:49.377429+00:00
clip_3,106,8,1,2026-08-11T08:43:49.387249+00:00
clip_3,106,9,2,2026-08-11T08:43:49.396094+00:00
clip_3,106,10,2,2026-08-11T08:43:49.404634+00:00
clip_3,106,13,1,2026-08-11T08:43:49.417754+00:00
clip_3,226,4,1,2026-08-11T08:44:05.655451+00:00
clip_3,226,7,2,2026-08-11T08:44:05.693347+00:00
clip_3,226,13,2,2026-08-11T08:44:05.701756+00:00
clip_3,226,14,1,2026-08-11T08:44:05.710077+00:00
clip_3,226,15,1,2026-08-11T08:44:05.718209+00:00
clip_3,226,18,2,2026-08-11T08:44:05.726913+00:00
clip_3,233,4,1,2026-08-11T08:44:17.910272+00:00
clip_3,233,7,2,2026-08-11T08:44:17.948540+00:00
clip_3,233,13,2,2026-08-11T08:44:17.962766+00:00
clip_3,233,14,1,2026-08-11T08:44:17.973743+00:00
clip_3,233,15,1,2026-08-11T08:44:17.984401+00:00
clip_3,233,18,2,2026-08-11T08:44:17.995317+00:00
clip_3,95,2,1,2026-08-11T08:44:38.252567+00:00
clip_3,95,3,2,2026-08-11T08:44:38.293097+00:00
clip_3,95,4,1,2026-08-11T08:44:38.304109+00:00
clip_3,95,5,1,2026-08-11T08:44:38.314496+00:00
clip_3,95,6,2,2026-08-11T08:44:38.323418+00:00
clip_3,95,8,1,2026-08-11T08:44:38.333221+00:00
clip_3,95,9,2,2026-08-11T08:44:38.343864+00:00
clip_3,95,10,2,2026-08-11T08:44:38.354489+00:00
clip_3,95,13,1,2026-08-11T08:44:38.364560+00:00
clip_3,225,4,1,2026-08-11T08:44:53.360037+00:00
clip_3,225,7,2,2026-08-11T08:44:53.399394+00:00
clip_3,225,13,2,2026-08-11T08:44:53.410045+00:00
clip_3,225,14,1,2026-08-11T08:44:53.432617+00:00
clip_3,225,15,1,2026-08-11T08:44:53.443294+00:00
clip_3,225,18,2,2026-08-11T08:44:53.457629+00:00
clip_2,75,1,2,2026-08-11T08:45:11.915033+00:00
clip_2,75,2,1,2026-08-11T08:45:11.949773+00:00
clip_2,75,3,2,2026-08-11T08:45:11.961382+00:00
clip_2,75,4,2,2026-08-11T08:45:11.977000+00:00
clip_2,75,5,2,2026-08-11T08:45:11.987569+00:00
clip_2,75,6,1,2026-08-11T08:45:11.997454+00:00
clip_2,75,7,1,2026-08-11T08:45:12.007599+00:00
clip_2,75,8,2,2026-08-11T08:45:12.018042+00:00
clip_2,75,9,1,2026-08-11T08:45:12.032042+00:00
clip_2,75,10,1,2026-08-11T08:45:12.043176+00:00
clip_3,215,4,1,2026-08-11T08:45:19.280227+00:00
clip_3,215,7,2,2026-08-11T08:45:19.292403+00:00
clip_3,215,14,1,2026-08-11T08:45:19.303070+00:00
clip_3,215,15,1,2026-08-11T08:45:19.313538+00:00
clip_3,96,2,1,2026-08-11T08:45:33.713243+00:00
clip_3,96,3,2,2026-08-11T08:45:33.753764+00:00
clip_3,96,4,1,2026-08-11T08:45:33.764548+00:00
clip_3,96,5,1,2026-08-11T08:45:33.774962+00:00
clip_3,96,6,2,2026-08-11T08:45:33.785327+00:00
clip_3,96,8,1,2026-08-11T08:45:33.795758+00:00
clip_3,96,9,2,2026-08-11T08:45:33.804959+00:00
clip_3,96,10,2,2026-08-11T08:45:33.814697+00:00
clip_3,96,13,1,2026-08-11T08:45:33.825405+00:00
clip_3,229,4,1,2026-08-11T08:45:45.790551+00:00
clip_3,229,7,2,2026-08-11T08:45:45.820339+00:00
clip_3,229,13,2,2026-08-11T08:45:45.831992+00:00
clip_3,229,14,1,2026-08-11T08:45:45.842342+00:00
clip_3,229,15,1,2026-08-11T08:45:45.853034+00:00
clip_3,229,18,2,2026-08-11T08:45:45.863986+00:00
clip_3,229,19,2,2026-08-11T08:45:45.875594+00:00
clip_2,80,1,2,2026-08-11T08:46:13.427632+00:00
clip_2,80,2,1,2026-08-11T08:46:13.449827+00:00
clip_2,80,3,2,2026-08-11T08:46:13.460854+00:00
clip_2,80,4,2,2026-08-11T08:46:13.470514+00:00
clip_2,80,5,2,2026-08-11T08:46:13.480688+00:00
clip_2,80,6,1,2026-08-11T08:46:13.490848+00:00
clip_2,80,7,1,2026-08-11T08:46:13.501344+00:00
clip_2,80,8,2,2026-08-11T08:46:13.512282+00:00
clip_2,80,9,1,2026-08-11T08:46:13.523678+00:00
clip_2,80,10,1,2026-08-11T08:46:13.534368+00:00
clip_1,5,1,2,2026-08-11T08:46:27.784080+00:00
clip_1,5,2,2,2026-08-11T08:46:27.827081+00:00
clip_1,5,3,2,2026-08-11T08:46:27.838722+00:00
clip_1,5,4,1,2026-08-11T08:46:27.849543+00:00
clip_1,5,5,1,2026-08-11T08:46:27.860816+00:00
clip_1,5,6,1,2026-08-11T08:46:27.870617+00:00
clip_1,5,7,unclear,2026-08-11T08:46:27.881483+00:00
clip_1,5,8,1,2026-08-11T08:46:27.895533+00:00
clip_3,60,1,2,2026-08-11T08:46:46.868934+00:00
clip_3,60,2,1,2026-08-11T08:46:46.923174+00:00
clip_3,60,3,2,2026-08-11T08:46:46.933530+00:00
clip_3,60,4,1,2026-08-11T08:46:46.943844+00:00
clip_3,60,5,1,2026-08-11T08:46:46.954301+00:00
clip_3,60,6,2,2026-08-11T08:46:46.964065+00:00
clip_3,60,7,1,2026-08-11T08:46:46.974062+00:00
clip_3,60,8,1,2026-08-11T08:46:46.983824+00:00
clip_3,60,9,2,2026-08-11T08:46:46.993545+00:00
clip_3,60,10,2,2026-08-11T08:46:47.004173+00:00
clip_3,155,2,1,2026-08-11T08:47:01.678554+00:00
clip_3,155,4,1,2026-08-11T08:47:01.723191+00:00
clip_3,155,7,2,2026-08-11T08:47:01.733663+00:00
clip_3,155,9,2,2026-08-11T08:47:01.743584+00:00
clip_3,155,13,1,2026-08-11T08:47:01.753793+00:00
clip_3,155,14,2,2026-08-11T08:47:01.764052+00:00
clip_2,160,1,2,2026-08-11T08:47:22.022238+00:00
clip_2,160,2,1,2026-08-11T08:47:22.059450+00:00
clip_2,160,4,2,2026-08-11T08:47:22.070217+00:00
clip_2,160,5,2,2026-08-11T08:47:22.080453+00:00
clip_2,160,6,1,2026-08-11T08:47:22.090713+00:00
clip_2,160,7,1,2026-08-11T08:47:22.101115+00:00
clip_2,160,8,2,2026-08-11T08:47:22.112006+00:00
clip_2,160,9,1,2026-08-11T08:47:22.122347+00:00
clip_2,160,10,1,2026-08-11T08:47:22.133290+00:00
clip_2,160,13,2,2026-08-11T08:47:22.143854+00:00
clip_3,120,2,1,2026-08-11T08:47:38.328330+00:00
clip_3,120,3,2,2026-08-11T08:47:38.372115+00:00
clip_3,120,4,1,2026-08-11T08:47:38.383454+00:00
clip_3,120,7,2,2026-08-11T08:47:38.394595+00:00
clip_3,120,8,1,2026-08-11T08:47:38.406489+00:00
clip_3,120,9,2,2026-08-11T08:47:38.416590+00:00
clip_3,120,10,2,2026-08-11T08:47:38.427059+00:00
clip_3,120,13,1,2026-08-11T08:47:38.453818+00:00
clip_3,232,4,1,2026-08-11T08:47:52.617381+00:00
clip_3,232,7,2,2026-08-11T08:47:52.656039+00:00
clip_3,232,13,2,2026-08-11T08:47:52.666570+00:00
clip_3,232,14,1,2026-08-11T08:47:52.677238+00:00
clip_3,232,15,1,2026-08-11T08:47:52.688147+00:00
clip_3,232,18,2,2026-08-11T08:47:52.698228+00:00
clip_2,130,1,2,2026-08-11T08:48:09.569483+00:00
clip_2,130,2,1,2026-08-11T08:48:09.611002+00:00
clip_2,130,4,2,2026-08-11T08:48:09.622080+00:00
clip_2,130,5,2,2026-08-11T08:48:09.632854+00:00
clip_2,130,6,1,2026-08-11T08:48:09.644033+00:00
clip_2,130,7,1,2026-08-11T08:48:09.655455+00:00
clip_2,130,8,2,2026-08-11T08:48:09.666785+00:00
clip_2,130,9,1,2026-08-11T08:48:09.678016+00:00
clip_2,130,10,1,2026-08-11T08:48:09.692507+00:00
clip_3,220,4,1,2026-08-11T08:48:24.130035+00:00
clip_3,220,7,2,2026-08-11T08:48:24.171819+00:00
clip_3,220,13,unclear,2026-08-11T08:48:24.183454+00:00
clip_3,220,14,1,2026-08-11T08:48:24.194998+00:00
clip_3,220,15,1,2026-08-11T08:48:24.206491+00:00
clip_3,220,18,2,2026-08-11T08:48:24.216888+00:00
clip_3,238,4,1,2026-08-11T08:48:37.013845+00:00
clip_3,238,7,2,2026-08-11T08:48:37.053087+00:00
clip_3,238,13,2,2026-08-11T08:48:37.063660+00:00
clip_3,238,14,1,2026-08-11T08:48:37.074299+00:00
clip_3,238,15,1,2026-08-11T08:48:37.084733+00:00
clip_3,238,18,2,2026-08-11T08:48:37.095567+00:00
clip_3,238,19,2,2026-08-11T08:48:37.105212+00:00
clip_3,206,2,1,2026-08-11T08:48:53.708152+00:00
clip_3,206,4,1,2026-08-11T08:48:53.754629+00:00
clip_3,206,7,2,2026-08-11T08:48:53.766078+00:00
clip_3,206,14,2,2026-08-11T08:48:53.777012+00:00
clip_3,206,15,1,2026-08-11T08:48:53.788336+00:00
clip_2,155,2,1,2026-08-11T08:49:15.387459+00:00
clip_2,155,4,2,2026-08-11T08:49:15.438267+00:00
clip_2,155,5,2,2026-08-11T08:49:15.451327+00:00
clip_2,155,6,1,2026-08-11T08:49:15.462271+00:00
clip_2,155,7,1,2026-08-11T08:49:15.476294+00:00
clip_2,155,9,1,2026-08-11T08:49:15.489685+00:00
clip_2,155,10,1,2026-08-11T08:49:15.500163+00:00
clip_2,155,13,2,2026-08-11T08:49:15.511164+00:00
clip_1,115,2,1,2026-08-11T08:49:29.545598+00:00
clip_1,115,7,2,2026-08-11T08:49:29.588711+00:00
clip_1,115,11,2,2026-08-11T08:49:29.599658+00:00
clip_1,115,13,1,2026-08-11T08:49:29.609719+00:00
clip_1,35,2,2,2026-08-11T08:50:08.980296+00:00
clip_1,35,3,2,2026-08-11T08:50:09.021740+00:00
clip_1,35,5,1,2026-08-11T08:50:09.032991+00:00
clip_1,35,7,2,2026-08-11T08:50:09.043616+00:00
clip_1,35,8,1,2026-08-11T08:50:09.054811+00:00
clip_1,35,9,2,2026-08-11T08:50:09.066452+00:00
clip_1,35,11,1,2026-08-11T08:50:09.076900+00:00
clip_1,40,2,2,2026-08-11T08:50:24.315592+00:00
clip_1,40,5,1,2026-08-11T08:50:24.342519+00:00
clip_1,40,7,2,2026-08-11T08:50:24.353238+00:00
clip_1,40,8,1,2026-08-11T08:50:24.364705+00:00
clip_1,40,9,2,2026-08-11T08:50:24.375671+00:00
clip_1,40,11,1,2026-08-11T08:50:24.390092+00:00
clip_3,125,2,1,2026-08-11T08:50:36.666160+00:00
clip_3,125,3,2,2026-08-11T08:50:36.706874+00:00
clip_3,125,4,1,2026-08-11T08:50:36.717670+00:00
clip_3,125,7,2,2026-08-11T08:50:36.727808+00:00
clip_3,125,8,1,2026-08-11T08:50:36.737284+00:00
clip_3,125,9,2,2026-08-11T08:50:36.747428+00:00
clip_3,125,10,2,2026-08-11T08:50:36.757330+00:00
clip_3,125,13,1,2026-08-11T08:50:36.766819+00:00
clip_3,228,4,1,2026-08-11T08:50:46.392518+00:00
clip_3,228,7,2,2026-08-11T08:50:46.404486+00:00
clip_3,228,13,2,2026-08-11T08:50:46.415562+00:00
clip_3,228,14,1,2026-08-11T08:50:46.427539+00:00
clip_3,228,15,1,2026-08-11T08:50:46.437914+00:00
clip_3,228,18,2,2026-08-11T08:50:46.449033+00:00
clip_3,228,19,2,2026-08-11T08:50:46.459843+00:00
clip_1,110,2,unclear,2026-08-11T08:50:57.781052+00:00
clip_1,110,7,2,2026-08-11T08:50:57.817668+00:00
clip_1,110,8,1,2026-08-11T08:50:57.828643+00:00
clip_1,110,9,2,2026-08-11T08:50:57.838903+00:00
clip_1,110,13,1,2026-08-11T08:50:57.849626+00:00
clip_3,216,4,1,2026-08-11T08:51:11.238839+00:00
clip_3,216,7,2,2026-08-11T08:51:11.282342+00:00
clip_3,216,14,1,2026-08-11T08:51:11.293664+00:00
clip_3,216,15,1,2026-08-11T08:51:11.303724+00:00
clip_3,216,18,2,2026-08-11T08:51:11.315040+00:00
clip_2,10,1,2,2026-08-11T08:52:15.257903+00:00
clip_2,10,2,1,2026-08-11T08:52:15.281786+00:00
clip_2,10,3,2,2026-08-11T08:52:15.292387+00:00
clip_2,10,4,2,2026-08-11T08:52:15.310854+00:00
clip_2,10,5,2,2026-08-11T08:52:15.321921+00:00
clip_2,10,6,1,2026-08-11T08:52:15.332637+00:00
clip_2,10,7,1,2026-08-11T08:52:15.344166+00:00
clip_2,10,8,2,2026-08-11T08:52:15.355005+00:00
clip_2,10,9,1,2026-08-11T08:52:15.366756+00:00
clip_2,10,10,1,2026-08-11T08:52:15.377987+00:00
clip_2,10,12,unclear,2026-08-11T08:52:15.389009+00:00
clip_2,55,1,2,2026-08-11T08:52:36.309726+00:00
clip_2,55,2,1,2026-08-11T08:52:36.347541+00:00
clip_2,55,3,2,2026-08-11T08:52:36.357191+00:00
clip_2,55,4,2,2026-08-11T08:52:36.367366+00:00
clip_2,55,5,2,2026-08-11T08:52:36.377174+00:00
clip_2,55,6,1,2026-08-11T08:52:36.387238+00:00
clip_2,55,7,1,2026-08-11T08:52:36.397865+00:00
clip_2,55,9,1,2026-08-11T08:52:36.415335+00:00
clip_2,55,10,1,2026-08-11T08:52:36.424924+00:00
clip_2,165,1,unclear,2026-08-11T08:53:18.414786+00:00
clip_2,165,4,2,2026-08-11T08:53:18.427072+00:00
clip_2,165,5,2,2026-08-11T08:53:18.437389+00:00
clip_2,165,6,1,2026-08-11T08:53:18.447685+00:00
clip_2,165,7,unclear,2026-08-11T08:53:18.459161+00:00
clip_2,165,8,2,2026-08-11T08:53:18.468443+00:00
clip_2,165,9,1,2026-08-11T08:53:18.477197+00:00
clip_2,165,10,1,2026-08-11T08:53:18.486240+00:00
clip_2,165,13,unclear,2026-08-11T08:53:18.495345+00:00
clip_3,15,1,2,2026-08-11T08:53:43.996434+00:00
clip_3,15,2,unclear,2026-08-11T08:53:44.012618+00:00
clip_3,15,3,unclear,2026-08-11T08:53:44.023134+00:00
clip_3,15,4,1,2026-08-11T08:53:44.032585+00:00
clip_3,15,5,1,2026-08-11T08:53:44.042764+00:00
clip_3,15,6,2,2026-08-11T08:53:44.053120+00:00
clip_3,15,7,1,2026-08-11T08:53:44.063531+00:00
clip_3,15,8,1,2026-08-11T08:53:44.073756+00:00
clip_3,15,9,2,2026-08-11T08:53:44.083932+00:00
clip_3,15,10,2,2026-08-11T08:53:44.093734+00:00
clip_3,55,1,2,2026-08-11T08:54:03.406458+00:00
clip_3,55,2,1,2026-08-11T08:54:03.432774+00:00
clip_3,55,3,2,2026-08-11T08:54:03.443109+00:00
clip_3,55,4,1,2026-08-11T08:54:03.454374+00:00
clip_3,55,5,1,2026-08-11T08:54:03.467192+00:00
clip_3,55,6,2,2026-08-11T08:54:03.477405+00:00
clip_3,55,7,1,2026-08-11T08:54:03.488154+00:00
clip_3,55,8,1,2026-08-11T08:54:03.503143+00:00
clip_3,55,9,2,2026-08-11T08:54:03.514322+00:00
clip_3,55,10,2,2026-08-11T08:54:03.528912+00:00
clip_1,30,2,2,2026-08-11T08:54:22.612877+00:00
clip_1,30,3,2,2026-08-11T08:54:22.660173+00:00
clip_1,30,4,1,2026-08-11T08:54:22.670662+00:00
clip_1,30,5,1,2026-08-11T08:54:22.681130+00:00
clip_1,30,7,2,2026-08-11T08:54:22.691791+00:00
clip_1,30,8,1,2026-08-11T08:54:22.702522+00:00
clip_1,30,11,1,2026-08-11T08:54:22.712595+00:00
clip_1,30,12,unclear,2026-08-11T08:54:22.723020+00:00
clip_2,20,1,2,2026-08-11T08:54:41.643195+00:00
clip_2,20,2,1,2026-08-11T08:54:41.682266+00:00
clip_2,20,3,2,2026-08-11T08:54:41.693160+00:00
clip_2,20,4,2,2026-08-11T08:54:41.703476+00:00
clip_2,20,5,2,2026-08-11T08:54:41.713711+00:00
clip_2,20,6,1,2026-08-11T08:54:41.724593+00:00
clip_2,20,7,1,2026-08-11T08:54:41.739305+00:00
clip_2,20,8,2,2026-08-11T08:54:41.750196+00:00
clip_2,20,9,1,2026-08-11T08:54:41.775191+00:00
clip_2,20,10,1,2026-08-11T08:54:41.784816+00:00
clip_3,240,4,1,2026-08-11T08:54:58.191847+00:00
clip_3,240,7,2,2026-08-11T08:54:58.238983+00:00
clip_3,240,13,2,2026-08-11T08:54:58.249422+00:00
clip_3,240,14,1,2026-08-11T08:54:58.258830+00:00
clip_3,240,15,1,2026-08-11T08:54:58.269491+00:00
clip_3,240,18,2,2026-08-11T08:54:58.279675+00:00
clip_3,240,19,2,2026-08-11T08:54:58.290062+00:00
