clip,frame,keypoint_index,confident_count,residual_m,residual_px,dlt_conditioning
clip_1,0,0,7,0.071715,1.295654,1.438473e-01
clip_1,0,1,7,0.062792,1.801155,1.464803e-01
clip_1,0,2,7,0.023259,0.508778,1.371269e-01
clip_1,0,3,7,0.040934,0.939526,1.222857e-01
clip_1,0,4,7,0.096837,2.683707,1.952324e-01
clip_1,1,0,7,0.076968,1.403364,1.439621e-01
clip_1,1,1,7,0.068752,1.989973,1.466716e-01
clip_1,1,2,7,0.027613,0.602719,1.372067e-01
clip_1,1,3,7,0.043967,0.976425,1.224158e-01
clip_1,1,4,7,0.103956,2.976296,1.949265e-01
clip_1,2,0,7,0.079270,1.448240,1.437887e-01
clip_1,2,1,7,0.071462,2.097177,1.465306e-01
clip_1,2,2,7,0.027744,0.590789,1.371221e-01
clip_1,2,3,7,0.041543,0.935209,1.223060e-01
clip_1,2,4,7,0.100385,2.981657,1.943822e-01
clip_1,3,0,7,0.063924,0.905502,1.414045e-01
clip_1,3,1,7,0.022531,0.625351,1.435444e-01
clip_1,3,2,7,0.111302,2.267900,1.369562e-01
clip_1,3,3,7,0.132454,2.898179,1.201419e-01
clip_1,3,4,7,0.208036,7.499699,1.922117e-01
clip_1,4,0,7,0.053986,0.770390,1.428607e-01
clip_1,4,1,7,0.018128,0.656382,1.449850e-01
clip_1,4,2,7,0.106217,2.165163,1.381463e-01
clip_1,4,3,7,0.130482,2.991718,1.209770e-01
clip_1,4,4,7,0.201193,6.692574,1.925212e-01
clip_1,5,0,6,0.082931,1.718276,1.991677e-01
clip_1,5,1,6,0.070343,1.922613,2.116162e-01
clip_1,5,2,6,0.023968,0.482829,1.443638e-01
clip_1,5,3,6,0.010120,0.610923,1.702841e-01
clip_1,6,0,7,0.047459,0.797958,1.431352e-01
clip_1,6,1,7,0.017770,0.445304,1.451501e-01
clip_1,6,2,7,0.089477,1.797603,1.384812e-01
clip_1,6,3,7,0.125732,3.322223,1.209790e-01
clip_1,6,4,7,0.189911,5.460642,1.927566e-01
clip_1,7,0,6,0.048145,0.716169,1.966966e-01
clip_1,7,1,6,0.016393,0.600539,2.082843e-01
clip_1,7,2,6,0.077231,1.539495,1.444099e-01
clip_1,7,3,6,0.125207,4.122144,1.712572e-01
clip_1,8,0,6,0.092995,1.548020,1.975048e-01
clip_1,8,1,6,0.060575,1.303035,2.093471e-01
clip_1,8,2,6,0.031179,1.061174,1.445535e-01
clip_1,8,3,6,0.075561,4.277730,1.715183e-01
clip_1,9,0,6,0.041533,0.730379,1.964019e-01
clip_1,9,1,6,0.011634,0.498271,2.078526e-01
clip_1,9,2,6,0.075124,1.685305,1.440997e-01
clip_1,9,3,6,0.116656,4.690999,1.713240e-01
clip_1,10,0,6,0.035380,0.669247,1.981846e-01
clip_1,10,1,6,0.008541,0.494389,2.096597e-01
clip_1,10,2,6,0.076282,1.674304,1.450566e-01
clip_1,10,3,6,0.116292,4.501900,1.708175e-01
clip_1,11,0,6,0.032880,0.734299,1.977531e-01
clip_1,11,1,6,0.008507,0.552176,2.091602e-01
clip_1,11,2,6,0.078352,1.750972,1.447186e-01
clip_1,11,3,6,0.117461,4.720304,1.706155e-01
clip_1,12,0,6,0.029749,0.793311,1.983299e-01
clip_1,12,1,6,0.010236,0.665177,2.096922e-01
clip_1,12,2,6,0.076818,1.688998,1.448770e-01
clip_1,12,3,6,0.114031,4.512095,1.705311e-01
clip_1,13,0,6,0.032190,0.770283,1.986207e-01
clip_1,13,1,6,0.010333,0.675545,2.099903e-01
clip_1,13,2,6,0.077531,1.670761,1.449647e-01
clip_1,13,3,6,0.116601,4.444526,1.706476e-01
clip_1,14,0,7,0.039793,0.553203,5.148989e-02
clip_1,14,1,7,0.013256,0.767249,5.769611e-02
clip_1,14,2,7,0.062051,1.105435,5.449350e-02
clip_1,14,3,7,0.181752,6.045776,5.833233e-02
clip_1,14,7,7,0.379183,21.505646,1.937935e-01
clip_1,14,8,7,0.116284,2.971128,5.744054e-02
clip_1,14,9,7,0.216115,8.909873,2.558992e-02
clip_1,15,0,7,0.043519,0.637842,5.208556e-02
clip_1,15,1,7,0.015369,0.766415,5.837475e-02
clip_1,15,2,7,0.060994,1.211232,5.509867e-02
clip_1,15,3,7,0.181540,5.439056,5.896637e-02
clip_1,15,7,7,0.394974,23.245561,1.952547e-01
clip_1,15,8,7,0.117271,3.126164,5.807618e-02
clip_1,15,9,7,0.222221,8.974127,2.591153e-02
clip_1,16,0,8,0.064569,3.349193,8.842076e-02
clip_1,16,1,8,0.030037,1.697428,9.524228e-02
clip_1,16,2,8,0.028054,1.391987,1.100426e-01
clip_1,16,3,8,0.187211,11.826473,6.189488e-02
clip_1,16,6,8,0.325878,24.896648,5.914749e-02
clip_1,16,7,8,0.416702,6.471524,4.342446e-02
clip_1,16,8,8,0.104193,6.080914,9.540232e-02
clip_1,16,9,8,0.169970,13.632991,8.879262e-02
clip_1,17,0,8,0.040063,1.844477,8.840101e-02
clip_1,17,1,8,0.011751,0.739059,9.521839e-02
clip_1,17,2,8,0.025899,1.150440,1.101237e-01
clip_1,17,3,8,0.163219,10.944262,6.207366e-02
clip_1,17,6,8,0.236703,13.059767,5.886705e-02
clip_1,17,7,8,0.378336,6.218298,4.344264e-02
clip_1,17,8,8,0.091385,3.532543,9.556113e-02
clip_1,17,9,8,0.137744,10.872046,8.889509e-02
clip_1,18,0,8,0.031288,1.759361,8.941922e-02
clip_1,18,1,8,0.018093,0.880063,9.638770e-02
clip_1,18,2,8,0.032920,1.937589,1.114557e-01
clip_1,18,3,8,0.135659,9.253313,6.287384e-02
clip_1,18,6,8,0.274663,12.156040,5.924105e-02
clip_1,18,7,8,0.311461,4.971767,4.406332e-02
clip_1,18,8,8,0.079784,3.671608,9.672325e-02
clip_1,18,9,8,0.139342,10.820320,8.998646e-02
clip_1,19,0,7,0.031540,0.602191,6.389287e-02
clip_1,19,1,7,0.004497,0.154538,7.203061e-02
clip_1,19,2,7,0.199465,13.529274,5.683203e-02
clip_1,19,6,7,0.359739,14.928000,5.816751e-02
clip_1,19,7,7,0.302169,15.812852,3.777129e-02
clip_1,19,8,7,0.074303,3.233358,6.313329e-02
clip_1,19,9,7,0.149325,8.238582,5.465913e-02
clip_1,20,0,7,0.022887,0.444880,6.519299e-02
clip_1,20,1,7,0.014790,0.546403,7.361973e-02
clip_1,20,2,7,0.196040,13.263435,5.802268e-02
clip_1,20,6,7,0.330109,12.767639,5.948893e-02
clip_1,20,7,7,0.314724,15.401344,3.854458e-02
clip_1,20,8,7,0.078137,3.712193,6.443605e-02
clip_1,20,9,7,0.145157,8.303451,5.577219e-02
clip_1,21,0,7,0.021565,0.773027,6.478288e-02
clip_1,21,1,7,0.007682,0.406212,7.316715e-02
clip_1,21,2,7,0.200629,13.760809,5.779852e-02
clip_1,21,6,7,0.406165,18.547072,5.881192e-02
clip_1,21,7,7,0.354193,21.368064,3.839518e-02
clip_1,21,8,7,0.081910,3.462797,6.416373e-02
clip_1,21,9,7,0.154797,8.109625,5.554827e-02
clip_1,22,0,7,0.022295,1.412640,6.448526e-02
clip_1,22,1,7,0.003620,0.087611,7.292749e-02
clip_1,22,2,7,0.196413,13.604909,5.763628e-02
clip_1,22,6,7,0.460937,24.342204,5.842134e-02
clip_1,22,7,7,0.383661,25.264087,3.825054e-02
clip_1,22,8,7,0.082087,2.553599,6.407058e-02
clip_1,22,9,7,0.154648,7.298152,5.541163e-02
clip_1,23,0,7,0.024195,1.565366,6.435903e-02
clip_1,23,1,7,0.005086,0.272253,7.284382e-02
clip_1,23,2,7,0.205068,14.280997,5.733100e-02
clip_1,23,6,7,0.525965,27.967614,5.838304e-02
clip_1,23,7,7,0.432343,29.789594,3.806547e-02
clip_1,23,8,7,0.083645,2.801843,6.395686e-02
clip_1,23,9,7,0.166916,7.558721,5.539981e-02
clip_1,24,0,7,0.022802,1.087415,6.438696e-02
clip_1,24,1,7,0.031430,1.063490,7.305975e-02
clip_1,24,2,7,0.212255,14.836508,5.737495e-02
clip_1,24,6,7,0.549997,27.045291,5.848056e-02
clip_1,24,7,7,0.469145,32.944234,3.817121e-02
clip_1,24,8,7,0.081767,3.948390,6.397456e-02
clip_1,24,9,7,0.176406,8.411105,5.554979e-02
clip_1,25,0,7,0.051151,1.935236,6.377494e-02
clip_1,25,1,7,0.042695,1.125685,7.258806e-02
clip_1,25,2,7,0.182053,12.865424,5.717223e-02
clip_1,25,6,7,0.556172,30.924160,5.801415e-02
clip_1,25,7,7,0.517257,37.538147,3.798830e-02
clip_1,25,8,7,0.079082,3.032400,6.356853e-02
clip_1,25,9,7,0.159401,6.531260,5.503235e-02
clip_1,26,0,6,0.066839,1.896466,6.656600e-02
clip_1,26,1,6,0.088882,4.691788,7.287923e-02
clip_1,26,6,6,1.147894,69.405373,4.156845e-02
clip_1,26,7,6,1.280809,104.576619,1.708534e-02
clip_1,26,8,6,0.116055,7.235385,5.560424e-02
clip_1,26,9,6,0.242525,8.088057,1.745800e-02
clip_1,27,0,6,0.094437,2.051122,6.594821e-02
clip_1,27,1,6,0.102166,4.457675,7.232276e-02
clip_1,27,6,6,1.241593,74.684796,4.117466e-02
clip_1,27,7,6,1.553325,129.791019,1.712293e-02
clip_1,27,8,6,0.115953,7.095219,5.518062e-02
clip_1,27,9,6,0.232288,6.469418,1.740407e-02
clip_1,28,0,6,0.115794,2.325891,6.599957e-02
clip_1,28,1,6,0.101929,3.606874,7.243022e-02
clip_1,28,6,6,1.340227,82.537557,4.101708e-02
clip_1,28,7,6,1.636256,138.607620,1.711397e-02
clip_1,28,8,6,0.116684,6.164322,5.540603e-02
clip_1,28,9,6,0.211437,5.690255,1.725445e-02
clip_1,29,0,6,0.215718,3.190146,6.564585e-02
clip_1,29,1,6,0.149225,2.627360,7.208309e-02
clip_1,29,6,6,1.805643,112.201948,4.025113e-02
clip_1,29,7,6,2.333130,223.639307,1.674991e-02
clip_1,29,8,6,0.144634,4.343137,5.552688e-02
clip_1,29,9,6,0.299675,22.102371,1.668140e-02
clip_1,30,0,5,0.977785,20.568600,7.471581e-02
clip_1,30,6,5,1.506864,104.487364,4.264549e-02
clip_1,30,7,5,30.619726,240.396038,6.205990e-03
clip_1,30,8,5,0.204847,4.225489,7.168022e-02
clip_1,30,9,5,0.899991,55.779180,1.128897e-02
clip_1,31,0,5,0.676460,10.457052,7.610040e-02
clip_1,31,6,5,1.022762,85.122485,4.387229e-02
clip_1,31,7,5,114.220479,286.700057,6.293773e-03
clip_1,31,8,5,0.189793,6.499250,7.467237e-02
clip_1,31,9,5,1.152838,62.635994,1.121527e-02
clip_1,58,6,5,1.066655,76.841039,4.431145e-02
clip_1,58,7,5,4.759729,120.510538,6.664240e-03
clip_1,58,15,5,0.691457,17.555237,7.699129e-02
clip_1,58,16,5,0.129250,2.926772,7.291066e-02
clip_1,58,17,5,0.354955,27.410869,1.252744e-02
clip_1,59,6,6,1.343970,80.931117,4.125817e-02
clip_1,59,7,6,2.667348,282.924993,1.586329e-02
clip_1,59,14,6,0.145588,2.655107,7.229190e-02
clip_1,59,15,6,0.182795,6.443595,6.659436e-02
clip_1,59,16,6,0.136002,9.840525,5.514926e-02
clip_1,59,17,6,0.200991,7.549528,1.721759e-02
clip_1,60,6,6,1.394722,73.118719,4.105617e-02
clip_1,60,7,6,2.543153,271.658619,1.697587e-02
clip_1,60,14,6,0.164087,6.734155,7.132350e-02
clip_1,60,15,6,0.109697,3.022327,6.519968e-02
clip_1,60,16,6,0.202858,15.138709,5.376977e-02
clip_1,60,17,6,0.401591,22.336672,1.834840e-02
clip_1,61,6,6,0.340942,13.409068,4.207609e-02
clip_1,61,7,6,0.838803,55.739123,1.710068e-02
clip_1,61,14,6,0.080722,5.184266,7.417364e-02
clip_1,61,15,6,0.008330,0.532368,6.795676e-02
clip_1,61,16,6,0.090576,6.502539,5.649820e-02
clip_1,61,17,6,0.261647,19.750364,1.778851e-02
clip_1,62,6,6,0.398575,14.201808,4.227379e-02
clip_1,62,7,6,0.662844,45.620472,1.712078e-02
clip_1,62,14,6,0.103440,6.863402,7.400684e-02
clip_1,62,15,6,0.042944,0.978638,6.786573e-02
clip_1,62,16,6,0.121526,8.603544,5.614421e-02
clip_1,62,17,6,0.358115,28.171519,1.803969e-02
clip_1,63,6,6,0.412666,14.606231,4.194936e-02
clip_1,63,7,6,0.495993,35.484297,1.697312e-02
clip_1,63,14,6,0.115543,7.554938,7.324986e-02
clip_1,63,15,6,0.061726,1.495586,6.716817e-02
clip_1,63,16,6,0.126839,9.014121,5.552555e-02
clip_1,63,17,6,0.387704,30.919104,1.789842e-02
clip_1,64,6,6,0.515675,20.447030,4.133283e-02
clip_1,64,7,6,0.334800,24.361348,1.667163e-02
clip_1,64,14,6,0.125925,7.930268,7.206467e-02
clip_1,64,15,6,0.080116,2.020130,6.610231e-02
clip_1,64,16,6,0.130169,9.486597,5.459793e-02
clip_1,64,17,6,0.403302,30.903860,1.755843e-02
clip_1,65,6,6,0.612127,28.999065,4.095724e-02
clip_1,65,7,6,0.355697,13.533795,1.652915e-02
clip_1,65,14,6,0.130520,7.913192,7.151632e-02
clip_1,65,15,6,0.088871,2.712661,6.557082e-02
clip_1,65,16,6,0.122912,8.996914,5.427846e-02
clip_1,65,17,6,0.388458,28.064837,1.725925e-02
clip_1,66,6,7,0.943230,49.418763,5.560441e-02
clip_1,66,7,7,0.664477,52.273068,3.550376e-02
clip_1,66,13,7,0.305101,20.623743,5.329559e-02
clip_1,66,14,7,0.140257,2.744869,6.871330e-02
clip_1,66,15,7,0.137218,3.107073,6.147748e-02
clip_1,66,16,7,0.115973,5.736009,6.040938e-02
clip_1,66,17,7,0.273396,11.630249,5.290511e-02
clip_1,67,6,7,0.930644,51.450883,5.587107e-02
clip_1,67,7,7,0.698113,54.787266,3.564795e-02
clip_1,67,13,7,0.291225,19.784188,5.364743e-02
clip_1,67,14,7,0.129521,2.180898,6.898687e-02
clip_1,67,15,7,0.121458,3.045346,6.168753e-02
clip_1,67,16,7,0.125191,5.005191,6.073754e-02
clip_1,67,17,7,0.262860,10.305836,5.303454e-02
clip_1,68,6,7,0.891976,52.999550,5.601648e-02
clip_1,68,7,7,0.695453,54.235229,3.582524e-02
clip_1,68,13,7,0.271759,18.566957,5.407066e-02
clip_1,68,14,7,0.123502,1.904398,6.921548e-02
clip_1,68,15,7,0.109932,3.345818,6.185226e-02
clip_1,68,16,7,0.135821,3.852776,6.107689e-02
clip_1,68,17,7,0.245865,8.836449,5.311912e-02
clip_1,69,6,7,1.460868,69.988552,5.459536e-02
clip_1,69,7,7,1.320468,118.102544,3.533173e-02
clip_1,69,13,7,0.405458,26.687393,5.247732e-02
clip_1,69,14,7,0.134898,2.650817,6.866250e-02
clip_1,69,15,7,0.144770,3.788821,6.002207e-02
clip_1,69,16,7,0.168163,12.175856,5.942820e-02
clip_1,69,17,7,0.368828,15.506381,5.283662e-02
clip_1,70,7,6,2.364328,100.262073,1.718132e-01
clip_1,70,13,6,0.256908,14.021484,4.011411e-02
clip_1,70,14,6,0.046685,0.755674,5.546981e-02
clip_1,70,15,6,0.121747,5.832811,4.780954e-02
clip_1,70,16,6,0.202980,7.949674,5.289098e-02
clip_1,70,17,6,0.731643,21.640518,1.631172e-02
clip_1,71,6,7,1.021617,71.086742,5.555132e-02
clip_1,71,7,7,1.009390,81.466096,3.614865e-02
clip_1,71,13,7,0.199281,13.898797,5.493166e-02
clip_1,71,14,7,0.052988,1.089103,6.957382e-02
clip_1,71,15,7,0.093503,6.031654,6.130618e-02
clip_1,71,16,7,0.208097,4.134080,6.157844e-02
clip_1,71,17,7,0.235968,5.881306,5.301441e-02
clip_1,72,7,7,1.702823,67.637173,1.929562e-01
clip_1,72,12,7,0.128999,8.627304,5.575378e-02
clip_1,72,13,7,0.066304,1.789258,5.135215e-02
clip_1,72,14,7,0.031656,1.157134,5.512152e-02
clip_1,72,15,7,0.062308,3.548988,4.895436e-02
clip_1,72,16,7,0.232124,6.967748,5.488151e-02
clip_1,72,17,7,0.193429,13.233452,2.549485e-02
clip_1,73,7,7,1.886429,74.458016,1.935371e-01
clip_1,73,12,7,0.135625,9.326554,5.584024e-02
clip_1,73,13,7,0.079108,1.857027,5.152953e-02
clip_1,73,14,7,0.037885,1.351368,5.526136e-02
clip_1,73,15,7,0.067454,3.413525,4.911312e-02
clip_1,73,16,7,0.251065,7.252241,5.505045e-02
clip_1,73,17,7,0.211007,13.367791,2.550017e-02
clip_1,74,12,6,0.118769,7.555711,1.701833e-01
clip_1,74,13,6,0.045563,2.398088,1.399971e-01
clip_1,74,14,6,0.023843,0.387676,2.084869e-01
clip_1,74,15,6,0.033082,1.717397,1.957628e-01
clip_1,75,12,6,0.123049,7.521650,1.707369e-01
clip_1,75,13,6,0.048062,2.435296,1.405024e-01
clip_1,75,14,6,0.020517,0.411588,2.090248e-01
clip_1,75,15,6,0.027733,1.543611,1.964293e-01
clip_1,76,6,7,2.060745,101.917570,1.907886e-01
clip_1,76,12,7,0.597676,27.099987,3.609387e-02
clip_1,76,13,7,0.032828,2.358354,3.323167e-02
clip_1,76,14,7,0.107470,4.568907,4.436905e-02
clip_1,76,15,7,0.100681,4.952720,4.144188e-02
clip_1,76,16,7,0.352958,20.779980,3.310341e-02
clip_1,76,17,7,0.333462,13.489357,3.164128e-02
clip_1,77,12,6,0.198993,8.161353,1.697530e-01
clip_1,77,13,6,0.100789,3.043280,1.394055e-01
clip_1,77,14,6,0.065228,1.652315,2.058346e-01
clip_1,77,15,6,0.053615,1.086957,1.925227e-01
clip_1,78,12,6,0.184839,8.045134,1.696629e-01
clip_1,78,13,6,0.087269,2.987523,1.399360e-01
clip_1,78,14,6,0.049344,1.780532,2.064588e-01
clip_1,78,15,6,0.033165,0.688324,1.933384e-01
clip_1,79,12,6,0.153135,7.564351,1.691038e-01
clip_1,79,13,6,0.066135,2.731354,1.400592e-01
clip_1,79,14,6,0.038561,1.625528,2.062065e-01
clip_1,79,15,6,0.025525,0.540031,1.932858e-01
clip_1,80,12,6,0.068504,5.766961,1.702255e-01
clip_1,80,13,6,0.021255,1.636081,1.419720e-01
clip_1,80,14,6,0.040172,0.955373,2.078054e-01
clip_1,80,15,6,0.059674,1.742031,1.955939e-01
clip_1,81,12,6,0.069437,4.333773,1.684026e-01
clip_1,81,13,6,0.046104,1.445866,1.408163e-01
clip_1,81,14,6,0.008487,0.559976,2.065111e-01
clip_1,81,15,6,0.025495,0.958523,1.945834e-01
clip_1,82,12,6,0.099578,5.829278,1.708729e-01
clip_1,82,13,6,0.048865,1.584898,1.435244e-01
clip_1,82,14,6,0.058435,1.722527,2.092479e-01
clip_1,82,15,6,0.095688,2.053338,1.970890e-01
clip_1,83,12,6,0.114293,5.996240,1.705391e-01
clip_1,83,13,6,0.060156,1.701623,1.435105e-01
clip_1,83,14,6,0.056102,1.875201,2.090739e-01
clip_1,83,15,6,0.095289,2.131392,1.969368e-01
clip_1,84,12,6,0.132857,5.404358,1.708245e-01
clip_1,84,13,6,0.066503,1.516450,1.443941e-01
clip_1,84,14,6,0.069899,2.361013,2.102780e-01
clip_1,84,15,6,0.113983,2.313537,1.980747e-01
clip_1,85,12,6,0.146518,5.118931,1.709677e-01
clip_1,85,13,6,0.073308,1.512721,1.450495e-01
clip_1,85,14,6,0.072221,2.556386,2.111673e-01
clip_1,85,15,6,0.117666,2.329824,1.989865e-01
clip_1,86,12,6,0.149383,5.127401,1.707694e-01
clip_1,86,13,6,0.075106,1.532933,1.449298e-01
clip_1,86,14,6,0.072742,2.682261,2.110267e-01
clip_1,86,15,6,0.118020,2.406025,1.988292e-01
clip_1,87,12,6,0.151285,4.640133,1.714983e-01
clip_1,87,13,6,0.070762,1.365418,1.452002e-01
clip_1,87,14,6,0.083067,2.887774,2.109581e-01
clip_1,87,15,6,0.130225,2.471779,1.987841e-01
clip_1,88,12,6,0.171265,7.201108,1.690307e-01
clip_1,88,13,6,0.121057,2.879609,1.415264e-01
clip_1,88,14,6,0.023961,0.877466,2.061946e-01
clip_1,88,15,6,0.022638,1.006471,1.944603e-01
clip_1,89,11,7,0.035579,1.914378,1.911950e-01
clip_1,89,12,7,0.072380,2.969534,1.211807e-01
clip_1,89,13,7,0.098635,2.644092,1.373365e-01
clip_1,89,14,7,0.015566,0.556075,1.448624e-01
clip_1,89,15,7,0.029834,0.891683,1.427001e-01
clip_1,90,11,7,0.051070,3.426645,1.917953e-01
clip_1,90,12,7,0.074669,2.549536,1.213582e-01
clip_1,90,13,7,0.107034,2.787078,1.374820e-01
clip_1,90,14,7,0.013030,0.286988,1.450533e-01
clip_1,90,15,7,0.035018,0.831181,1.429211e-01
clip_1,91,11,7,0.047070,3.579652,1.916988e-01
clip_1,91,12,7,0.070505,2.411404,1.214795e-01
clip_1,91,13,7,0.105350,2.903357,1.374948e-01
clip_1,91,14,7,0.007418,0.123459,1.451707e-01
clip_1,91,15,7,0.041339,0.844351,1.430145e-01
clip_1,92,11,7,0.042261,3.741339,1.932840e-01
clip_1,92,12,7,0.060667,2.029197,1.212187e-01
clip_1,92,13,7,0.098576,2.939397,1.371878e-01
clip_1,92,14,7,0.005747,0.230395,1.447028e-01
clip_1,92,15,7,0.042355,0.820000,1.426144e-01
clip_1,93,11,7,0.036191,3.506843,1.936764e-01
clip_1,93,12,7,0.048596,1.668856,1.204477e-01
clip_1,93,13,7,0.084812,2.817617,1.362789e-01
clip_1,93,14,7,0.005550,0.389208,1.435347e-01
clip_1,93,15,7,0.041096,0.782937,1.415017e-01
clip_1,94,11,7,0.027811,2.770021,1.931970e-01
clip_1,94,12,7,0.045343,1.786132,1.207024e-01
clip_1,94,13,7,0.077153,2.674479,1.365362e-01
clip_1,94,14,7,0.005578,0.117164,1.439819e-01
clip_1,94,15,7,0.045638,0.931936,1.418465e-01
clip_1,95,11,7,0.033731,3.371764,1.946346e-01
clip_1,95,12,7,0.045481,1.594367,1.210270e-01
clip_1,95,13,7,0.081331,2.619778,1.368184e-01
clip_1,95,14,7,0.013310,0.219997,1.443230e-01
clip_1,95,15,7,0.058337,1.053446,1.421374e-01
clip_1,96,11,7,0.030090,2.670166,1.936623e-01
clip_1,96,12,7,0.035244,1.596089,1.202557e-01
clip_1,96,13,7,0.072136,2.885605,1.358475e-01
clip_1,96,14,7,0.011237,0.340712,1.431477e-01
clip_1,96,15,7,0.050288,0.931678,1.410309e-01
clip_1,97,11,7,0.039862,3.420212,1.953706e-01
clip_1,97,12,7,0.031530,1.214620,1.205102e-01
clip_1,97,13,7,0.074346,2.828888,1.360857e-01
clip_1,97,14,7,0.013971,0.373470,1.434223e-01
clip_1,97,15,7,0.056261,0.976445,1.413163e-01
clip_1,98,11,7,0.041977,3.649345,1.975556e-01
clip_1,98,12,7,0.028181,0.943230,1.218314e-01
clip_1,98,13,7,0.074049,2.703392,1.377477e-01
clip_1,98,14,7,0.006573,0.468731,1.455206e-01
clip_1,98,15,7,0.040197,0.733327,1.435243e-01
clip_1,99,11,7,0.041357,3.684646,1.987228e-01
clip_1,99,12,7,0.027915,0.868589,1.222890e-01
clip_1,99,13,7,0.072468,2.546098,1.382831e-01
clip_1,99,14,7,0.005635,0.403061,1.462179e-01
clip_1,99,15,7,0.039275,0.716306,1.442278e-01
clip_1,100,11,7,0.043000,4.263886,1.994881e-01
clip_1,100,12,7,0.038445,1.018912,1.237329e-01
clip_1,100,13,7,0.081784,2.359992,1.398941e-01
clip_1,100,14,7,0.002535,0.149464,1.484052e-01
clip_1,100,15,7,0.041210,0.749043,1.463392e-01
clip_1,101,11,7,0.043366,4.311659,2.003493e-01
clip_1,101,12,7,0.036742,0.941820,1.234823e-01
clip_1,101,13,7,0.078178,2.304909,1.397028e-01
clip_1,101,14,7,0.004999,0.304418,1.480458e-01
clip_1,101,15,7,0.037780,0.680759,1.460476e-01
clip_1,102,11,7,0.044619,4.352579,2.001121e-01
clip_1,102,12,7,0.033217,0.837650,1.233081e-01
clip_1,102,13,7,0.077167,2.311681,1.394226e-01
clip_1,102,14,7,0.004619,0.302257,1.477352e-01
clip_1,102,15,7,0.038890,0.691170,1.457296e-01
clip_1,103,11,7,0.041517,4.103566,2.003585e-01
clip_1,103,12,7,0.032551,0.842167,1.230733e-01
clip_1,103,13,7,0.072495,2.249787,1.392407e-01
clip_1,103,14,7,0.004665,0.312183,1.474228e-01
clip_1,103,15,7,0.040769,0.720251,1.454241e-01
clip_1,104,11,7,0.045621,4.129665,1.999482e-01
clip_1,104,12,7,0.023682,0.596700,1.226862e-01
clip_1,104,13,7,0.069292,2.369605,1.386920e-01
clip_1,104,14,7,0.006402,0.390864,1.468015e-01
clip_1,104,15,7,0.033952,0.681474,1.448251e-01
clip_1,105,11,7,0.047471,4.094329,1.997202e-01
clip_1,105,12,7,0.018452,0.458387,1.223250e-01
clip_1,105,13,7,0.064520,2.387446,1.382364e-01
clip_1,105,14,7,0.006424,0.411187,1.462591e-01
clip_1,105,15,7,0.032635,0.719607,1.442817e-01
clip_1,106,11,7,0.046696,4.099910,1.998698e-01
clip_1,106,12,7,0.017779,0.447068,1.225924e-01
clip_1,106,13,7,0.061871,2.274109,1.385366e-01
clip_1,106,14,7,0.005658,0.398911,1.466839e-01
clip_1,106,15,7,0.033312,0.702219,1.446954e-01
clip_1,107,11,7,0.046058,3.967507,2.008197e-01
clip_1,107,12,7,0.017569,0.447501,1.231385e-01
clip_1,107,13,7,0.061223,2.149397,1.391619e-01
clip_1,107,14,7,0.006379,0.431557,1.474787e-01
clip_1,107,15,7,0.031535,0.592695,1.455162e-01
clip_1,108,11,7,0.048176,4.150374,2.013249e-01
clip_1,108,12,7,0.017465,0.489479,1.228672e-01
clip_1,108,13,7,0.061259,2.030163,1.388303e-01
clip_1,108,14,7,0.004502,0.321717,1.470082e-01
clip_1,108,15,7,0.033872,0.625585,1.450439e-01
clip_1,109,11,7,0.050169,3.746702,2.010057e-01
clip_1,109,12,7,0.013740,0.351153,1.233447e-01
clip_1,109,13,7,0.061316,2.076986,1.392971e-01
clip_1,109,14,7,0.009781,0.363070,1.477198e-01
clip_1,109,15,7,0.024466,0.488061,1.457693e-01
clip_1,110,11,7,0.048664,3.485308,2.012302e-01
clip_1,110,12,7,0.013861,0.350121,1.232911e-01
clip_1,110,13,7,0.060663,1.958774,1.392319e-01
clip_1,110,14,7,0.010994,0.367915,1.476156e-01
clip_1,110,15,7,0.022170,0.394236,1.456996e-01
clip_1,111,11,7,0.051553,4.081717,2.014138e-01
clip_1,111,12,7,0.015470,0.487681,1.232958e-01
clip_1,111,13,7,0.062876,1.925595,1.391743e-01
clip_1,111,14,7,0.009734,0.357748,1.475822e-01
clip_1,111,15,7,0.025377,0.445778,1.456509e-01
clip_1,112,11,7,0.049492,3.911217,2.014450e-01
clip_1,112,12,7,0.016623,0.464284,1.233007e-01
clip_1,112,13,7,0.063989,1.912986,1.391895e-01
clip_1,112,14,7,0.011617,0.373566,1.475820e-01
clip_1,112,15,7,0.023060,0.396021,1.456691e-01
clip_1,113,11,7,0.041797,3.722316,2.015442e-01
clip_1,113,12,7,0.022169,0.561543,1.232286e-01
clip_1,113,13,7,0.064523,1.880694,1.392114e-01
clip_1,113,14,7,0.008701,0.375807,1.475121e-01
clip_1,113,15,7,0.026645,0.441012,1.456048e-01
clip_1,114,11,7,0.044904,3.677341,2.018391e-01
clip_1,114,12,7,0.017731,0.461939,1.233917e-01
clip_1,114,13,7,0.060951,1.840346,1.393686e-01
clip_1,114,14,7,0.006901,0.354511,1.477448e-01
clip_1,114,15,7,0.028137,0.467316,1.458253e-01
clip_1,115,11,7,0.050418,3.191702,2.004711e-01
clip_1,115,12,7,0.010338,0.284823,1.232895e-01
clip_1,115,13,7,0.056539,1.922597,1.391455e-01
clip_1,115,14,7,0.008945,0.291137,1.476131e-01
clip_1,115,15,7,0.022506,0.408787,1.456569e-01
clip_1,116,11,7,0.051191,3.094684,1.997827e-01
clip_1,116,12,7,0.008046,0.235740,1.235036e-01
clip_1,116,13,7,0.054080,1.919522,1.393722e-01
clip_1,116,14,7,0.010441,0.294271,1.480127e-01
clip_1,116,15,7,0.019317,0.394607,1.460388e-01
clip_2,0,10,8,0.171116,10.105735,1.371224e-01
clip_2,0,11,8,0.134353,5.478453,1.205218e-01
clip_2,0,12,8,0.034499,2.226083,1.042031e-01
clip_2,0,13,8,0.085295,1.868234,1.138643e-01
clip_2,0,14,8,0.035336,1.772741,1.150076e-01
clip_2,0,15,8,0.082976,1.575565,1.143300e-01
clip_2,1,10,8,0.173152,10.301566,1.369450e-01
clip_2,1,11,8,0.133954,5.508843,1.203598e-01
clip_2,1,12,8,0.040292,2.417313,1.040628e-01
clip_2,1,13,8,0.091949,1.982589,1.137064e-01
clip_2,1,14,8,0.036152,1.687299,1.148456e-01
clip_2,1,15,8,0.088887,1.679637,1.141389e-01
clip_2,2,10,8,0.175387,10.453548,1.364958e-01
clip_2,2,11,8,0.134846,5.502255,1.199197e-01
clip_2,2,12,8,0.045523,2.661300,1.037365e-01
clip_2,2,13,8,0.098180,2.104988,1.132813e-01
clip_2,2,14,8,0.037571,1.622660,1.143945e-01
clip_2,2,15,8,0.095206,1.789302,1.136809e-01
clip_2,3,10,8,0.175268,10.401255,1.364356e-01
clip_2,3,11,8,0.133742,5.440971,1.198680e-01
clip_2,3,12,8,0.048934,2.770115,1.036956e-01
clip_2,3,13,8,0.101230,2.174879,1.132314e-01
clip_2,3,14,8,0.037640,1.609310,1.143369e-01
clip_2,3,15,8,0.096651,1.837150,1.136315e-01
clip_2,4,10,8,0.175858,10.352189,1.366202e-01
clip_2,4,11,8,0.135227,5.438491,1.200545e-01
clip_2,4,12,8,0.047040,2.723926,1.038612e-01
clip_2,4,13,8,0.099625,2.140889,1.134189e-01
clip_2,4,14,8,0.037271,1.610316,1.145313e-01
clip_2,4,15,8,0.095377,1.788192,1.138233e-01
clip_2,5,10,8,0.171837,9.972423,1.365902e-01
clip_2,5,11,8,0.133818,5.336215,1.200897e-01
clip_2,5,12,8,0.041268,2.464735,1.038527e-01
clip_2,5,13,8,0.091769,1.975318,1.134180e-01
clip_2,5,14,8,0.036888,1.581694,1.145420e-01
clip_2,5,15,8,0.091229,1.699727,1.138252e-01
clip_2,6,11,7,0.078820,7.552663,2.151609e-01
clip_2,6,12,7,0.028089,2.129935,1.215339e-01
clip_2,6,13,7,0.059043,1.840198,1.379934e-01
clip_2,6,14,7,0.035428,1.363907,1.445838e-01
clip_2,6,15,7,0.076150,1.384053,1.431608e-01
clip_2,7,11,7,0.082581,8.055376,2.150303e-01
clip_2,7,12,7,0.033149,2.314967,1.216597e-01
clip_2,7,13,7,0.065431,1.797461,1.381138e-01
clip_2,7,14,7,0.035724,1.259410,1.447400e-01
clip_2,7,15,7,0.080876,1.471354,1.432842e-01
clip_2,8,11,7,0.080857,7.850795,2.151908e-01
clip_2,8,12,7,0.031368,2.231532,1.217211e-01
clip_2,8,13,7,0.062455,1.796675,1.382024e-01
clip_2,8,14,7,0.037641,1.321696,1.448461e-01
clip_2,8,15,7,0.081662,1.488147,1.433945e-01
clip_2,9,11,7,0.083084,8.054901,2.155241e-01
clip_2,9,12,7,0.032076,2.307152,1.215900e-01
clip_2,9,13,7,0.063459,1.849788,1.380720e-01
clip_2,9,14,7,0.037133,1.395243,1.446447e-01
clip_2,9,15,7,0.080671,1.473051,1.432293e-01
clip_2,10,10,8,0.174794,10.185187,1.366329e-01
clip_2,10,11,8,0.135005,5.404642,1.200214e-01
clip_2,10,12,8,0.045110,2.652344,1.038685e-01
clip_2,10,13,8,0.095089,2.049806,1.133897e-01
clip_2,10,14,8,0.040781,1.708463,1.144899e-01
clip_2,10,15,8,0.097587,1.857847,1.138141e-01
clip_2,11,10,8,0.176885,10.119169,1.366952e-01
clip_2,11,11,8,0.136168,5.434488,1.200648e-01
clip_2,11,12,8,0.045789,2.566839,1.039273e-01
clip_2,11,13,8,0.095721,2.061303,1.134640e-01
clip_2,11,14,8,0.041654,1.784412,1.145421e-01
clip_2,11,15,8,0.097999,1.911747,1.139021e-01
clip_2,12,11,7,0.078756,7.652078,2.150165e-01
clip_2,12,12,7,0.030550,2.095311,1.213416e-01
clip_2,12,13,7,0.064181,1.903475,1.377849e-01
clip_2,12,14,7,0.034672,1.534025,1.442639e-01
clip_2,12,15,7,0.075191,1.456867,1.429085e-01
clip_2,13,11,7,0.075924,7.337416,2.148868e-01
clip_2,13,12,7,0.028105,1.987612,1.213090e-01
clip_2,13,13,7,0.061954,1.903913,1.377526e-01
clip_2,13,14,7,0.033185,1.592332,1.442241e-01
clip_2,13,15,7,0.070771,1.420199,1.428970e-01
clip_2,14,11,7,0.071983,6.632150,2.145264e-01
clip_2,14,12,7,0.021283,1.735181,1.210727e-01
clip_2,14,13,7,0.053603,1.984842,1.374388e-01
clip_2,14,14,7,0.031110,1.490055,1.439127e-01
clip_2,14,15,7,0.064046,1.185913,1.425452e-01
clip_2,15,11,7,0.071162,6.808986,2.139241e-01
clip_2,15,12,7,0.024698,1.774758,1.211158e-01
clip_2,15,13,7,0.058052,1.869002,1.374589e-01
clip_2,15,14,7,0.031215,1.399630,1.439549e-01
clip_2,15,15,7,0.067885,1.283105,1.425542e-01
clip_2,16,11,7,0.071035,6.998409,2.141294e-01
clip_2,16,12,7,0.029267,1.845118,1.214058e-01
clip_2,16,13,7,0.061675,1.782387,1.378476e-01
clip_2,16,14,7,0.030873,1.345558,1.444034e-01
clip_2,16,15,7,0.069417,1.338639,1.429998e-01
clip_2,17,11,7,0.072307,7.224718,2.145062e-01
clip_2,17,12,7,0.035218,1.938175,1.214389e-01
clip_2,17,13,7,0.065437,1.700590,1.379283e-01
clip_2,17,14,7,0.034028,1.389742,1.444302e-01
clip_2,17,15,7,0.075640,1.552727,1.430522e-01
clip_2,18,11,7,0.074602,7.477372,2.147918e-01
clip_2,18,12,7,0.035935,2.084368,1.210121e-01
clip_2,18,13,7,0.064145,1.640934,1.374187e-01
clip_2,18,14,7,0.035855,1.393707,1.437676e-01
clip_2,18,15,7,0.077944,1.587490,1.424012e-01
clip_2,19,11,7,0.068400,6.891461,2.140447e-01
clip_2,19,12,7,0.036349,1.828798,1.212510e-01
clip_2,19,13,7,0.064692,1.596865,1.376943e-01
clip_2,19,14,7,0.037412,1.344544,1.441230e-01
clip_2,19,15,7,0.080972,1.721067,1.427225e-01
clip_2,20,11,7,0.066760,6.730079,2.144969e-01
clip_2,20,12,7,0.032749,1.742393,1.214467e-01
clip_2,20,13,7,0.061332,1.658586,1.379766e-01
clip_2,20,14,7,0.034837,1.457446,1.444606e-01
clip_2,20,15,7,0.074054,1.581190,1.430990e-01
clip_2,21,11,7,0.067500,6.819465,2.147867e-01
clip_2,21,12,7,0.033675,1.744643,1.211274e-01
clip_2,21,13,7,0.061654,1.714405,1.376321e-01
clip_2,21,14,7,0.035233,1.591469,1.439808e-01
clip_2,21,15,7,0.073002,1.602379,1.426714e-01
clip_2,22,11,7,0.054585,5.381073,2.146251e-01
clip_2,22,12,7,0.019253,1.182495,1.211618e-01
clip_2,22,13,7,0.047584,1.797624,1.376484e-01
clip_2,22,14,7,0.033923,1.629409,1.440960e-01
clip_2,22,15,7,0.062822,1.349581,1.427812e-01
clip_2,23,11,7,0.059564,6.041686,2.154040e-01
clip_2,23,12,7,0.026420,1.467371,1.213037e-01
clip_2,23,13,7,0.052274,1.690504,1.378849e-01
clip_2,23,14,7,0.034946,1.643562,1.443048e-01
clip_2,23,15,7,0.066821,1.472922,1.430192e-01
clip_2,24,11,7,0.064947,6.526166,2.160473e-01
clip_2,24,12,7,0.033860,1.669200,1.213140e-01
clip_2,24,13,7,0.055880,1.592816,1.380041e-01
clip_2,24,14,7,0.036355,1.619749,1.443478e-01
clip_2,24,15,7,0.070806,1.584793,1.430846e-01
clip_2,25,11,7,0.060031,6.132169,2.158463e-01
clip_2,25,12,7,0.029329,1.559685,1.217653e-01
clip_2,25,13,7,0.053021,1.555333,1.385082e-01
clip_2,25,14,7,0.033108,1.498953,1.450456e-01
clip_2,25,15,7,0.065930,1.463486,1.437491e-01
clip_2,26,11,7,0.057525,5.887219,2.157241e-01
clip_2,26,12,7,0.029795,1.449652,1.217751e-01
clip_2,26,13,7,0.053732,1.558059,1.385387e-01
clip_2,26,14,7,0.032374,1.498545,1.450679e-01
clip_2,26,15,7,0.064978,1.489174,1.437840e-01
clip_2,27,11,7,0.060958,6.201168,2.156377e-01
clip_2,27,12,7,0.032884,1.596756,1.218883e-01
clip_2,27,13,7,0.055894,1.526576,1.386725e-01
clip_2,27,14,7,0.031029,1.459501,1.452470e-01
clip_2,27,15,7,0.064149,1.480382,1.439552e-01
clip_2,28,11,7,0.056540,5.827328,2.149543e-01
clip_2,28,12,7,0.031318,1.458151,1.219037e-01
clip_2,28,13,7,0.054714,1.506344,1.386584e-01
clip_2,28,14,7,0.029742,1.454353,1.452742e-01
clip_2,28,15,7,0.061692,1.487609,1.439711e-01
clip_2,29,11,7,0.051810,5.389673,2.147580e-01
clip_2,29,12,7,0.029210,1.303198,1.220310e-01
clip_2,29,13,7,0.054436,1.508118,1.388204e-01
clip_2,29,14,7,0.027522,1.493233,1.454633e-01
clip_2,29,15,7,0.057399,1.504345,1.441890e-01
clip_2,30,11,7,0.048641,5.080028,2.146217e-01
clip_2,30,12,7,0.025567,1.186354,1.221042e-01
clip_2,30,13,7,0.050106,1.486041,1.389075e-01
clip_2,30,14,7,0.029209,1.589246,1.455889e-01
clip_2,30,15,7,0.057117,1.536654,1.443176e-01
clip_2,31,11,7,0.048067,5.021212,2.148725e-01
clip_2,31,12,7,0.028666,1.223062,1.224861e-01
clip_2,31,13,7,0.053342,1.429289,1.394183e-01
clip_2,31,14,7,0.025235,1.474914,1.461864e-01
clip_2,31,15,7,0.052951,1.520275,1.449305e-01
clip_2,32,11,7,0.047351,4.765449,2.152183e-01
clip_2,32,12,7,0.033946,1.206577,1.224130e-01
clip_2,32,13,7,0.054031,1.366427,1.394557e-01
clip_2,32,14,7,0.024626,1.414422,1.461243e-01
clip_2,32,15,7,0.052556,1.582696,1.448974e-01
clip_2,33,11,7,0.040023,4.209812,2.140816e-01
clip_2,33,12,7,0.030274,1.019410,1.221806e-01
clip_2,33,13,7,0.053994,1.399424,1.391089e-01
clip_2,33,14,7,0.018893,1.328304,1.457825e-01
clip_2,33,15,7,0.041049,1.384610,1.445529e-01
clip_2,34,11,7,0.039717,4.268467,2.136310e-01
clip_2,34,12,7,0.025408,0.984314,1.214788e-01
clip_2,34,13,7,0.050367,1.379456,1.382076e-01
clip_2,34,14,7,0.020587,1.448518,1.446908e-01
clip_2,34,15,7,0.040926,1.394663,1.434823e-01
clip_2,35,11,7,0.040994,4.343134,2.136189e-01
clip_2,35,12,7,0.030665,1.097856,1.218309e-01
clip_2,35,13,7,0.054199,1.340583,1.386522e-01
clip_2,35,14,7,0.018498,1.301509,1.452293e-01
clip_2,35,15,7,0.041652,1.455650,1.439997e-01
clip_2,36,11,7,0.041112,4.341805,2.131713e-01
clip_2,36,12,7,0.030885,1.113945,1.215686e-01
clip_2,36,13,7,0.053403,1.304107,1.383380e-01
clip_2,36,14,7,0.018046,1.272433,1.448503e-01
clip_2,36,15,7,0.040867,1.437896,1.436138e-01
clip_2,37,11,7,0.041547,4.219365,2.123295e-01
clip_2,37,12,7,0.033047,1.109827,1.213101e-01
clip_2,37,13,7,0.052404,1.255125,1.380250e-01
clip_2,37,14,7,0.016137,1.072275,1.445061e-01
clip_2,37,15,7,0.040397,1.306719,1.432056e-01
clip_2,38,11,7,0.042814,4.194452,2.124735e-01
clip_2,38,12,7,0.034843,1.126870,1.218237e-01
clip_2,38,13,7,0.052718,1.260356,1.386738e-01
clip_2,38,14,7,0.016344,1.050247,1.453112e-01
clip_2,38,15,7,0.041276,1.314054,1.439838e-01
clip_2,39,11,7,0.048503,4.612144,2.127663e-01
clip_2,39,12,7,0.036910,1.266330,1.217995e-01
clip_2,39,13,7,0.053321,1.262489,1.387046e-01
clip_2,39,14,7,0.013798,0.860699,1.453286e-01
clip_2,39,15,7,0.039130,1.123932,1.439756e-01
clip_2,40,12,6,0.094035,2.846322,1.753615e-01
clip_2,40,13,6,0.051856,1.222305,1.611631e-01
clip_2,40,14,6,0.014799,0.468559,2.363868e-01
clip_2,40,15,6,0.040157,1.303678,2.268603e-01
clip_2,41,12,6,0.097507,2.969040,1.749449e-01
clip_2,41,13,6,0.053691,1.289128,1.617244e-01
clip_2,41,14,6,0.013243,0.318196,2.376745e-01
clip_2,41,15,6,0.038850,1.197525,2.281545e-01
clip_2,42,12,6,0.086925,2.661892,1.750899e-01
clip_2,42,13,6,0.047569,1.134767,1.613152e-01
clip_2,42,14,6,0.014675,0.363866,2.369410e-01
clip_2,42,15,6,0.038332,1.142283,2.273772e-01
clip_2,43,12,6,0.075139,2.341639,1.757496e-01
clip_2,43,13,6,0.040488,0.965929,1.616851e-01
clip_2,43,14,6,0.016484,0.408142,2.371009e-01
clip_2,43,15,6,0.037952,1.083653,2.279380e-01
clip_2,44,12,6,0.068079,2.142287,1.759095e-01
clip_2,44,13,6,0.035470,0.846326,1.609390e-01
clip_2,44,14,6,0.019146,0.497639,2.357970e-01
clip_2,44,15,6,0.039619,1.138808,2.265160e-01
clip_2,45,12,6,0.083792,2.573115,1.752783e-01
clip_2,45,13,6,0.044625,1.084032,1.607162e-01
clip_2,45,14,6,0.016176,0.324061,2.360583e-01
clip_2,45,15,6,0.038784,1.035212,2.264846e-01
clip_2,46,12,6,0.084873,2.615290,1.750122e-01
clip_2,46,13,6,0.046194,1.134591,1.607056e-01
clip_2,46,14,6,0.012461,0.267273,2.362752e-01
clip_2,46,15,6,0.034035,0.908415,2.266221e-01
clip_2,47,12,6,0.078627,2.428749,1.755961e-01
clip_2,47,13,6,0.041897,1.029590,1.613834e-01
clip_2,47,14,6,0.014464,0.291259,2.369590e-01
clip_2,47,15,6,0.035428,0.969203,2.277026e-01
clip_2,48,12,6,0.068356,2.139987,1.765471e-01
clip_2,48,13,6,0.034863,0.851630,1.625112e-01
clip_2,48,14,6,0.019402,0.422334,2.378585e-01
clip_2,48,15,6,0.039636,1.081811,2.292784e-01
clip_2,49,12,6,0.069081,2.173663,1.760481e-01
clip_2,49,13,6,0.036091,0.898426,1.624034e-01
clip_2,49,14,6,0.015575,0.329709,2.383118e-01
clip_2,49,15,6,0.034870,0.979032,2.296030e-01
clip_2,50,12,6,0.060694,1.937230,1.760391e-01
clip_2,50,13,6,0.032044,0.793467,1.618658e-01
clip_2,50,14,6,0.014736,0.302815,2.376150e-01
clip_2,50,15,6,0.031991,0.826758,2.287809e-01
clip_2,51,12,6,0.057864,1.841757,1.759028e-01
clip_2,51,13,6,0.031186,0.776394,1.614735e-01
clip_2,51,14,6,0.011701,0.242774,2.372206e-01
clip_2,51,15,6,0.027417,0.701523,2.282821e-01
clip_2,52,12,6,0.053747,1.706600,1.762256e-01
clip_2,52,13,6,0.028366,0.707559,1.615454e-01
clip_2,52,14,6,0.012056,0.256301,2.370931e-01
clip_2,52,15,6,0.027104,0.756371,2.283317e-01
clip_2,53,12,6,0.056857,1.809346,1.765884e-01
clip_2,53,13,6,0.028572,0.726160,1.626233e-01
clip_2,53,14,6,0.015512,0.337529,2.383555e-01
clip_2,53,15,6,0.031908,0.914496,2.299748e-01
clip_2,54,12,6,0.050412,1.603461,1.766511e-01
clip_2,54,13,6,0.024779,0.622825,1.613479e-01
clip_2,54,14,6,0.016601,0.350892,2.364293e-01
clip_2,54,15,6,0.031816,0.853521,2.277505e-01
clip_2,55,12,6,0.047706,1.544259,1.766467e-01
clip_2,55,13,6,0.025217,0.623116,1.599718e-01
clip_2,55,14,6,0.012243,0.266056,2.343492e-01
clip_2,55,15,6,0.026145,0.707124,2.253758e-01
clip_2,56,12,6,0.046389,1.486990,1.763811e-01
clip_2,56,13,6,0.026263,0.644626,1.579128e-01
clip_2,56,14,6,0.006474,0.199925,2.313942e-01
clip_2,56,15,6,0.018859,0.611587,2.219392e-01
clip_2,57,12,6,0.046003,1.485827,1.764843e-01
clip_2,57,13,6,0.023723,0.586044,1.588446e-01
clip_2,57,14,6,0.013360,0.290204,2.328775e-01
clip_2,57,15,6,0.027082,0.730081,2.235861e-01
clip_2,58,12,6,0.047814,1.555612,1.762806e-01
clip_2,58,13,6,0.026141,0.648289,1.592624e-01
clip_2,58,14,6,0.009695,0.214745,2.336912e-01
clip_2,58,15,6,0.023084,0.642712,2.244718e-01
clip_2,59,12,6,0.048882,1.553549,1.761415e-01
clip_2,59,13,6,0.026022,0.660601,1.597369e-01
clip_2,59,14,6,0.009175,0.195676,2.345530e-01
clip_2,59,15,6,0.021999,0.588235,2.254036e-01
clip_2,60,12,6,0.047268,1.507070,1.756058e-01
clip_2,60,13,6,0.026940,0.686796,1.592093e-01
clip_2,60,14,6,0.003776,0.180305,2.342756e-01
clip_2,60,15,6,0.014087,0.362535,2.248671e-01
clip_2,61,12,6,0.045103,1.446386,1.756564e-01
clip_2,61,13,6,0.026886,0.671352,1.589951e-01
clip_2,61,14,6,0.002053,0.114820,2.338507e-01
clip_2,61,15,6,0.012074,0.315536,2.244228e-01
clip_2,62,12,6,0.046919,1.501910,1.760119e-01
clip_2,62,13,6,0.024997,0.633444,1.604720e-01
clip_2,62,14,6,0.010342,0.262462,2.358336e-01
clip_2,62,15,6,0.022698,0.524194,2.267773e-01
clip_2,63,12,6,0.044908,1.464241,1.760566e-01
clip_2,63,13,6,0.024961,0.627870,1.606931e-01
clip_2,63,14,6,0.007878,0.187486,2.361547e-01
clip_2,63,15,6,0.019672,0.471499,2.271999e-01
clip_2,64,12,6,0.045419,1.458408,1.765495e-01
clip_2,64,13,6,0.022379,0.575851,1.618269e-01
clip_2,64,14,6,0.014529,0.302911,2.374033e-01
clip_2,64,15,6,0.027806,0.700858,2.288824e-01
clip_2,65,12,6,0.041394,1.347420,1.770603e-01
clip_2,65,13,6,0.020015,0.501522,1.620308e-01
clip_2,65,14,6,0.016005,0.353128,2.372041e-01
clip_2,65,15,6,0.029222,0.780657,2.289376e-01
clip_2,66,12,6,0.040997,1.320619,1.768753e-01
clip_2,66,13,6,0.019682,0.495033,1.614524e-01
clip_2,66,14,6,0.015634,0.338907,2.365426e-01
clip_2,66,15,6,0.028572,0.764038,2.280494e-01
clip_2,67,12,6,0.038278,1.318139,1.771894e-01
clip_2,67,13,6,0.019370,0.483900,1.605721e-01
clip_2,67,14,6,0.014235,0.324045,2.349148e-01
clip_2,67,15,6,0.026585,0.691694,2.263309e-01
clip_2,68,12,6,0.039201,1.341149,1.774343e-01
clip_2,68,13,6,0.020363,0.508746,1.605389e-01
clip_2,68,14,6,0.012930,0.327476,2.346889e-01
clip_2,68,15,6,0.025234,0.702977,2.262220e-01
clip_2,69,12,6,0.033185,1.204371,1.776589e-01
clip_2,69,13,6,0.015957,0.410917,1.605790e-01
clip_2,69,14,6,0.015875,0.453437,2.345123e-01
clip_2,69,15,6,0.027463,0.796715,2.261191e-01
clip_2,70,12,6,0.035347,1.211304,1.777156e-01
clip_2,70,13,6,0.018211,0.459241,1.605962e-01
clip_2,70,14,6,0.012466,0.435754,2.345168e-01
clip_2,70,15,6,0.023638,0.780204,2.261886e-01
clip_2,71,12,6,0.034898,1.303774,1.778186e-01
clip_2,71,13,6,0.018091,0.473000,1.604530e-01
clip_2,71,14,6,0.013492,0.445334,2.341716e-01
clip_2,71,15,6,0.024917,0.762282,2.258182e-01
clip_2,72,12,6,0.030354,1.242872,1.774362e-01
clip_2,72,13,6,0.016597,0.459087,1.596551e-01
clip_2,72,14,6,0.010509,0.419153,2.333406e-01
clip_2,72,15,6,0.020007,0.646138,2.246832e-01
clip_2,73,12,6,0.038605,1.446654,1.769857e-01
clip_2,73,13,6,0.023648,0.615824,1.603768e-01
clip_2,73,14,6,0.004588,0.257033,2.348549e-01
clip_2,73,15,6,0.014393,0.489413,2.262514e-01
clip_2,74,12,6,0.038891,1.415340,1.773040e-01
clip_2,74,13,6,0.022025,0.565663,1.610724e-01
clip_2,74,14,6,0.008935,0.302858,2.355864e-01
clip_2,74,15,6,0.020294,0.612479,2.272169e-01
clip_2,75,12,6,0.036083,1.310396,1.775066e-01
clip_2,75,13,6,0.019460,0.504991,1.604387e-01
clip_2,75,14,6,0.011629,0.476853,2.344220e-01
clip_2,75,15,6,0.022658,0.780109,2.259592e-01
clip_2,76,12,6,0.036616,1.338185,1.775297e-01
clip_2,76,13,6,0.020314,0.526040,1.603847e-01
clip_2,76,14,6,0.010118,0.411121,2.343728e-01
clip_2,76,15,6,0.020988,0.703921,2.259262e-01
clip_2,77,12,6,0.034801,1.366282,1.775266e-01
clip_2,77,13,6,0.019226,0.516133,1.600684e-01
clip_2,77,14,6,0.010831,0.420737,2.339438e-01
clip_2,77,15,6,0.021507,0.686466,2.254280e-01
clip_2,78,12,6,0.034677,1.348461,1.774813e-01
clip_2,78,13,6,0.018625,0.497821,1.603122e-01
clip_2,78,14,6,0.012082,0.426127,2.343453e-01
clip_2,78,15,6,0.023106,0.712524,2.258533e-01
clip_2,79,12,6,0.036237,1.341992,1.776626e-01
clip_2,79,13,6,0.017737,0.454150,1.606433e-01
clip_2,79,14,6,0.016670,0.391652,2.347369e-01
clip_2,79,15,6,0.029239,0.743360,2.263654e-01
clip_2,80,12,6,0.036794,1.426905,1.777755e-01
clip_2,80,13,6,0.018228,0.473792,1.618088e-01
clip_2,80,14,6,0.016987,0.357518,2.363886e-01
clip_2,80,15,6,0.029765,0.681508,2.283445e-01
clip_2,81,12,6,0.034115,1.448632,1.777482e-01
clip_2,81,13,6,0.016792,0.455572,1.618830e-01
clip_2,81,14,6,0.017168,0.354104,2.365052e-01
clip_2,81,15,6,0.029422,0.635764,2.284800e-01
clip_2,82,12,6,0.036472,1.522939,1.773882e-01
clip_2,82,13,6,0.019554,0.527012,1.617743e-01
clip_2,82,14,6,0.013345,0.282186,2.366787e-01
clip_2,82,15,6,0.025360,0.565846,2.285290e-01
clip_2,83,12,6,0.053208,1.913489,1.769020e-01
clip_2,83,13,6,0.016911,0.544589,1.623803e-01
clip_2,83,14,6,0.035540,1.124975,2.375577e-01
clip_2,83,15,6,0.055273,2.009029,2.290426e-01
clip_2,84,12,6,0.053321,1.916262,1.767363e-01
clip_2,84,13,6,0.018201,0.562145,1.623450e-01
clip_2,84,14,6,0.032150,1.092069,2.377235e-01
clip_2,84,15,6,0.051134,1.949511,2.291642e-01
clip_2,85,12,6,0.034099,1.254651,1.769873e-01
clip_2,85,13,6,0.017856,0.461007,1.615135e-01
clip_2,85,14,6,0.012025,0.304355,2.366516e-01
clip_2,85,15,6,0.023003,0.615846,2.282984e-01
clip_2,86,12,6,0.053572,1.869656,1.771380e-01
clip_2,86,13,6,0.019145,0.560253,1.636945e-01
clip_2,86,14,6,0.031388,1.047569,2.392854e-01
clip_2,86,15,6,0.050404,1.876009,2.312788e-01
clip_2,87,12,6,0.050251,1.673680,1.773787e-01
clip_2,87,13,6,0.019005,0.506948,1.632394e-01
clip_2,87,14,6,0.028933,1.097752,2.383459e-01
clip_2,87,15,6,0.046722,1.837172,2.303213e-01
clip_2,88,12,6,0.050537,1.683010,1.773321e-01
clip_2,88,13,6,0.019866,0.526241,1.630164e-01
clip_2,88,14,6,0.027087,1.061690,2.380792e-01
clip_2,88,15,6,0.044491,1.785624,2.300106e-01
clip_2,89,12,6,0.053198,1.745557,1.774259e-01
clip_2,89,13,6,0.021215,0.553396,1.628553e-01
clip_2,89,14,6,0.028142,1.078073,2.377560e-01
clip_2,89,15,6,0.046468,1.826918,2.296573e-01
clip_2,90,12,6,0.056297,1.848701,1.773912e-01
clip_2,90,13,6,0.022873,0.599645,1.628015e-01
clip_2,90,14,6,0.028049,1.029385,2.376869e-01
clip_2,90,15,6,0.047096,1.810318,2.295742e-01
clip_2,91,12,6,0.057873,2.020279,1.774832e-01
clip_2,91,13,6,0.023075,0.645900,1.629225e-01
clip_2,91,14,6,0.026940,1.035150,2.378235e-01
clip_2,91,15,6,0.045822,1.864879,2.298256e-01
clip_2,92,12,6,0.056028,1.891194,1.774614e-01
clip_2,92,13,6,0.022446,0.602822,1.629498e-01
clip_2,92,14,6,0.027195,1.063489,2.378527e-01
clip_2,92,15,6,0.045775,1.850737,2.298564e-01
clip_2,93,12,6,0.059967,1.992353,1.775622e-01
clip_2,93,13,6,0.023684,0.633965,1.629431e-01
clip_2,93,14,6,0.030141,1.061737,2.377393e-01
clip_2,93,15,6,0.050422,1.905740,2.297670e-01
clip_2,94,12,6,0.032405,1.965606,1.776325e-01
clip_2,94,13,6,0.016539,0.594829,1.618087e-01
clip_2,94,14,6,0.016876,0.384595,2.363182e-01
clip_2,94,15,6,0.028861,0.596080,2.282208e-01
clip_2,95,12,6,0.055544,1.809673,1.774104e-01
clip_2,95,13,6,0.022717,0.583394,1.624716e-01
clip_2,95,14,6,0.026672,1.074805,2.372272e-01
clip_2,95,15,6,0.045005,1.823760,2.291138e-01
clip_2,96,12,6,0.056647,1.840282,1.773247e-01
clip_2,96,13,6,0.023336,0.593283,1.621368e-01
clip_2,96,14,6,0.026653,1.128901,2.367726e-01
clip_2,96,15,6,0.045100,1.881968,2.285399e-01
clip_2,97,12,6,0.057188,1.786295,1.774586e-01
clip_2,97,13,6,0.023431,0.576066,1.620495e-01
clip_2,97,14,6,0.028670,1.110774,2.364859e-01
clip_2,97,15,6,0.047951,1.859530,2.282716e-01
clip_2,98,12,6,0.058071,1.811357,1.775663e-01
clip_2,98,13,6,0.022673,0.560625,1.626739e-01
clip_2,98,14,6,0.031875,1.157972,2.372868e-01
clip_2,98,15,6,0.052169,1.942183,2.292664e-01
clip_2,99,12,6,0.061354,1.929723,1.776025e-01
clip_2,99,13,6,0.024338,0.608380,1.628013e-01
clip_2,99,14,6,0.031612,1.129717,2.374222e-01
clip_2,99,15,6,0.052564,1.948687,2.294759e-01
clip_2,100,12,6,0.059409,1.827326,1.776828e-01
clip_2,100,13,6,0.022477,0.546592,1.625479e-01
clip_2,100,14,6,0.034689,1.261353,2.369423e-01
clip_2,100,15,6,0.055910,2.067994,2.289418e-01
clip_2,101,12,6,0.059666,1.827541,1.776168e-01
clip_2,101,13,6,0.021776,0.529191,1.627954e-01
clip_2,101,14,6,0.036934,1.312681,2.373927e-01
clip_2,101,15,6,0.058752,2.135993,2.294424e-01
clip_2,102,12,6,0.060726,1.854178,1.775358e-01
clip_2,102,13,6,0.021869,0.530929,1.631422e-01
clip_2,102,14,6,0.038228,1.342641,2.379680e-01
clip_2,102,15,6,0.060592,2.182253,2.300641e-01
clip_2,103,12,6,0.064874,2.026952,1.772973e-01
clip_2,103,13,6,0.024689,0.612821,1.626746e-01
clip_2,103,14,6,0.035469,1.284247,2.375195e-01
clip_2,103,15,6,0.057993,2.157829,2.294484e-01
clip_2,104,12,6,0.057892,2.207279,1.772893e-01
clip_2,104,13,6,0.030358,0.757942,1.617415e-01
clip_2,104,14,6,0.022475,0.468441,2.362812e-01
clip_2,104,15,6,0.041921,0.910668,2.279773e-01
clip_2,105,12,6,0.062892,2.167705,1.768630e-01
clip_2,105,13,6,0.034445,0.823365,1.621761e-01
clip_2,105,14,6,0.017781,0.400550,2.373155e-01
clip_2,105,15,6,0.037163,0.883049,2.290251e-01
clip_2,106,12,6,0.067881,2.208992,1.767600e-01
clip_2,106,13,6,0.036412,0.851302,1.627163e-01
clip_2,106,14,6,0.019577,0.427658,2.381854e-01
clip_2,106,15,6,0.040408,0.977154,2.299887e-01
clip_2,107,12,6,0.068555,2.364304,1.770700e-01
clip_2,107,13,6,0.035827,0.851622,1.627685e-01
clip_2,107,14,6,0.024595,0.530829,2.378310e-01
clip_2,107,15,6,0.046976,1.080289,2.296580e-01
clip_2,108,12,6,0.065550,2.434437,1.772794e-01
clip_2,108,13,6,0.035209,0.866786,1.622625e-01
clip_2,108,14,6,0.022749,0.529540,2.368075e-01
clip_2,108,15,6,0.044137,1.014887,2.285806e-01
clip_2,109,12,6,0.074872,2.463375,1.768914e-01
clip_2,109,13,6,0.041724,0.977119,1.630955e-01
clip_2,109,14,6,0.017915,0.460686,2.384072e-01
clip_2,109,15,6,0.040136,1.027804,2.302793e-01
clip_2,110,12,6,0.076309,2.553532,1.768273e-01
clip_2,110,13,6,0.041979,0.986313,1.627845e-01
clip_2,110,14,6,0.020376,0.481760,2.379341e-01
clip_2,110,15,6,0.043600,1.061729,2.296320e-01
clip_2,111,12,6,0.077925,2.519995,1.770718e-01
clip_2,111,13,6,0.041195,0.953589,1.632742e-01
clip_2,111,14,6,0.024491,0.563942,2.384571e-01
clip_2,111,15,6,0.048972,1.201801,2.303457e-01
clip_2,112,12,6,0.077393,2.530930,1.771675e-01
clip_2,112,13,6,0.040062,0.928865,1.629109e-01
clip_2,112,14,6,0.027306,0.632478,2.377809e-01
clip_2,112,15,6,0.052375,1.276928,2.295718e-01
clip_2,113,12,6,0.077185,2.543503,1.769937e-01
clip_2,113,13,6,0.041025,0.955529,1.627473e-01
clip_2,113,14,6,0.024594,0.622907,2.376798e-01
clip_2,113,15,6,0.048968,1.238963,2.293909e-01
clip_2,114,12,6,0.073991,2.583886,1.769304e-01
clip_2,114,13,6,0.040536,0.968887,1.623016e-01
clip_2,114,14,6,0.022108,0.603220,2.370043e-01
clip_2,114,15,6,0.045193,1.139136,2.285828e-01
clip_2,115,11,7,0.068079,6.929024,2.134339e-01
clip_2,115,12,7,0.033455,1.985179,1.195555e-01
clip_2,115,13,7,0.048570,1.277909,1.360633e-01
clip_2,115,14,7,0.024258,1.004045,1.419812e-01
clip_2,115,15,7,0.053454,0.976489,1.406352e-01
clip_2,116,11,7,0.075830,7.431950,2.140201e-01
clip_2,116,12,7,0.038669,2.138521,1.199580e-01
clip_2,116,13,7,0.053027,1.330002,1.366254e-01
clip_2,116,14,7,0.024327,1.036657,1.426038e-01
clip_2,116,15,7,0.054823,1.008230,1.412683e-01
clip_2,117,11,7,0.077456,7.441000,2.136691e-01
clip_2,117,12,7,0.039506,2.080163,1.198148e-01
clip_2,117,13,7,0.052567,1.357657,1.364481e-01
clip_2,117,14,7,0.027974,1.134839,1.423867e-01
clip_2,117,15,7,0.058979,1.079504,1.410367e-01
clip_2,118,11,7,0.077934,7.500592,2.135715e-01
clip_2,118,12,7,0.040177,2.104440,1.205302e-01
clip_2,118,13,7,0.055561,1.411130,1.372804e-01
clip_2,118,14,7,0.025175,1.058980,1.434625e-01
clip_2,118,15,7,0.056974,1.028611,1.420722e-01
clip_2,119,11,7,0.078348,7.550768,2.133048e-01
clip_2,119,12,7,0.040144,2.107141,1.205858e-01
clip_2,119,13,7,0.055932,1.431238,1.373139e-01
clip_2,119,14,7,0.026322,1.034452,1.435381e-01
clip_2,119,15,7,0.059330,1.051180,1.421135e-01
clip_2,120,11,7,0.079662,7.592296,2.132141e-01
clip_2,120,12,7,0.040873,2.072798,1.205377e-01
clip_2,120,13,7,0.056730,1.481062,1.372637e-01
clip_2,120,14,7,0.026679,1.004287,1.434737e-01
clip_2,120,15,7,0.060362,1.046560,1.420273e-01
clip_2,121,11,7,0.077222,7.348752,2.128935e-01
clip_2,121,12,7,0.039650,1.951969,1.203767e-01
clip_2,121,13,7,0.055600,1.510972,1.370711e-01
clip_2,121,14,7,0.026326,1.088011,1.432325e-01
clip_2,121,15,7,0.058185,1.015169,1.418043e-01
clip_2,122,11,7,0.079464,7.421566,2.128305e-01
clip_2,122,12,7,0.041318,1.966735,1.202954e-01
clip_2,122,13,7,0.055840,1.497335,1.369866e-01
clip_2,122,14,7,0.027727,1.113390,1.431142e-01
clip_2,122,15,7,0.059934,1.049487,1.416855e-01
clip_2,123,11,7,0.078239,7.381245,2.130431e-01
clip_2,123,12,7,0.039222,1.970767,1.199411e-01
clip_2,123,13,7,0.050896,1.414369,1.365678e-01
clip_2,123,14,7,0.034891,1.185530,1.425753e-01
clip_2,123,15,7,0.067938,1.189788,1.411407e-01
clip_2,124,11,7,0.079443,7.461729,2.132550e-01
clip_2,124,12,7,0.040167,1.976612,1.199510e-01
clip_2,124,13,7,0.052568,1.451733,1.366045e-01
clip_2,124,14,7,0.033337,1.098109,1.426031e-01
clip_2,124,15,7,0.067081,1.155803,1.411603e-01
clip_2,125,11,7,0.082977,7.659743,2.133728e-01
clip_2,125,12,7,0.042488,2.048445,1.197600e-01
clip_2,125,13,7,0.053516,1.423908,1.363967e-01
clip_2,125,14,7,0.035185,1.104556,1.423115e-01
clip_2,125,15,7,0.069973,1.205679,1.408734e-01
clip_2,126,11,7,0.078661,7.381000,2.131463e-01
clip_2,126,12,7,0.040090,1.939990,1.197491e-01
clip_2,126,13,7,0.052167,1.430605,1.363426e-01
clip_2,126,14,7,0.034946,1.031629,1.422886e-01
clip_2,126,15,7,0.069705,1.189712,1.408212e-01
clip_2,127,11,7,0.083247,7.759662,2.136445e-01
clip_2,127,12,7,0.042548,2.086147,1.199129e-01
clip_2,127,13,7,0.054218,1.434955,1.365604e-01
clip_2,127,14,7,0.036967,1.072350,1.425241e-01
clip_2,127,15,7,0.073393,1.260253,1.410639e-01
clip_2,128,11,7,0.079117,3.751177,2.061908e-01
clip_2,128,12,7,0.017839,0.705683,1.200515e-01
clip_2,128,13,7,0.035408,1.965429,1.357467e-01
clip_2,128,14,7,0.009007,0.629945,1.425110e-01
clip_2,128,15,7,0.028180,0.487335,1.408486e-01
clip_2,129,11,7,0.074326,7.112779,2.127868e-01
clip_2,129,12,7,0.037553,1.829166,1.200494e-01
clip_2,129,13,7,0.050772,1.458854,1.366568e-01
clip_2,129,14,7,0.036417,1.061140,1.427295e-01
clip_2,129,15,7,0.071209,1.218220,1.412298e-01
clip_2,130,11,7,0.069042,6.592074,2.129186e-01
clip_2,130,12,7,0.036226,1.643141,1.205103e-01
clip_2,130,13,7,0.051135,1.465393,1.372535e-01
clip_2,130,14,7,0.029560,0.942859,1.434620e-01
clip_2,130,15,7,0.062099,1.065812,1.419759e-01
clip_2,131,11,7,0.069229,6.718131,2.127422e-01
clip_2,131,12,7,0.035853,1.704237,1.209124e-01
clip_2,131,13,7,0.051508,1.454754,1.376666e-01
clip_2,131,14,7,0.032063,0.919755,1.440475e-01
clip_2,131,15,7,0.066505,1.141500,1.425063e-01
clip_2,132,11,7,0.066573,6.586028,2.129012e-01
clip_2,132,12,7,0.034079,1.656457,1.207114e-01
clip_2,132,13,7,0.051473,1.473231,1.374050e-01
clip_2,132,14,7,0.030311,0.844799,1.437230e-01
clip_2,132,15,7,0.064796,1.111447,1.421878e-01
clip_2,133,11,7,0.073464,7.159256,2.134531e-01
clip_2,133,12,7,0.038147,1.908993,1.213260e-01
clip_2,133,13,7,0.054760,1.454866,1.381600e-01
clip_2,133,14,7,0.031972,0.963970,1.446367e-01
clip_2,133,15,7,0.068039,1.189956,1.431187e-01
clip_2,134,11,7,0.072979,7.164776,2.128541e-01
clip_2,134,12,7,0.037900,1.910003,1.213275e-01
clip_2,134,13,7,0.055574,1.470455,1.380765e-01
clip_2,134,14,7,0.033594,1.045512,1.445950e-01
clip_2,134,15,7,0.070503,1.249118,1.430638e-01
clip_2,135,11,7,0.072876,7.336482,2.118443e-01
clip_2,135,12,7,0.035820,1.965269,1.208877e-01
clip_2,135,13,7,0.055868,1.540002,1.374002e-01
clip_2,135,14,7,0.035447,1.155902,1.438607e-01
clip_2,135,15,7,0.073315,1.302029,1.423131e-01
clip_2,136,11,7,0.074799,7.504403,2.121039e-01
clip_2,136,12,7,0.036671,2.026367,1.207115e-01
clip_2,136,13,7,0.056777,1.560681,1.372151e-01
clip_2,136,14,7,0.034457,1.163310,1.435918e-01
clip_2,136,15,7,0.072178,1.276543,1.420674e-01
clip_2,137,11,7,0.072420,7.303711,2.118299e-01
clip_2,137,12,7,0.035350,1.943468,1.205667e-01
clip_2,137,13,7,0.056402,1.578237,1.370223e-01
clip_2,137,14,7,0.032471,1.158007,1.433667e-01
clip_2,137,15,7,0.069074,1.222504,1.418511e-01
clip_2,138,11,7,0.077832,7.716849,2.124157e-01
clip_2,138,12,7,0.039319,2.108896,1.209371e-01
clip_2,138,13,7,0.059369,1.569176,1.375213e-01
clip_2,138,14,7,0.032059,1.139452,1.439438e-01
clip_2,138,15,7,0.069816,1.243137,1.424325e-01
clip_2,139,11,7,0.083301,8.056761,2.127632e-01
clip_2,139,12,7,0.043989,2.275012,1.210611e-01
clip_2,139,13,7,0.061931,1.511292,1.377161e-01
clip_2,139,14,7,0.033045,1.151983,1.441309e-01
clip_2,139,15,7,0.072061,1.324273,1.426380e-01
clip_2,140,11,7,0.090587,8.544825,2.128007e-01
clip_2,140,12,7,0.049151,2.462953,1.214500e-01
clip_2,140,13,7,0.067480,1.565239,1.381597e-01
clip_2,140,14,7,0.033042,1.131848,1.446990e-01
clip_2,140,15,7,0.074693,1.379742,1.431843e-01
clip_2,141,11,7,0.090430,8.648422,2.129379e-01
clip_2,141,12,7,0.047916,2.550423,1.214399e-01
clip_2,141,13,7,0.066982,1.546061,1.381200e-01
clip_2,141,14,7,0.031476,1.063712,1.446711e-01
clip_2,141,15,7,0.073018,1.323016,1.431482e-01
clip_2,142,11,7,0.092659,8.915539,2.133478e-01
clip_2,142,12,7,0.049307,2.699646,1.219160e-01
clip_2,142,13,7,0.070551,1.598333,1.386826e-01
clip_2,142,14,7,0.027129,0.961060,1.453862e-01
clip_2,142,15,7,0.069337,1.256146,1.438608e-01
clip_2,143,11,7,0.090438,8.776619,2.135008e-01
clip_2,143,12,7,0.048727,2.702770,1.219677e-01
clip_2,143,13,7,0.070611,1.574268,1.387327e-01
clip_2,143,14,7,0.025787,0.837265,1.454534e-01
clip_2,143,15,7,0.068489,1.241607,1.439208e-01
clip_2,144,11,7,0.089393,8.606926,2.132961e-01
clip_2,144,12,7,0.048638,2.622422,1.217233e-01
clip_2,144,13,7,0.068712,1.534886,1.384535e-01
clip_2,144,14,7,0.026499,0.817934,1.450994e-01
clip_2,144,15,7,0.068324,1.232948,1.435604e-01
clip_2,145,11,7,0.085842,8.293840,2.135977e-01
clip_2,145,12,7,0.046272,2.537602,1.219625e-01
clip_2,145,13,7,0.063906,1.442810,1.387728e-01
clip_2,145,14,7,0.027445,0.849342,1.454908e-01
clip_2,145,15,7,0.067015,1.228694,1.439559e-01
clip_2,146,11,7,0.078404,7.795772,2.129806e-01
clip_2,146,12,7,0.042298,2.378418,1.217908e-01
clip_2,146,13,7,0.062079,1.409561,1.385054e-01
clip_2,146,14,7,0.023285,0.803363,1.452121e-01
clip_2,146,15,7,0.060814,1.133338,1.436859e-01
clip_2,147,11,7,0.083604,8.070100,2.136443e-01
clip_2,147,12,7,0.044373,2.454187,1.212737e-01
clip_2,147,13,7,0.058882,1.348306,1.380151e-01
clip_2,147,14,7,0.027969,0.878391,1.444826e-01
clip_2,147,15,7,0.064778,1.186687,1.429871e-01
clip_2,148,11,7,0.087438,8.266292,2.138043e-01
clip_2,148,12,7,0.046009,2.488361,1.208205e-01
clip_2,148,13,7,0.057111,1.319084,1.375436e-01
clip_2,148,14,7,0.031901,0.988373,1.438254e-01
clip_2,148,15,7,0.068353,1.259662,1.423559e-01
clip_2,149,11,7,0.087943,8.344116,2.140774e-01
clip_2,149,12,7,0.045885,2.528058,1.201861e-01
clip_2,149,13,7,0.055214,1.274209,1.368274e-01
clip_2,149,14,7,0.034472,1.044960,1.428716e-01
clip_2,149,15,7,0.070717,1.318357,1.414447e-01
clip_2,150,11,7,0.071824,7.311955,2.141134e-01
clip_2,150,12,7,0.034959,2.227792,1.204439e-01
clip_2,150,13,7,0.046668,1.162362,1.370904e-01
clip_2,150,14,7,0.028252,0.852798,1.432876e-01
clip_2,150,15,7,0.059950,1.076225,1.418363e-01
clip_2,151,11,7,0.076587,7.605032,2.145983e-01
clip_2,151,12,7,0.038635,2.328831,1.210240e-01
clip_2,151,13,7,0.050705,1.218990,1.378638e-01
clip_2,151,14,7,0.023802,0.791450,1.442027e-01
clip_2,151,15,7,0.055406,1.002241,1.427640e-01
clip_2,152,11,7,0.061345,6.372133,2.134185e-01
clip_2,152,12,7,0.030062,1.865100,1.210981e-01
clip_2,152,13,7,0.044708,1.178562,1.378778e-01
clip_2,152,14,7,0.017220,0.730183,1.443396e-01
clip_2,152,15,7,0.043448,0.783992,1.428858e-01
clip_2,153,11,7,0.053051,5.657559,2.132297e-01
clip_2,153,12,7,0.025627,1.629085,1.212536e-01
clip_2,153,13,7,0.041452,1.135816,1.380693e-01
clip_2,153,14,7,0.012251,0.660222,1.446028e-01
clip_2,153,15,7,0.034489,0.626723,1.431623e-01
clip_2,154,11,7,0.065653,6.743601,2.127267e-01
clip_2,154,12,7,0.032145,1.950886,1.207809e-01
clip_2,154,13,7,0.044120,1.187407,1.374681e-01
clip_2,154,14,7,0.021659,0.745093,1.438826e-01
clip_2,154,15,7,0.049468,0.894533,1.423767e-01
clip_2,155,11,7,0.066767,6.722771,2.128972e-01
clip_2,155,12,7,0.032529,1.966418,1.203222e-01
clip_2,155,13,7,0.040228,1.083889,1.369950e-01
clip_2,155,14,7,0.025128,0.930349,1.432083e-01
clip_2,155,15,7,0.050700,0.939918,1.417627e-01
clip_2,156,11,7,0.067927,6.961458,2.134686e-01
clip_2,156,12,7,0.033939,2.157577,1.213343e-01
clip_2,156,13,7,0.044179,1.091279,1.381938e-01
clip_2,156,14,7,0.020630,0.783107,1.447276e-01
clip_2,156,15,7,0.047573,0.890814,1.432593e-01
clip_2,157,11,7,0.054700,5.905692,2.132633e-01
clip_2,157,12,7,0.025631,1.791378,1.206106e-01
clip_2,157,13,7,0.034856,0.972036,1.372988e-01
clip_2,157,14,7,0.022210,0.849342,1.436216e-01
clip_2,157,15,7,0.045278,0.864217,1.421913e-01
clip_2,158,11,7,0.055179,5.928765,2.133364e-01
clip_2,158,12,7,0.027101,1.892327,1.216500e-01
clip_2,158,13,7,0.037041,0.937243,1.385131e-01
clip_2,158,14,7,0.018199,0.883535,1.451951e-01
clip_2,158,15,7,0.039844,0.841619,1.437685e-01
clip_2,159,11,7,0.046278,5.075908,2.142878e-01
clip_2,159,12,7,0.022205,1.673930,1.220821e-01
clip_2,159,13,7,0.030052,0.778334,1.391309e-01
clip_2,159,14,7,0.015886,0.892218,1.459055e-01
clip_2,159,15,7,0.032387,0.763348,1.445358e-01
clip_2,160,11,7,0.048043,5.230950,2.149730e-01
clip_2,160,12,7,0.023282,1.809124,1.222700e-01
clip_2,160,13,7,0.028663,0.708128,1.393831e-01
clip_2,160,14,7,0.018357,0.905357,1.461905e-01
clip_2,160,15,7,0.035939,0.867291,1.448334e-01
clip_2,161,11,7,0.047256,5.194112,2.147794e-01
clip_2,161,12,7,0.022265,1.823548,1.218627e-01
clip_2,161,13,7,0.025405,0.646501,1.388586e-01
clip_2,161,14,7,0.021201,1.046668,1.455557e-01
clip_2,161,15,7,0.037694,0.953256,1.442194e-01
clip_2,162,11,7,0.047603,5.255371,2.146007e-01
clip_2,162,12,7,0.022219,1.897443,1.214901e-01
clip_2,162,13,7,0.022877,0.582514,1.384041e-01
clip_2,162,14,7,0.022286,1.100665,1.450014e-01
clip_2,162,15,7,0.037695,0.976506,1.436800e-01
clip_2,163,11,7,0.050850,5.416526,2.145533e-01
clip_2,163,12,7,0.023791,1.945090,1.214102e-01
clip_2,163,13,7,0.022335,0.557764,1.383447e-01
clip_2,163,14,7,0.022690,1.151915,1.449223e-01
clip_2,163,15,7,0.037034,0.992702,1.436155e-01
clip_2,164,10,8,0.039849,4.621664,1.331585e-01
clip_2,164,11,8,0.024379,1.015524,1.172839e-01
clip_2,164,12,8,0.041887,4.081400,1.007092e-01
clip_2,164,13,8,0.017355,1.087908,1.097243e-01
clip_2,164,14,8,0.031344,2.440407,1.110911e-01
clip_2,164,15,8,0.021089,0.404855,1.104977e-01
clip_2,165,10,8,0.037087,4.406660,1.326695e-01
clip_2,165,11,8,0.022742,1.013959,1.168479e-01
clip_2,165,12,8,0.042101,4.024247,1.003193e-01
clip_2,165,13,8,0.015689,1.244070,1.092632e-01
clip_2,165,14,8,0.030172,2.365422,1.106261e-01
clip_2,165,15,8,0.018856,0.385814,1.100083e-01
clip_2,166,10,8,0.033409,4.067533,1.328162e-01
clip_2,166,11,8,0.016915,0.848803,1.170634e-01
clip_2,166,12,8,0.039810,3.906802,1.004171e-01
clip_2,166,13,8,0.015439,1.289538,1.094349e-01
clip_2,166,14,8,0.030399,2.394417,1.108236e-01
clip_2,166,15,8,0.019112,0.390609,1.101857e-01
clip_2,167,10,8,0.031908,3.909123,1.330680e-01
clip_2,167,11,8,0.010442,0.672040,1.172600e-01
clip_2,167,12,8,0.039577,3.909233,1.005502e-01
clip_2,167,13,8,0.015783,1.402668,1.096073e-01
clip_2,167,14,8,0.030501,2.353347,1.110319e-01
clip_2,167,15,8,0.021188,0.506640,1.103710e-01
clip_2,168,10,8,0.030539,3.678509,1.325885e-01
clip_2,168,11,8,0.008030,0.688081,1.168181e-01
clip_2,168,12,8,0.038928,3.731249,1.001462e-01
clip_2,168,13,8,0.020104,1.753066,1.091375e-01
clip_2,168,14,8,0.030642,2.273237,1.105596e-01
clip_2,168,15,8,0.023613,0.750196,1.098550e-01
clip_2,169,10,8,0.030839,3.369917,1.334298e-01
clip_2,169,11,8,0.006554,0.768908,1.176887e-01
clip_2,169,12,8,0.038169,3.577150,1.007874e-01
clip_2,169,13,8,0.025105,1.994112,1.099308e-01
clip_2,169,14,8,0.034387,2.206232,1.114552e-01
clip_2,169,15,8,0.031585,0.957311,1.106648e-01
clip_2,170,10,8,0.030938,3.118313,1.338251e-01
clip_2,170,11,8,0.007907,0.794553,1.180649e-01
clip_2,170,12,8,0.039275,3.387964,1.010653e-01
clip_2,170,13,8,0.034089,2.297953,1.102793e-01
clip_2,170,14,8,0.040277,2.374532,1.118459e-01
clip_2,170,15,8,0.034448,0.974836,1.110431e-01
clip_2,171,11,7,0.047638,5.366287,2.131964e-01
clip_2,171,12,7,0.020500,2.144758,1.191926e-01
clip_2,171,13,7,0.010482,0.885052,1.353656e-01
clip_2,171,14,7,0.020263,1.655350,1.415720e-01
clip_2,171,15,7,0.008719,0.267612,1.403612e-01
clip_2,172,11,7,0.049262,5.264558,2.131799e-01
clip_2,172,12,7,0.019193,2.001939,1.195604e-01
clip_2,172,13,7,0.009416,0.822229,1.358439e-01
clip_2,172,14,7,0.021089,1.648344,1.421635e-01
clip_2,172,15,7,0.014159,0.393668,1.409193e-01
clip_2,173,11,7,0.045458,4.974952,2.130664e-01
clip_2,173,12,7,0.017864,1.895734,1.192206e-01
clip_2,173,13,7,0.011762,1.051938,1.354309e-01
clip_2,173,14,7,0.022258,1.624263,1.416762e-01
clip_2,173,15,7,0.015957,0.334128,1.404019e-01
clip_3,0,12,6,0.094104,5.729111,1.749367e-01
clip_3,0,13,6,0.062578,2.147689,1.483293e-01
clip_3,0,14,6,0.020759,1.490052,2.153657e-01
clip_3,0,15,6,0.030909,1.094565,2.042769e-01
clip_3,1,12,6,0.088379,5.595198,1.749264e-01
clip_3,1,13,6,0.058719,2.087231,1.483900e-01
clip_3,1,14,6,0.020587,1.475800,2.155308e-01
clip_3,1,15,6,0.028897,1.037508,2.044654e-01
clip_3,2,12,6,0.088412,5.462393,1.750820e-01
clip_3,2,13,6,0.058523,2.040121,1.488150e-01
clip_3,2,14,6,0.020621,1.465253,2.162094e-01
clip_3,2,15,6,0.030125,1.072877,2.051945e-01
clip_3,3,12,6,0.089401,5.352554,1.753856e-01
clip_3,3,13,6,0.058873,2.009311,1.496081e-01
clip_3,3,14,6,0.021813,1.528770,2.174109e-01
clip_3,3,15,6,0.032260,1.178364,2.065004e-01
clip_3,4,12,6,0.093881,5.245783,1.753840e-01
clip_3,4,13,6,0.062132,1.993898,1.495858e-01
clip_3,4,14,6,0.021124,1.485677,2.174056e-01
clip_3,4,15,6,0.032871,1.210741,2.064965e-01
clip_3,5,12,6,0.093185,5.260218,1.753192e-01
clip_3,5,13,6,0.062011,2.007001,1.496227e-01
clip_3,5,14,6,0.021337,1.512729,2.175441e-01
clip_3,5,15,6,0.031674,1.209929,2.066290e-01
clip_3,6,12,6,0.093638,5.153258,1.752676e-01
clip_3,6,13,6,0.062138,1.973105,1.496613e-01
clip_3,6,14,6,0.021191,1.496589,2.176384e-01
clip_3,6,15,6,0.032427,1.233717,2.067131e-01
clip_3,7,12,6,0.093897,5.184669,1.753186e-01
clip_3,7,13,6,0.061371,1.961295,1.497809e-01
clip_3,7,14,6,0.021502,1.478886,2.177800e-01
clip_3,7,15,6,0.035492,1.254504,2.068490e-01
clip_3,8,12,6,0.091940,5.250666,1.753967e-01
clip_3,8,13,6,0.059615,1.965147,1.499713e-01
clip_3,8,14,6,0.022143,1.496566,2.180945e-01
clip_3,8,15,6,0.036452,1.250477,2.071866e-01
clip_3,9,12,6,0.096285,5.247562,1.752975e-01
clip_3,9,13,6,0.062200,1.975194,1.495993e-01
clip_3,9,14,6,0.022361,1.495764,2.174134e-01
clip_3,9,15,6,0.038704,1.315620,2.064315e-01
clip_3,10,12,6,0.096733,5.187566,1.751962e-01
clip_3,10,13,6,0.062116,1.944246,1.495094e-01
clip_3,10,14,6,0.021789,1.421203,2.173318e-01
clip_3,10,15,6,0.039742,1.286985,2.063149e-01
clip_3,11,12,6,0.094832,4.995738,1.752512e-01
clip_3,11,13,6,0.060968,1.885964,1.496029e-01
clip_3,11,14,6,0.021625,1.425372,2.175035e-01
clip_3,11,15,6,0.038882,1.307807,2.065057e-01
clip_3,12,12,6,0.092030,5.030650,1.753569e-01
clip_3,12,13,6,0.058956,1.880899,1.496605e-01
clip_3,12,14,6,0.021907,1.429514,2.175264e-01
clip_3,12,15,6,0.038777,1.280914,2.065602e-01
clip_3,13,12,6,0.089572,5.124913,1.753372e-01
clip_3,13,13,6,0.057412,1.902215,1.495014e-01
clip_3,13,14,6,0.022094,1.447869,2.172723e-01
clip_3,13,15,6,0.037796,1.240640,2.062958e-01
clip_3,14,12,6,0.091235,4.981621,1.755031e-01
clip_3,14,13,6,0.058846,1.869186,1.495065e-01
clip_3,14,14,6,0.021306,1.419445,2.171921e-01
clip_3,14,15,6,0.037129,1.255179,2.062683e-01
clip_3,15,12,6,0.093746,5.165694,1.754908e-01
clip_3,15,13,6,0.060536,1.935416,1.492763e-01
clip_3,15,14,6,0.021774,1.456369,2.167309e-01
clip_3,15,15,6,0.037797,1.272290,2.057856e-01
clip_3,16,12,6,0.098822,5.359158,1.754800e-01
clip_3,16,13,6,0.063429,2.003722,1.490123e-01
clip_3,16,14,6,0.022709,1.490719,2.162030e-01
clip_3,16,15,6,0.040789,1.336471,2.052180e-01
clip_3,17,12,6,0.097651,5.297314,1.756073e-01
clip_3,17,13,6,0.061931,1.965802,1.490482e-01
clip_3,17,14,6,0.023637,1.494048,2.161763e-01
clip_3,17,15,6,0.042964,1.371701,2.052114e-01
clip_3,18,12,6,0.102867,5.337886,1.753984e-01
clip_3,18,13,6,0.065759,2.007763,1.488410e-01
clip_3,18,14,6,0.022829,1.482361,2.159106e-01
clip_3,18,15,6,0.042749,1.395923,2.048812e-01
clip_3,19,12,6,0.101758,5.295875,1.754534e-01
clip_3,19,13,6,0.064979,1.992013,1.488593e-01
clip_3,19,14,6,0.022937,1.491210,2.159156e-01
clip_3,19,15,6,0.042659,1.405776,2.048965e-01
clip_3,20,12,6,0.097278,5.390173,1.753910e-01
clip_3,20,13,6,0.062609,2.015641,1.490701e-01
clip_3,20,14,6,0.022592,1.505070,2.163207e-01
clip_3,20,15,6,0.039739,1.321376,2.053113e-01
clip_3,21,12,6,0.095107,5.362629,1.754293e-01
clip_3,21,13,6,0.060829,1.991947,1.489396e-01
clip_3,21,14,6,0.023068,1.509535,2.160556e-01
clip_3,21,15,6,0.040340,1.319732,2.050454e-01
clip_3,22,12,6,0.095437,5.513122,1.752756e-01
clip_3,22,13,6,0.060488,2.023373,1.485552e-01
clip_3,22,14,6,0.023586,1.490399,2.153938e-01
clip_3,22,15,6,0.042088,1.294983,2.043133e-01
clip_3,23,12,6,0.099673,5.709229,1.751669e-01
clip_3,23,13,6,0.062951,2.079277,1.482833e-01
clip_3,23,14,6,0.023385,1.424090,2.148955e-01
clip_3,23,15,6,0.044086,1.256130,2.037754e-01
clip_3,24,12,6,0.095270,5.450681,1.754068e-01
clip_3,24,13,6,0.060254,1.999632,1.489402e-01
clip_3,24,14,6,0.023716,1.482567,2.159553e-01
clip_3,24,15,6,0.042497,1.302600,2.049339e-01
clip_3,25,12,6,0.090596,5.381000,1.756999e-01
clip_3,25,13,6,0.055921,1.936394,1.495370e-01
clip_3,25,14,6,0.025442,1.474074,2.168271e-01
clip_3,25,15,6,0.045229,1.311987,2.058951e-01
clip_3,26,12,6,0.093009,5.409873,1.757004e-01
clip_3,26,13,6,0.057472,1.955475,1.497503e-01
clip_3,26,14,6,0.025946,1.506434,2.171817e-01
clip_3,26,15,6,0.046321,1.363398,2.062628e-01
clip_3,27,11,7,0.029974,3.090372,2.003671e-01
clip_3,27,12,7,0.030374,0.946460,1.170050e-01
clip_3,27,13,7,0.055138,2.176009,1.324383e-01
clip_3,27,14,7,0.026604,1.636458,1.380853e-01
clip_3,27,15,7,0.047895,1.133309,1.365816e-01
clip_3,28,11,7,0.031594,3.238356,1.998343e-01
clip_3,28,12,7,0.033779,1.026813,1.168238e-01
clip_3,28,13,7,0.060305,2.181818,1.321737e-01
clip_3,28,14,7,0.024193,1.528444,1.377752e-01
clip_3,28,15,7,0.047559,1.105432,1.362573e-01
clip_3,29,11,7,0.031216,3.225139,1.995787e-01
clip_3,29,12,7,0.033157,1.017751,1.167618e-01
clip_3,29,13,7,0.061968,2.235428,1.320726e-01
clip_3,29,14,7,0.023331,1.544594,1.376621e-01
clip_3,29,15,7,0.045292,1.079630,1.361538e-01
clip_3,30,11,7,0.033865,3.487396,1.997733e-01
clip_3,30,12,7,0.032704,0.937401,1.168953e-01
clip_3,30,13,7,0.062091,2.226712,1.322384e-01
clip_3,30,14,7,0.023993,1.535474,1.378702e-01
clip_3,30,15,7,0.047671,1.083136,1.363477e-01
clip_3,31,11,7,0.038258,3.782182,2.002896e-01
clip_3,31,12,7,0.038680,1.035509,1.170884e-01
clip_3,31,13,7,0.065506,2.038329,1.324970e-01
clip_3,31,14,7,0.022605,1.338924,1.381539e-01
clip_3,31,15,7,0.051521,1.124609,1.366050e-01
clip_3,32,11,7,0.032641,3.318567,2.004111e-01
clip_3,32,12,7,0.033199,0.948324,1.169294e-01
clip_3,32,13,7,0.059045,2.042665,1.323318e-01
clip_3,32,14,7,0.022512,1.397047,1.379524e-01
clip_3,32,15,7,0.046363,1.039099,1.364304e-01
clip_3,33,11,7,0.025918,2.126295,2.002034e-01
clip_3,33,12,7,0.023221,1.009137,1.173834e-01
clip_3,33,13,7,0.053587,2.139107,1.328107e-01
clip_3,33,14,7,0.017949,1.235095,1.386468e-01
clip_3,33,15,7,0.035909,0.835582,1.371087e-01
clip_3,34,11,7,0.031709,2.293486,1.999050e-01
clip_3,34,12,7,0.018396,0.856506,1.173326e-01
clip_3,34,13,7,0.051002,2.227854,1.326848e-01
clip_3,34,14,7,0.020113,1.285002,1.385520e-01
clip_3,34,15,7,0.040369,0.869077,1.369822e-01
clip_3,35,11,7,0.034800,2.485363,1.997303e-01
clip_3,35,12,7,0.017263,0.780399,1.174023e-01
clip_3,35,13,7,0.051657,2.259457,1.327361e-01
clip_3,35,14,7,0.020584,1.268266,1.386463e-01
clip_3,35,15,7,0.042720,0.879812,1.370540e-01
clip_3,36,11,7,0.034806,2.496041,1.997233e-01
clip_3,36,12,7,0.017568,0.786726,1.173930e-01
clip_3,36,13,7,0.052154,2.258635,1.327237e-01
clip_3,36,14,7,0.020136,1.249286,1.386308e-01
clip_3,36,15,7,0.042383,0.867144,1.370374e-01
clip_3,37,11,7,0.033724,2.402022,1.998447e-01
clip_3,37,12,7,0.017287,0.802331,1.173879e-01
clip_3,37,13,7,0.051171,2.266653,1.327301e-01
clip_3,37,14,7,0.020959,1.351294,1.386239e-01
clip_3,37,15,7,0.040916,0.902873,1.370585e-01
clip_3,38,11,7,0.038916,2.515144,1.993774e-01
clip_3,38,12,7,0.014024,0.718022,1.171636e-01
clip_3,38,13,7,0.051316,2.388201,1.324028e-01
clip_3,38,14,7,0.021058,1.432059,1.382601e-01
clip_3,38,15,7,0.038275,0.860586,1.367058e-01
clip_3,39,11,7,0.038854,3.041888,1.989589e-01
clip_3,39,12,7,0.015040,0.575187,1.168211e-01
clip_3,39,13,7,0.054393,2.493792,1.319830e-01
clip_3,39,14,7,0.020679,1.448183,1.377509e-01
clip_3,39,15,7,0.036352,0.724772,1.361871e-01
clip_3,40,11,7,0.036825,3.692518,2.000990e-01
clip_3,40,12,7,0.023004,0.605275,1.166754e-01
clip_3,40,13,7,0.057831,2.319501,1.318904e-01
clip_3,40,14,7,0.022114,1.509719,1.375160e-01
clip_3,40,15,7,0.040701,0.843451,1.359924e-01
clip_3,41,11,7,0.038448,3.503791,1.999991e-01
clip_3,41,12,7,0.016230,0.479856,1.169926e-01
clip_3,41,13,7,0.054341,2.564247,1.322577e-01
clip_3,41,14,7,0.023599,1.605947,1.380266e-01
clip_3,41,15,7,0.039696,0.765249,1.364777e-01
clip_3,42,11,7,0.039649,3.454257,1.997789e-01
clip_3,42,12,7,0.013821,0.417091,1.165524e-01
clip_3,42,13,7,0.051787,2.551091,1.316859e-01
clip_3,42,14,7,0.025746,1.628341,1.373354e-01
clip_3,42,15,7,0.044605,0.855045,1.357816e-01
clip_3,43,11,7,0.043883,3.797070,1.997095e-01
clip_3,43,12,7,0.011651,0.297016,1.164426e-01
clip_3,43,13,7,0.051610,2.602424,1.315304e-01
clip_3,43,14,7,0.027914,1.701638,1.371552e-01
clip_3,43,15,7,0.048099,0.903936,1.355962e-01
clip_3,44,11,7,0.044925,3.618682,1.998604e-01
clip_3,44,12,7,0.009187,0.262494,1.170296e-01
clip_3,44,13,7,0.051226,2.677919,1.322367e-01
clip_3,44,14,7,0.025867,1.681377,1.380604e-01
clip_3,44,15,7,0.042894,0.796756,1.364875e-01
clip_3,45,11,7,0.044261,3.602952,2.006604e-01
clip_3,45,12,7,0.010631,0.289214,1.172720e-01
clip_3,45,13,7,0.052233,2.573147,1.325437e-01
clip_3,45,14,7,0.024426,1.642456,1.384056e-01
clip_3,45,15,7,0.040756,0.800874,1.368585e-01
clip_3,46,11,7,0.047753,4.238431,2.006972e-01
clip_3,46,12,7,0.013366,0.344364,1.173436e-01
clip_3,46,13,7,0.056779,2.652085,1.325955e-01
clip_3,46,14,7,0.025126,1.711484,1.384795e-01
clip_3,46,15,7,0.042580,0.813700,1.369274e-01
clip_3,47,11,7,0.046843,4.639503,2.014013e-01
clip_3,47,12,7,0.020063,0.559543,1.173059e-01
clip_3,47,13,7,0.057992,2.402292,1.325852e-01
clip_3,47,14,7,0.025570,1.588067,1.384157e-01
clip_3,47,15,7,0.049385,0.921783,1.368516e-01
clip_3,48,11,7,0.047745,4.891932,2.014602e-01
clip_3,48,12,7,0.023829,0.676379,1.168635e-01
clip_3,48,13,7,0.057416,2.311269,1.320955e-01
clip_3,48,14,7,0.028140,1.560741,1.377629e-01
clip_3,48,15,7,0.055019,0.983279,1.361926e-01
clip_3,49,11,7,0.046640,4.800457,2.015066e-01
clip_3,49,12,7,0.022987,0.660896,1.166344e-01
clip_3,49,13,7,0.052975,2.232546,1.318356e-01
clip_3,49,14,7,0.031768,1.494100,1.374465e-01
clip_3,49,15,7,0.060335,1.027593,1.358442e-01
clip_3,50,11,7,0.049504,5.094356,2.013164e-01
clip_3,50,12,7,0.023987,0.717888,1.165282e-01
clip_3,50,13,7,0.055212,2.316513,1.316886e-01
clip_3,50,14,7,0.031119,1.479749,1.372781e-01
clip_3,50,15,7,0.060472,0.992783,1.356602e-01
clip_3,51,11,7,0.053469,5.476094,2.014057e-01
clip_3,51,12,7,0.026834,0.872206,1.161299e-01
clip_3,51,13,7,0.055268,2.203199,1.312006e-01
clip_3,51,14,7,0.034238,1.484039,1.366630e-01
clip_3,51,15,7,0.065796,1.080823,1.350500e-01
clip_3,52,11,7,0.055751,5.736559,2.014508e-01
clip_3,52,12,7,0.024852,0.958589,1.165627e-01
clip_3,52,13,7,0.055550,2.263933,1.316896e-01
clip_3,52,14,7,0.031386,1.520217,1.373142e-01
clip_3,52,15,7,0.060942,0.993846,1.356916e-01
clip_3,53,11,7,0.056333,5.783112,2.013746e-01
clip_3,53,12,7,0.026191,1.031468,1.163884e-01
clip_3,53,13,7,0.053222,2.096463,1.314942e-01
clip_3,53,14,7,0.032941,1.424861,1.370785e-01
clip_3,53,15,7,0.063703,1.028600,1.354372e-01
clip_3,54,11,7,0.062797,6.106846,2.017121e-01
clip_3,54,12,7,0.035431,1.187383,1.162260e-01
clip_3,54,13,7,0.058080,1.913295,1.313795e-01
clip_3,54,14,7,0.031408,1.217678,1.368593e-01
clip_3,54,15,7,0.065399,1.035830,1.352126e-01
clip_3,55,11,7,0.068920,6.683309,2.020169e-01
clip_3,55,12,7,0.037373,1.386077,1.160569e-01
clip_3,55,13,7,0.059008,1.878689,1.311477e-01
clip_3,55,14,7,0.034949,1.142337,1.365897e-01
clip_3,55,15,7,0.072196,1.123779,1.349065e-01
clip_3,56,11,7,0.064027,6.288305,2.015686e-01
clip_3,56,12,7,0.033717,1.227880,1.161659e-01
clip_3,56,13,7,0.055819,1.936762,1.312733e-01
clip_3,56,14,7,0.033370,1.080732,1.367863e-01
clip_3,56,15,7,0.068662,1.060732,1.350682e-01
clip_3,57,11,7,0.059683,6.019854,2.008690e-01
clip_3,57,12,7,0.026753,1.095283,1.153953e-01
clip_3,57,13,7,0.048063,2.071435,1.303416e-01
clip_3,57,14,7,0.038963,1.178423,1.356779e-01
clip_3,57,15,7,0.071784,1.107270,1.339472e-01
clip_3,58,11,7,0.059372,5.967241,2.015173e-01
clip_3,58,12,7,0.027207,1.089181,1.155401e-01
clip_3,58,13,7,0.047875,2.024931,1.305505e-01
clip_3,58,14,7,0.038673,1.110969,1.358972e-01
clip_3,58,15,7,0.071800,1.118616,1.341682e-01
clip_3,59,11,7,0.066792,6.642695,2.019172e-01
clip_3,59,12,7,0.030897,1.391741,1.153170e-01
clip_3,59,13,7,0.049644,1.877669,1.302599e-01
clip_3,59,14,7,0.041228,1.102395,1.355268e-01
clip_3,59,15,7,0.076965,1.190923,1.338031e-01
clip_3,60,11,7,0.068708,6.821008,2.025263e-01
clip_3,60,12,7,0.031503,1.526225,1.154169e-01
clip_3,60,13,7,0.048946,1.772612,1.303939e-01
clip_3,60,14,7,0.041099,1.149879,1.356639e-01
clip_3,60,15,7,0.076335,1.178871,1.339747e-01
clip_3,61,11,7,0.064558,6.591156,2.020172e-01
clip_3,61,12,7,0.027243,1.442800,1.153749e-01
clip_3,61,13,7,0.047966,1.870266,1.302781e-01
clip_3,61,14,7,0.039150,1.121113,1.355790e-01
clip_3,61,15,7,0.073719,1.141093,1.338718e-01
clip_3,62,11,7,0.068678,7.087954,2.008513e-01
clip_3,62,12,7,0.023914,1.605103,1.155105e-01
clip_3,62,13,7,0.052989,2.265969,1.302685e-01
clip_3,62,14,7,0.030022,1.249909,1.357299e-01
clip_3,62,15,7,0.062368,0.993674,1.340210e-01
clip_3,63,11,7,0.068283,6.945058,2.023685e-01
clip_3,63,12,7,0.029918,1.551236,1.158797e-01
clip_3,63,13,7,0.054531,1.957257,1.308429e-01
clip_3,63,14,7,0.032037,1.113455,1.362950e-01
clip_3,63,15,7,0.067069,1.047108,1.346087e-01
clip_3,64,11,7,0.060387,6.184748,2.015346e-01
clip_3,64,12,7,0.019898,1.263750,1.163244e-01
clip_3,64,13,7,0.050133,2.215125,1.312761e-01
clip_3,64,14,7,0.028260,1.214728,1.369608e-01
clip_3,64,15,7,0.058169,0.917687,1.352568e-01
clip_3,65,11,7,0.058297,6.020971,2.015497e-01
clip_3,65,12,7,0.020080,1.194556,1.163352e-01
clip_3,65,13,7,0.048267,2.151711,1.313419e-01
clip_3,65,14,7,0.027943,1.018364,1.370412e-01
clip_3,65,15,7,0.058709,0.977531,1.352930e-01
clip_3,66,11,7,0.058721,5.998970,2.014444e-01
clip_3,66,12,7,0.018797,1.200404,1.162133e-01
clip_3,66,13,7,0.048690,2.171576,1.311266e-01
clip_3,66,14,7,0.028774,1.098665,1.367949e-01
clip_3,66,15,7,0.059719,0.955960,1.350646e-01
clip_3,67,11,7,0.058179,5.822111,2.011878e-01
clip_3,67,12,7,0.015755,1.129386,1.161882e-01
clip_3,67,13,7,0.046644,2.286251,1.310844e-01
clip_3,67,14,7,0.030463,1.170376,1.367670e-01
clip_3,67,15,7,0.060284,0.963244,1.350293e-01
clip_3,68,11,7,0.059304,5.721446,2.013755e-01
clip_3,68,12,7,0.013607,1.179072,1.161198e-01
clip_3,68,13,7,0.042528,2.301777,1.309652e-01
clip_3,68,14,7,0.033737,1.175324,1.366508e-01
clip_3,68,15,7,0.063197,1.017974,1.348955e-01
clip_3,69,11,7,0.053245,5.264800,2.010530e-01
clip_3,69,12,7,0.012351,0.983876,1.159986e-01
clip_3,69,13,7,0.040335,2.203376,1.308633e-01
clip_3,69,14,7,0.033682,1.152108,1.365028e-01
clip_3,69,15,7,0.061542,0.981305,1.347547e-01
clip_3,70,11,7,0.055964,5.056341,2.006666e-01
clip_3,70,12,7,0.010286,0.938903,1.163888e-01
clip_3,70,13,7,0.041107,2.345823,1.312571e-01
clip_3,70,14,7,0.027651,1.181422,1.370721e-01
clip_3,70,15,7,0.052674,0.851776,1.353313e-01
clip_3,71,11,7,0.058720,5.528022,2.007109e-01
clip_3,71,12,7,0.012596,1.152502,1.165070e-01
clip_3,71,13,7,0.041329,2.373771,1.313846e-01
clip_3,71,14,7,0.030016,1.271744,1.372550e-01
clip_3,71,15,7,0.055598,0.898065,1.355018e-01
clip_3,72,11,7,0.059048,5.858284,2.014001e-01
clip_3,72,12,7,0.014680,1.260607,1.166995e-01
clip_3,72,13,7,0.042800,2.296687,1.316719e-01
clip_3,72,14,7,0.029268,1.168342,1.375754e-01
clip_3,72,15,7,0.056563,0.948261,1.358105e-01
clip_3,73,11,7,0.053807,5.347402,2.012433e-01
clip_3,73,12,7,0.012128,1.034723,1.166571e-01
clip_3,73,13,7,0.040231,2.310879,1.316684e-01
clip_3,73,14,7,0.028181,1.033758,1.375767e-01
clip_3,73,15,7,0.054256,0.986002,1.357856e-01
clip_3,74,11,7,0.053682,5.462169,2.018456e-01
clip_3,74,12,7,0.013836,1.118905,1.166258e-01
clip_3,74,13,7,0.041073,2.211865,1.317105e-01
clip_3,74,14,7,0.024549,1.121003,1.375404e-01
clip_3,74,15,7,0.047995,0.842790,1.358314e-01
clip_3,75,11,7,0.062549,6.370269,2.014496e-01
clip_3,75,12,7,0.017951,1.471140,1.166201e-01
clip_3,75,13,7,0.046379,2.217329,1.315555e-01
clip_3,75,14,7,0.027057,1.214977,1.374220e-01
clip_3,75,15,7,0.055116,0.900878,1.356941e-01
clip_3,76,11,7,0.062439,6.166814,2.014792e-01
clip_3,76,12,7,0.016278,1.440663,1.166209e-01
clip_3,76,13,7,0.043453,2.218193,1.315229e-01
clip_3,76,14,7,0.029732,1.179031,1.374170e-01
clip_3,76,15,7,0.058446,0.955579,1.356641e-01
clip_3,77,11,7,0.067076,6.734315,2.012943e-01
clip_3,77,12,7,0.018943,1.656962,1.162891e-01
clip_3,77,13,7,0.045247,2.271738,1.311165e-01
clip_3,77,14,7,0.032215,1.276467,1.368992e-01
clip_3,77,15,7,0.062229,1.005387,1.351492e-01
clip_3,78,11,7,0.067801,6.785435,2.014064e-01
clip_3,78,12,7,0.019312,1.650142,1.161480e-01
clip_3,78,13,7,0.047135,2.281181,1.309538e-01
clip_3,78,14,7,0.031289,1.283007,1.366609e-01
clip_3,78,15,7,0.061735,0.988260,1.349306e-01
clip_3,79,11,7,0.066352,6.386521,2.014766e-01
clip_3,79,12,7,0.016986,1.541995,1.157006e-01
clip_3,79,13,7,0.043876,2.393156,1.304428e-01
clip_3,79,14,7,0.030333,1.280753,1.360110e-01
clip_3,79,15,7,0.058047,0.959081,1.343086e-01
clip_3,80,11,7,0.063026,5.887170,2.012533e-01
clip_3,80,12,7,0.015128,1.366693,1.156485e-01
clip_3,80,13,7,0.042197,2.500162,1.304064e-01
clip_3,80,14,7,0.027178,1.378713,1.359660e-01
clip_3,80,15,7,0.049355,0.829594,1.343070e-01
clip_3,81,11,7,0.066808,6.214078,2.007860e-01
clip_3,81,12,7,0.016893,1.518407,1.152642e-01
clip_3,81,13,7,0.043196,2.549737,1.298915e-01
clip_3,81,14,7,0.027696,1.434159,1.353592e-01
clip_3,81,15,7,0.050312,0.839232,1.337057e-01
clip_3,82,11,7,0.068611,6.459964,1.998775e-01
clip_3,82,12,7,0.017424,1.586647,1.145609e-01
clip_3,82,13,7,0.043881,2.519503,1.289776e-01
clip_3,82,14,7,0.031748,1.463458,1.342597e-01
clip_3,82,15,7,0.057744,0.914470,1.325927e-01
clip_3,83,11,7,0.069684,7.007201,2.005357e-01
clip_3,83,12,7,0.019984,1.758942,1.154726e-01
clip_3,83,13,7,0.047308,2.373442,1.301270e-01
clip_3,83,14,7,0.030387,1.439859,1.356454e-01
clip_3,83,15,7,0.058053,0.919336,1.339566e-01
clip_3,84,11,7,0.067326,6.494795,2.001893e-01
clip_3,84,12,7,0.017069,1.557741,1.151855e-01
clip_3,84,13,7,0.044989,2.471023,1.297680e-01
clip_3,84,14,7,0.031098,1.433635,1.352224e-01
clip_3,84,15,7,0.057755,0.915766,1.335362e-01
clip_3,85,11,7,0.067895,6.776972,2.008861e-01
clip_3,85,12,7,0.018915,1.642230,1.157206e-01
clip_3,85,13,7,0.047599,2.364277,1.304553e-01
clip_3,85,14,7,0.029439,1.385039,1.360262e-01
clip_3,85,15,7,0.057290,0.910460,1.343367e-01
clip_3,86,11,7,0.064704,6.477766,2.008048e-01
clip_3,86,12,7,0.017862,1.532306,1.161912e-01
clip_3,86,13,7,0.047208,2.307255,1.310280e-01
clip_3,86,14,7,0.025555,1.296007,1.367627e-01
clip_3,86,15,7,0.051657,0.840595,1.350582e-01
clip_3,87,11,7,0.060954,5.932245,2.002994e-01
clip_3,87,12,7,0.014621,1.318937,1.160047e-01
clip_3,87,13,7,0.044462,2.371844,1.307907e-01
clip_3,87,14,7,0.024459,1.263646,1.365002e-01
clip_3,87,15,7,0.048447,0.810138,1.347913e-01
clip_3,88,11,7,0.064545,6.644445,2.009707e-01
clip_3,88,12,7,0.019594,1.594361,1.162649e-01
clip_3,88,13,7,0.046812,2.215871,1.311381e-01
clip_3,88,14,7,0.027495,1.305955,1.368876e-01
clip_3,88,15,7,0.054627,0.878529,1.351766e-01
clip_3,89,11,7,0.061487,6.316217,2.004919e-01
clip_3,89,12,7,0.017875,1.478555,1.159046e-01
clip_3,89,13,7,0.043433,2.164196,1.306998e-01
clip_3,89,14,7,0.030768,1.258933,1.363573e-01
clip_3,89,15,7,0.058593,0.934208,1.346243e-01
clip_3,90,11,7,0.063743,6.474687,2.005745e-01
clip_3,90,12,7,0.018148,1.580267,1.160026e-01
clip_3,90,13,7,0.042969,2.192052,1.307811e-01
clip_3,90,14,7,0.033098,1.365461,1.364805e-01
clip_3,90,15,7,0.061074,0.959382,1.347522e-01
clip_3,91,11,7,0.066689,6.804176,2.005996e-01
clip_3,91,12,7,0.019994,1.712773,1.157985e-01
clip_3,91,13,7,0.044527,2.144011,1.305137e-01
clip_3,91,14,7,0.034129,1.320536,1.361463e-01
clip_3,91,15,7,0.064456,1.010980,1.344095e-01
clip_3,92,11,7,0.069199,6.967640,1.999406e-01
clip_3,92,12,7,0.019851,1.760455,1.149689e-01
clip_3,92,13,7,0.043952,2.284481,1.294616e-01
clip_3,92,14,7,0.039307,1.470042,1.348653e-01
clip_3,92,15,7,0.070301,1.084173,1.331395e-01
clip_3,93,11,7,0.065708,6.719115,2.004068e-01
clip_3,93,12,7,0.019430,1.658398,1.153736e-01
clip_3,93,13,7,0.042736,2.167596,1.300034e-01
clip_3,93,14,7,0.039374,1.440662,1.354966e-01
clip_3,93,15,7,0.069854,1.082307,1.337715e-01
clip_3,94,11,7,0.067010,6.760219,2.001220e-01
clip_3,94,12,7,0.018652,1.658053,1.153103e-01
clip_3,94,13,7,0.044439,2.358371,1.299103e-01
clip_3,94,14,7,0.035654,1.558157,1.353972e-01
clip_3,94,15,7,0.063425,0.983235,1.337053e-01
clip_3,95,11,7,0.062866,6.399164,1.999406e-01
clip_3,95,12,7,0.017176,1.480197,1.152300e-01
clip_3,95,13,7,0.043164,2.326610,1.298443e-01
clip_3,95,14,7,0.035570,1.509789,1.353052e-01
clip_3,95,15,7,0.062643,0.970473,1.336089e-01
clip_3,96,11,7,0.062165,6.297458,1.994318e-01
clip_3,96,12,7,0.016325,1.390431,1.152571e-01
clip_3,96,13,7,0.045083,2.420696,1.298543e-01
clip_3,96,14,7,0.031281,1.448341,1.353576e-01
clip_3,96,15,7,0.057240,0.899977,1.336497e-01
clip_3,97,11,7,0.062473,6.289213,1.998428e-01
clip_3,97,12,7,0.016549,1.391429,1.157032e-01
clip_3,97,13,7,0.046571,2.385481,1.303865e-01
clip_3,97,14,7,0.027697,1.334337,1.360253e-01
clip_3,97,15,7,0.053999,0.871537,1.343049e-01
clip_3,98,11,7,0.060556,6.137805,2.001727e-01
clip_3,98,12,7,0.015979,1.309510,1.161488e-01
clip_3,98,13,7,0.046229,2.397588,1.309603e-01
clip_3,98,14,7,0.026481,1.288146,1.367348e-01
clip_3,98,15,7,0.052150,0.868563,1.349990e-01
clip_3,99,11,7,0.060396,6.019918,2.001108e-01
clip_3,99,12,7,0.014961,1.249446,1.163857e-01
clip_3,99,13,7,0.047006,2.443882,1.312257e-01
clip_3,99,14,7,0.025226,1.294353,1.370792e-01
clip_3,99,15,7,0.050350,0.838673,1.353403e-01
clip_3,100,11,7,0.060550,6.231279,2.005006e-01
clip_3,100,12,7,0.017886,1.298768,1.165207e-01
clip_3,100,13,7,0.048997,2.358047,1.314499e-01
clip_3,100,14,7,0.026148,1.360479,1.372894e-01
clip_3,100,15,7,0.051789,0.828337,1.355767e-01
clip_3,101,11,7,0.057958,5.918510,2.006171e-01
clip_3,101,12,7,0.015811,1.199909,1.165760e-01
clip_3,101,13,7,0.046021,2.327906,1.315293e-01
clip_3,101,14,7,0.028118,1.349190,1.373848e-01
clip_3,101,15,7,0.053844,0.856157,1.356644e-01
clip_3,102,11,7,0.056434,5.793567,2.004344e-01
clip_3,102,12,7,0.016117,1.111279,1.163163e-01
clip_3,102,13,7,0.046775,2.335179,1.312447e-01
clip_3,102,14,7,0.028550,1.420983,1.369943e-01
clip_3,102,15,7,0.053463,0.836378,1.353053e-01
clip_3,103,11,7,0.054211,5.652072,2.004271e-01
clip_3,103,12,7,0.021916,0.984141,1.159457e-01
clip_3,103,13,7,0.050614,2.193216,1.308878e-01
clip_3,103,14,7,0.026223,1.265355,1.364651e-01
clip_3,103,15,7,0.053190,0.828664,1.347978e-01
clip_3,104,11,7,0.045016,4.700385,2.005097e-01
clip_3,104,12,7,0.019825,0.611785,1.159147e-01
clip_3,104,13,7,0.047818,2.276760,1.309672e-01
clip_3,104,14,7,0.025861,1.250336,1.364855e-01
clip_3,104,15,7,0.050089,0.780825,1.348386e-01
clip_3,105,11,7,0.037730,3.974795,1.997858e-01
clip_3,105,12,7,0.017201,0.439292,1.157161e-01
clip_3,105,13,7,0.043749,2.288611,1.307448e-01
clip_3,105,14,7,0.027410,1.342404,1.362189e-01
clip_3,105,15,7,0.048582,0.758868,1.345875e-01
clip_3,106,12,6,0.077550,6.012490,1.767506e-01
clip_3,106,13,6,0.041737,1.960839,1.496188e-01
clip_3,106,14,6,0.027894,1.081737,2.163232e-01
clip_3,106,15,6,0.048459,0.860305,2.056646e-01
clip_3,107,12,6,0.081988,6.788556,1.760663e-01
clip_3,107,13,6,0.042079,2.221189,1.486648e-01
clip_3,107,14,6,0.028810,1.196037,2.150833e-01
clip_3,107,15,6,0.047872,0.808470,2.042065e-01
clip_3,108,12,6,0.082310,6.583130,1.760458e-01
clip_3,108,13,6,0.045131,2.193987,1.486295e-01
clip_3,108,14,6,0.026383,1.263063,2.152083e-01
clip_3,108,15,6,0.044399,0.833585,2.043580e-01
clip_3,109,12,6,0.075892,6.107679,1.760119e-01
clip_3,109,13,6,0.042224,2.058371,1.481671e-01
clip_3,109,14,6,0.024639,1.297751,2.146740e-01
clip_3,109,15,6,0.039677,0.831639,2.038259e-01
clip_3,110,12,6,0.079618,5.099326,1.753304e-01
clip_3,110,13,6,0.048586,1.764137,1.476203e-01
clip_3,110,14,6,0.020726,1.046497,2.145650e-01
clip_3,110,15,6,0.040235,0.907633,2.035395e-01
clip_3,111,12,6,0.074106,4.052059,1.753541e-01
clip_3,111,13,6,0.049467,1.524173,1.480278e-01
clip_3,111,14,6,0.013274,0.945966,2.155631e-01
clip_3,111,15,6,0.023831,0.779039,2.046787e-01
clip_3,112,12,6,0.068061,3.705674,1.750894e-01
clip_3,112,13,6,0.047561,1.480876,1.477026e-01
clip_3,112,14,6,0.017470,1.212841,2.153034e-01
clip_3,112,15,6,0.017634,0.940141,2.043710e-01
clip_3,113,12,6,0.061203,3.590793,1.745941e-01
clip_3,113,13,6,0.047730,1.551151,1.464428e-01
clip_3,113,14,6,0.027627,1.450011,2.136146e-01
clip_3,113,15,6,0.015293,0.950718,2.026140e-01
clip_3,114,12,6,0.037084,3.072109,1.748090e-01
clip_3,114,13,6,0.032446,1.367258,1.461559e-01
clip_3,114,14,6,0.035737,1.513287,2.134462e-01
clip_3,114,15,6,0.028623,0.828933,2.025964e-01
clip_3,115,12,6,0.056688,3.331190,1.739362e-01
clip_3,115,13,6,0.018212,1.454820,1.439252e-01
clip_3,115,14,6,0.049336,1.739976,2.103866e-01
clip_3,115,15,6,0.056986,0.940507,1.994004e-01
clip_3,116,12,6,0.125142,3.749074,1.736388e-01
clip_3,116,13,6,0.054501,1.603149,1.429563e-01
clip_3,116,14,6,0.045199,1.482816,2.097563e-01
clip_3,116,15,6,0.071260,1.173310,1.985905e-01
clip_3,117,12,6,0.089990,2.370408,1.746206e-01
clip_3,117,13,6,0.051249,1.025433,1.438638e-01
clip_3,117,14,6,0.011195,0.198378,2.112556e-01
clip_3,117,15,6,0.034594,0.858936,2.002332e-01
clip_3,118,12,6,0.134778,4.895914,1.741123e-01
clip_3,118,13,6,0.086140,1.974411,1.435586e-01
clip_3,118,14,6,0.008158,0.374827,2.120650e-01
clip_3,118,15,6,0.042352,0.976429,2.007106e-01
clip_3,119,12,6,0.162366,6.887136,1.745142e-01
clip_3,119,13,6,0.114226,2.828563,1.442987e-01
clip_3,119,14,6,0.017761,0.497095,2.138536e-01
clip_3,119,15,6,0.022171,0.503896,2.021884e-01
clip_3,120,13,5,0.221297,20.792050,3.178745e-02
clip_3,120,14,5,0.035704,2.471336,2.095412e-01
clip_3,120,15,5,0.044521,2.791810,1.921704e-01
clip_3,121,7,6,1.636619,68.441267,1.752306e-01
clip_3,121,13,6,0.250045,10.796261,4.170116e-02
clip_3,121,14,6,0.033304,1.059940,5.748659e-02
clip_3,121,15,6,0.107327,5.274464,4.951432e-02
clip_3,121,16,6,0.196069,5.825671,5.457327e-02
clip_3,121,17,6,0.766898,25.602363,1.679824e-02
clip_3,122,7,6,1.643250,72.348424,1.750319e-01
clip_3,122,13,6,0.220023,10.591803,4.126273e-02
clip_3,122,14,6,0.037218,0.925294,5.671660e-02
clip_3,122,15,6,0.104267,5.053361,4.888137e-02
clip_3,122,16,6,0.175563,5.882508,5.386692e-02
clip_3,122,17,6,0.683937,21.795753,1.644666e-02
clip_3,123,7,6,1.582513,72.024818,1.745677e-01
clip_3,123,13,6,0.177643,9.377927,4.154642e-02
clip_3,123,14,6,0.061054,1.196924,5.711205e-02
clip_3,123,15,6,0.118921,4.774556,4.930076e-02
clip_3,123,16,6,0.151654,5.468428,5.418827e-02
clip_3,123,17,6,0.614208,19.077701,1.642452e-02
clip_3,124,6,7,0.696872,52.434963,5.638013e-02
clip_3,124,7,7,0.688500,55.603149,3.725331e-02
clip_3,124,13,7,0.134628,10.091469,5.640240e-02
clip_3,124,14,7,0.084425,1.667607,7.061422e-02
clip_3,124,15,7,0.087339,5.263087,6.255724e-02
clip_3,124,16,7,0.137161,2.896334,6.238948e-02
clip_3,124,17,7,0.171961,4.622388,5.360833e-02
clip_3,125,6,7,0.383977,29.703763,5.608425e-02
clip_3,125,7,7,0.490202,33.346546,3.686110e-02
clip_3,125,13,7,0.136917,10.297514,5.579359e-02
clip_3,125,14,7,0.059126,1.224674,6.965749e-02
clip_3,125,15,7,0.066583,3.039160,6.192008e-02
clip_3,125,16,7,0.142898,3.076614,6.150834e-02
clip_3,125,17,7,0.124004,3.739116,5.272287e-02
clip_3,126,6,6,0.853932,58.917046,4.207900e-02
clip_3,126,7,6,0.708214,12.208491,1.633982e-02
clip_3,126,14,6,0.079858,3.849425,7.448419e-02
clip_3,126,15,6,0.057085,1.759050,6.857773e-02
clip_3,126,16,6,0.113944,6.508568,5.712334e-02
clip_3,126,17,6,0.217519,8.444513,1.687658e-02
clip_3,127,6,6,0.896282,66.394527,4.167715e-02
clip_3,127,7,6,1.457380,124.619646,1.677526e-02
clip_3,127,14,6,0.083123,1.769754,7.374854e-02
clip_3,127,15,6,0.104127,1.710572,6.749211e-02
clip_3,127,16,6,0.074220,4.055513,5.665914e-02
clip_3,127,17,6,0.131634,6.743473,1.707243e-02
clip_3,128,6,6,1.013368,66.385848,4.165801e-02
clip_3,128,7,6,1.935893,181.818194,1.695327e-02
clip_3,128,14,6,0.116245,3.622310,7.307711e-02
clip_3,128,15,6,0.110975,2.051459,6.683560e-02
clip_3,128,16,6,0.103530,8.066300,5.575014e-02
clip_3,128,17,6,0.197356,6.635354,1.763455e-02
clip_3,129,6,6,1.025981,74.623745,4.190677e-02
clip_3,129,7,6,1.966781,180.971549,1.723894e-02
clip_3,129,14,6,0.129211,2.438966,7.417473e-02
clip_3,129,15,6,0.156226,2.567593,6.767395e-02
clip_3,129,16,6,0.070547,3.903243,5.698659e-02
clip_3,129,17,6,0.142504,8.591768,1.744969e-02
clip_3,130,6,6,0.931548,95.387698,4.057977e-02
clip_3,130,7,6,1.899038,169.350537,1.521109e-02
clip_3,130,14,6,0.203825,11.865089,7.297231e-02
clip_3,130,15,6,0.246921,4.315435,6.704499e-02
clip_3,130,16,6,0.179569,10.948943,5.737649e-02
clip_3,130,17,6,0.783278,52.842496,1.483577e-02
clip_3,177,0,5,0.067926,3.157978,3.946475e-02
clip_3,177,1,5,0.059999,3.113299,4.348627e-02
clip_3,177,7,5,2.597687,127.439799,2.955844e-02
clip_3,177,8,5,0.174312,9.623603,1.147138e-02
clip_3,177,9,5,0.431501,16.043895,7.177294e-03
clip_3,178,0,5,0.109449,3.654024,3.948204e-02
clip_3,178,1,5,0.094237,3.433238,4.343961e-02
clip_3,178,7,5,2.549220,113.859714,2.913983e-02
clip_3,178,8,5,0.255796,9.000596,1.125886e-02
clip_3,178,9,5,0.711119,24.851619,7.129289e-03
clip_3,179,0,5,0.143001,3.998438,3.934805e-02
clip_3,179,1,5,0.122883,3.626907,4.328285e-02
clip_3,179,7,5,2.457971,96.318303,2.892101e-02
clip_3,179,8,5,0.328786,8.889296,1.106354e-02
clip_3,179,9,5,0.923444,34.843792,7.052604e-03
clip_3,184,0,5,0.108026,2.319952,1.805013e-01
clip_3,184,1,5,0.089108,1.928379,1.942926e-01
clip_3,184,2,5,0.481693,11.447500,2.799204e-02
clip_3,185,0,5,0.098695,2.260350,1.812424e-01
clip_3,185,1,5,0.081608,1.894148,1.952900e-01
clip_3,185,2,5,0.453930,11.697045,2.804254e-02
clip_3,186,0,5,0.090265,2.321738,1.802543e-01
clip_3,186,1,5,0.075085,1.968236,1.950543e-01
clip_3,186,2,5,0.439496,12.822607,2.789353e-02
clip_3,187,0,5,0.087706,2.330749,1.800762e-01
clip_3,187,1,5,0.073093,1.981564,1.950639e-01
clip_3,187,2,5,0.434244,13.072893,2.782566e-02
clip_3,188,0,5,0.076543,2.221126,1.793076e-01
clip_3,188,1,5,0.064049,1.900308,1.939528e-01
clip_3,188,2,5,0.393027,12.882346,2.768256e-02
clip_3,189,0,5,0.072196,2.413982,1.783196e-01
clip_3,189,1,5,0.060967,2.080201,1.928330e-01
clip_3,189,2,5,0.397042,14.506365,2.739131e-02
clip_3,190,0,5,0.067589,2.358906,1.781781e-01
clip_3,190,1,5,0.057236,2.036680,1.930178e-01
clip_3,190,2,5,0.378920,14.314938,2.740295e-02
clip_3,191,0,5,0.054909,2.084753,1.772166e-01
clip_3,191,1,5,0.046736,1.805863,1.924670e-01
clip_3,191,2,5,0.317101,12.879367,2.746322e-02
clip_3,192,0,5,0.045687,1.895977,1.776192e-01
clip_3,192,1,5,0.039128,1.647197,1.933737e-01
clip_3,192,2,5,0.272755,11.906652,2.767902e-02
clip_3,193,0,5,0.047550,1.788579,1.768277e-01
clip_3,193,1,5,0.040427,1.549378,1.924455e-01
clip_3,193,2,5,0.271530,11.073889,2.760165e-02
clip_3,194,0,6,0.029957,1.151942,1.961989e-01
clip_3,194,1,6,0.048683,1.806145,2.080837e-01
clip_3,194,2,6,0.086240,1.892121,1.413374e-01
clip_3,194,3,6,0.122219,3.383417,1.641988e-01
clip_3,195,0,6,0.024615,1.039037,1.988016e-01
clip_3,195,1,6,0.043113,1.581028,2.107045e-01
clip_3,195,2,6,0.083022,1.847089,1.430062e-01
clip_3,195,3,6,0.116391,3.372707,1.652194e-01
clip_3,196,0,6,0.024942,1.075996,1.989839e-01
clip_3,196,1,6,0.042309,1.494620,2.108774e-01
clip_3,196,2,6,0.080898,1.826087,1.431404e-01
clip_3,196,3,6,0.110824,3.390589,1.656282e-01
clip_3,197,0,6,0.021980,1.042807,1.987200e-01
clip_3,197,1,6,0.038809,1.334091,2.106364e-01
clip_3,197,2,6,0.078885,1.837823,1.430741e-01
clip_3,197,3,6,0.106421,3.596520,1.658962e-01
clip_3,198,0,6,0.020998,0.991711,1.990072e-01
clip_3,198,1,6,0.038217,1.250336,2.109414e-01
clip_3,198,2,6,0.080160,1.900155,1.431722e-01
clip_3,198,3,6,0.107700,3.789963,1.659395e-01
clip_3,199,0,6,0.020979,0.930465,1.992071e-01
clip_3,199,1,6,0.039123,1.263701,2.111925e-01
clip_3,199,2,6,0.082308,1.920737,1.431330e-01
clip_3,199,3,6,0.111885,3.746011,1.651612e-01
clip_3,200,0,6,0.015191,0.851503,2.002377e-01
clip_3,200,1,6,0.032445,1.170195,2.123207e-01
clip_3,200,2,6,0.075948,1.782628,1.436333e-01
clip_3,200,3,6,0.105106,3.570645,1.645405e-01
clip_3,201,0,6,0.018385,0.928399,1.986441e-01
clip_3,201,1,6,0.036792,1.237116,2.107355e-01
clip_3,201,2,6,0.082315,1.948920,1.426601e-01
clip_3,201,3,6,0.112586,3.898471,1.632458e-01
clip_3,202,0,6,0.020182,1.000020,1.994785e-01
clip_3,202,1,6,0.038109,1.269968,2.115063e-01
clip_3,202,2,6,0.082420,1.968933,1.431879e-01
clip_3,202,3,6,0.111429,3.952427,1.643687e-01
clip_3,203,0,6,0.021990,0.865774,2.000964e-01
clip_3,203,1,6,0.039868,1.139810,2.121385e-01
clip_3,203,2,6,0.082580,1.984584,1.434709e-01
clip_3,203,3,6,0.110474,3.910468,1.650941e-01
clip_3,204,0,6,0.023224,0.921347,1.993024e-01
clip_3,204,1,6,0.039658,1.096752,2.113451e-01
clip_3,204,2,6,0.079308,1.955982,1.429818e-01
clip_3,204,3,6,0.103998,3.942169,1.652129e-01
clip_3,205,0,6,0.025771,0.805069,1.993123e-01
clip_3,205,1,6,0.043528,1.091949,2.113374e-01
clip_3,205,2,6,0.084717,2.024932,1.428645e-01
clip_3,205,3,6,0.112089,3.905752,1.656745e-01
clip_3,206,0,6,0.025254,0.797990,2.003207e-01
clip_3,206,1,6,0.044368,1.091806,2.122843e-01
clip_3,206,2,6,0.089323,2.135445,1.435165e-01
clip_3,206,3,6,0.118376,4.173861,1.662179e-01
clip_3,207,0,6,0.033665,0.834986,1.987598e-01
clip_3,207,1,6,0.050941,1.120085,2.107960e-01
clip_3,207,2,6,0.089363,2.138202,1.423342e-01
clip_3,207,3,6,0.115876,3.998701,1.655336e-01
clip_3,208,0,6,0.027532,0.792266,1.996253e-01
clip_3,208,1,6,0.045163,1.063890,2.116705e-01
clip_3,208,2,6,0.085783,2.060244,1.428174e-01
clip_3,208,3,6,0.112529,3.969700,1.657958e-01
clip_3,209,0,6,0.032893,0.827143,2.004281e-01
clip_3,209,1,6,0.049965,1.094899,2.124877e-01
clip_3,209,2,6,0.088115,2.130891,1.430353e-01
clip_3,209,3,6,0.113895,4.014761,1.656665e-01
clip_3,210,0,6,0.033741,0.956448,1.994647e-01
clip_3,210,1,6,0.051799,1.231441,2.114106e-01
clip_3,210,2,6,0.092330,2.190378,1.424224e-01
clip_3,210,3,6,0.119930,4.153434,1.662184e-01
clip_3,211,0,6,0.046382,1.213053,1.994800e-01
clip_3,211,1,6,0.061242,1.376310,2.113523e-01
clip_3,211,2,6,0.091419,2.189518,1.422272e-01
clip_3,211,3,6,0.113414,4.012444,1.660791e-01
clip_3,212,0,6,0.072776,2.829856,1.989340e-01
clip_3,212,1,6,0.080618,2.961592,2.105351e-01
clip_3,212,2,6,0.082639,1.873563,1.411924e-01
clip_3,212,3,6,0.097405,2.922366,1.641214e-01
clip_3,213,0,6,0.071960,2.931320,1.988640e-01
clip_3,213,1,6,0.078978,2.973381,2.104641e-01
clip_3,213,2,6,0.079934,1.826348,1.410610e-01
clip_3,213,3,6,0.092163,2.928813,1.644437e-01
clip_3,214,0,6,0.071220,3.129883,1.992661e-01
clip_3,214,1,6,0.076341,3.048133,2.108712e-01
clip_3,214,2,6,0.073504,1.710348,1.412259e-01
clip_3,214,3,6,0.081623,2.862135,1.646670e-01
clip_3,215,0,6,0.069841,3.229269,2.002330e-01
clip_3,215,1,6,0.074827,3.115709,2.118302e-01
clip_3,215,2,6,0.072323,1.700456,1.418018e-01
clip_3,215,3,6,0.080002,2.948130,1.649140e-01
clip_3,216,0,6,0.051295,3.033549,2.012108e-01
clip_3,216,1,6,0.056829,2.846056,2.129239e-01
clip_3,216,2,6,0.064682,1.608890,1.424807e-01
clip_3,216,3,6,0.074885,3.466634,1.653280e-01
clip_3,217,0,6,0.058560,3.058215,2.020473e-01
clip_3,217,1,6,0.062460,2.865988,2.136969e-01
clip_3,217,2,6,0.061797,1.491892,1.430546e-01
clip_3,217,3,6,0.067915,2.909825,1.661420e-01
clip_3,218,0,6,0.059950,1.647304,2.043902e-01
clip_3,218,1,6,0.066291,1.447545,2.160253e-01
clip_3,218,2,6,0.073395,1.908690,1.454343e-01
clip_3,218,3,6,0.079464,3.560325,1.681157e-01
clip_3,219,0,6,0.060591,1.480703,2.029578e-01
clip_3,219,1,6,0.069148,1.428248,2.144654e-01
clip_3,219,2,6,0.080764,1.968456,1.448025e-01
clip_3,219,3,6,0.091113,3.476342,1.691976e-01
clip_3,220,0,6,0.052803,1.417308,2.057766e-01
clip_3,220,1,6,0.059316,1.234484,2.174014e-01
clip_3,220,2,6,0.068366,1.818653,1.463420e-01
clip_3,220,3,6,0.074380,3.515994,1.688918e-01
clip_3,221,0,6,0.056778,1.531112,2.052709e-01
clip_3,221,1,6,0.060950,1.223411,2.168112e-01
clip_3,221,2,6,0.063759,1.830207,1.460950e-01
clip_3,221,3,6,0.065831,3.728192,1.693833e-01
clip_3,222,0,6,0.055290,1.520805,2.088187e-01
clip_3,222,1,6,0.058397,1.197452,2.203890e-01
clip_3,222,2,6,0.059040,1.723919,1.481099e-01
clip_3,222,3,6,0.059956,3.499219,1.688448e-01
clip_3,223,0,6,0.052862,1.548057,2.083513e-01
clip_3,223,1,6,0.054970,1.152410,2.199279e-01
clip_3,223,2,6,0.054356,1.663645,1.479498e-01
clip_3,223,3,6,0.054661,3.534758,1.690080e-01
clip_3,224,0,6,0.049920,1.515653,2.095230e-01
clip_3,224,1,6,0.052101,1.105961,2.211233e-01
clip_3,224,2,6,0.052721,1.649337,1.486322e-01
clip_3,224,3,6,0.053653,3.585998,1.687480e-01
clip_3,225,0,6,0.050627,1.515080,2.104078e-01
clip_3,225,1,6,0.052919,1.137882,2.220210e-01
clip_3,225,2,6,0.053317,1.618516,1.491859e-01
clip_3,225,3,6,0.054020,3.412563,1.684260e-01
clip_3,226,0,6,0.052433,1.539559,2.101312e-01
clip_3,226,1,6,0.054515,1.173866,2.218005e-01
clip_3,226,2,6,0.053747,1.612187,1.489832e-01
clip_3,226,3,6,0.053923,3.320007,1.680740e-01
clip_3,227,0,6,0.048056,1.463213,2.092497e-01
clip_3,227,1,6,0.050667,1.103888,2.209588e-01
clip_3,227,2,6,0.052380,1.580238,1.486007e-01
clip_3,227,3,6,0.053623,3.330851,1.680998e-01
clip_3,228,0,6,0.052767,1.330346,2.085107e-01
clip_3,228,1,6,0.056787,1.146174,2.201546e-01
clip_3,228,2,6,0.059149,1.598114,1.482728e-01
clip_3,228,3,6,0.061562,2.972834,1.686801e-01
clip_3,229,0,6,0.051693,1.246277,2.098271e-01
clip_3,229,1,6,0.055699,1.106873,2.214763e-01
clip_3,229,2,6,0.057888,1.544771,1.490452e-01
clip_3,229,3,6,0.060435,2.792608,1.687975e-01
clip_3,230,0,6,0.052975,1.271866,2.102455e-01
clip_3,230,1,6,0.056713,1.145719,2.219098e-01
clip_3,230,2,6,0.057864,1.515518,1.492963e-01
clip_3,230,3,6,0.060442,2.633528,1.686377e-01
clip_3,231,0,6,0.051787,1.264458,2.105569e-01
clip_3,231,1,6,0.054329,1.107726,2.222907e-01
clip_3,231,2,6,0.052817,1.416645,1.494085e-01
clip_3,231,3,6,0.053612,2.462608,1.683587e-01
clip_3,232,0,6,0.055986,1.230438,2.087016e-01
clip_3,232,1,6,0.058226,1.120632,2.203655e-01
clip_3,232,2,6,0.054366,1.489943,1.483325e-01
clip_3,232,3,6,0.054005,2.561777,1.693042e-01
clip_3,233,0,6,0.060498,1.335195,2.084258e-01
clip_3,233,1,6,0.060304,1.161337,2.200482e-01
clip_3,233,2,6,0.049183,1.490876,1.481321e-01
clip_3,233,3,6,0.044631,2.684022,1.695009e-01
clip_3,234,0,6,0.047112,0.930430,2.070026e-01
clip_3,234,1,6,0.050793,1.003790,2.185198e-01
clip_3,234,2,6,0.050691,1.535895,1.477063e-01
clip_3,234,3,6,0.051179,2.943626,1.711569e-01
clip_3,235,0,6,0.053904,1.224012,2.094797e-01
clip_3,235,1,6,0.053446,1.039535,2.210076e-01
clip_3,235,2,6,0.043170,1.380185,1.489983e-01
clip_3,235,3,6,0.038860,2.618662,1.703905e-01
clip_3,236,0,6,0.048693,1.206469,2.101802e-01
clip_3,236,1,6,0.047028,0.926450,2.217651e-01
clip_3,236,2,6,0.035672,1.266996,1.495215e-01
clip_3,236,3,6,0.031790,2.609289,1.702386e-01
clip_3,237,0,6,0.052653,1.472327,2.118502e-01
clip_3,237,1,6,0.048083,1.002479,2.235594e-01
clip_3,237,2,6,0.030168,1.227085,1.503498e-01
clip_3,237,3,6,0.026793,2.647928,1.689847e-01
clip_3,238,0,6,0.055304,1.547493,2.120213e-01
clip_3,238,1,6,0.049610,1.049860,2.237148e-01
clip_3,238,2,6,0.028292,1.166414,1.504027e-01
clip_3,238,3,6,0.024182,2.468716,1.690694e-01
clip_3,239,0,6,0.017852,0.443213,2.104468e-01
clip_3,239,1,6,0.021775,0.660524,2.225473e-01
clip_3,239,2,6,0.028399,0.729663,1.500099e-01
clip_3,239,3,6,0.039838,1.325708,1.682109e-01
clip_3,240,0,6,0.017546,0.465860,2.100500e-01
clip_3,240,1,6,0.021457,0.686529,2.221784e-01
clip_3,240,2,6,0.027864,0.721760,1.497814e-01
clip_3,240,3,6,0.038979,1.300701,1.681432e-01
clip_3,241,0,6,0.016726,0.496915,2.108958e-01
clip_3,241,1,6,0.019508,0.629728,2.229925e-01
clip_3,241,2,6,0.023404,0.599525,1.503202e-01
clip_3,241,3,6,0.030649,0.982589,1.684455e-01
clip_3,242,0,6,0.016865,0.502078,2.111001e-01
clip_3,242,1,6,0.019734,0.627918,2.231490e-01
clip_3,242,2,6,0.023932,0.615103,1.504801e-01
clip_3,242,3,6,0.031036,0.994283,1.687620e-01
