clip,frame,keypoint_index,displacement_px
clip_1,1,0,2.791353
clip_1,1,1,2.654707
clip_1,1,2,2.875769
clip_1,1,3,3.035268
clip_1,1,4,2.644221
clip_1,1,8,1.337905
clip_1,1,9,1.396796
clip_1,2,0,5.165682
clip_1,2,1,5.119449
clip_1,2,2,5.414385
clip_1,2,3,5.877081
clip_1,2,4,6.039819
clip_1,2,8,3.699724
clip_1,2,9,3.859892
clip_1,3,0,4.442466
clip_1,3,1,4.635350
clip_1,3,2,1.886650
clip_1,3,3,5.027157
clip_1,3,4,4.164606
clip_1,3,8,7.316439
clip_1,3,9,7.221751
clip_1,4,0,6.425121
clip_1,4,1,6.276301
clip_1,4,2,5.797623
clip_1,4,3,5.706469
clip_1,4,4,4.950323
clip_1,4,8,4.565734
clip_1,4,9,3.920669
clip_1,5,0,5.594553
clip_1,5,1,4.293684
clip_1,5,2,6.290190
clip_1,5,3,6.509056
clip_1,5,8,5.432095
clip_1,5,9,6.743126
clip_1,6,0,4.976781
clip_1,6,1,5.748535
clip_1,6,2,3.163945
clip_1,6,3,5.629805
clip_1,6,8,5.366535
clip_1,6,9,4.537858
clip_1,7,0,4.497369
clip_1,7,1,4.566991
clip_1,7,2,5.643293
clip_1,7,3,7.887862
clip_1,7,8,6.178919
clip_1,7,9,7.386067
clip_1,8,0,7.694272
clip_1,8,1,7.247488
clip_1,8,2,8.973462
clip_1,8,3,11.195306
clip_1,8,8,7.002884
clip_1,8,9,8.086833
clip_1,9,0,7.556652
clip_1,9,1,8.049588
clip_1,9,2,6.755422
clip_1,9,3,6.767678
clip_1,9,8,7.389372
clip_1,9,9,6.945344
clip_1,10,0,9.224647
clip_1,10,1,9.063330
clip_1,10,2,8.211644
clip_1,10,3,6.782539
clip_1,10,8,9.492387
clip_1,10,9,8.675493
clip_1,11,0,10.750760
clip_1,11,1,10.613938
clip_1,11,2,10.496622
clip_1,11,3,10.744720
clip_1,11,8,10.084534
clip_1,11,9,9.581616
clip_1,12,0,11.121953
clip_1,12,1,10.965430
clip_1,12,2,10.976272
clip_1,12,3,10.907187
clip_1,12,8,11.448786
clip_1,12,9,11.090386
clip_1,13,0,10.532687
clip_1,13,1,10.591533
clip_1,13,2,10.874256
clip_1,13,3,11.292040
clip_1,13,8,10.773363
clip_1,13,9,10.813995
clip_1,14,0,12.885948
clip_1,14,1,12.847156
clip_1,14,2,13.227811
clip_1,14,3,13.443425
clip_1,14,8,12.988365
clip_1,14,9,12.580587
clip_1,15,0,13.539491
clip_1,15,1,13.568855
clip_1,15,2,13.444065
clip_1,15,3,12.370429
clip_1,15,7,14.897814
clip_1,15,8,13.175400
clip_1,15,9,12.795979
clip_1,16,0,14.797961
clip_1,16,1,14.574057
clip_1,16,2,14.793488
clip_1,16,3,14.475287
clip_1,16,7,5.695861
clip_1,16,8,15.108557
clip_1,16,9,14.238861
clip_1,17,0,13.435294
clip_1,17,1,13.842266
clip_1,17,2,14.978683
clip_1,17,3,15.738649
clip_1,17,6,11.963321
clip_1,17,7,10.107726
clip_1,17,8,15.821786
clip_1,17,9,16.687970
clip_1,18,0,12.089390
clip_1,18,1,12.546922
clip_1,18,2,14.870799
clip_1,18,3,17.060018
clip_1,18,6,11.424285
clip_1,18,7,10.674139
clip_1,18,8,13.369706
clip_1,18,9,15.741571
clip_1,19,0,17.805247
clip_1,19,1,18.006384
clip_1,19,2,18.002608
clip_1,19,6,13.493209
clip_1,19,7,12.705825
clip_1,19,8,15.538356
clip_1,19,9,14.963626
clip_1,20,0,15.862434
clip_1,20,1,16.120376
clip_1,20,2,16.284031
clip_1,20,6,19.594437
clip_1,20,7,20.112533
clip_1,20,8,15.219880
clip_1,20,9,15.718405
clip_1,21,0,16.037038
clip_1,21,1,16.510390
clip_1,21,2,18.563686
clip_1,21,6,11.012085
clip_1,21,7,11.040825
clip_1,21,8,16.560346
clip_1,21,9,18.576095
clip_1,22,0,18.293522
clip_1,22,1,18.552553
clip_1,22,2,19.049179
clip_1,22,6,17.732101
clip_1,22,7,17.637369
clip_1,22,8,18.566376
clip_1,22,9,18.448984
clip_1,23,0,21.949182
clip_1,23,1,22.070232
clip_1,23,2,21.564154
clip_1,23,6,16.954168
clip_1,23,7,18.253752
clip_1,23,8,18.700823
clip_1,23,9,17.615167
clip_1,24,0,21.501109
clip_1,24,1,21.866267
clip_1,24,2,22.008140
clip_1,24,6,19.384777
clip_1,24,7,21.116751
clip_1,24,8,19.326477
clip_1,24,9,19.766655
clip_1,25,0,23.475880
clip_1,25,1,23.950666
clip_1,25,2,23.146121
clip_1,25,6,15.839797
clip_1,25,7,15.505345
clip_1,25,8,22.012800
clip_1,25,9,22.352076
clip_1,26,0,34.831736
clip_1,26,1,35.313412
clip_1,26,6,8.200610
clip_1,26,7,9.900590
clip_1,26,8,22.488295
clip_1,26,9,21.635026
clip_1,27,0,23.969187
clip_1,27,1,23.907367
clip_1,27,6,22.647328
clip_1,27,7,22.704932
clip_1,27,8,21.655815
clip_1,27,9,21.521048
clip_1,28,0,21.229313
clip_1,28,1,20.938696
clip_1,28,6,21.342077
clip_1,28,7,20.972311
clip_1,28,8,21.909085
clip_1,28,9,22.549043
clip_1,29,0,28.053526
clip_1,29,1,25.436987
clip_1,29,6,23.170822
clip_1,29,7,22.325113
clip_1,29,8,24.758958
clip_1,29,9,25.705697
clip_1,30,0,26.579432
clip_1,30,6,20.673855
clip_1,30,7,21.892507
clip_1,30,8,26.000752
clip_1,30,9,26.524000
clip_1,31,0,6.300849
clip_1,31,6,28.128155
clip_1,31,7,16.706343
clip_1,31,8,22.183896
clip_1,31,9,24.771101
clip_1,32,6,25.262132
clip_1,32,7,24.936609
clip_1,32,8,21.416855
clip_1,32,9,21.188213
clip_1,33,6,24.012490
clip_1,33,7,25.811110
clip_1,33,8,33.626034
clip_1,33,9,34.337102
clip_1,34,6,26.221835
clip_1,34,7,27.116734
clip_1,34,8,26.494749
clip_1,34,9,26.964256
clip_1,35,6,26.936758
clip_1,35,7,27.973637
clip_1,35,8,31.300454
clip_1,35,9,32.024692
clip_1,36,7,32.245144
clip_1,36,8,29.644213
clip_1,36,9,34.120399
clip_1,37,7,28.946599
clip_1,37,8,15.517305
clip_1,37,9,16.031276
clip_1,38,6,23.879570
clip_1,38,7,28.130845
clip_1,38,8,31.678626
clip_1,38,9,25.326641
clip_1,39,6,20.565791
clip_1,39,7,20.292293
clip_1,39,8,19.450010
clip_1,40,6,24.054846
clip_1,40,7,24.267492
clip_1,40,8,20.783516
clip_1,41,6,23.008100
clip_1,41,7,22.202263
clip_1,41,8,23.194182
clip_1,42,6,23.941249
clip_1,42,7,23.919621
clip_1,43,6,17.946223
clip_1,43,7,16.853066
clip_1,44,6,27.976715
clip_1,44,7,25.678030
clip_1,45,6,29.192167
clip_1,45,7,27.469668
clip_1,46,6,28.207368
clip_1,46,7,28.081640
clip_1,47,6,21.945102
clip_1,47,7,25.632388
clip_1,47,16,21.821090
clip_1,48,6,24.300960
clip_1,48,7,26.324181
clip_1,48,16,25.664463
clip_1,49,6,26.197762
clip_1,49,7,26.507278
clip_1,49,16,14.211203
clip_1,49,17,14.019406
clip_1,50,6,24.464368
clip_1,50,7,25.010182
clip_1,50,16,28.657162
clip_1,50,17,25.619951
clip_1,51,6,27.440317
clip_1,51,7,28.753280
clip_1,51,16,25.933927
clip_1,51,17,25.054674
clip_1,52,6,18.474655
clip_1,52,7,13.505016
clip_1,52,16,12.050383
clip_1,52,17,17.048675
clip_1,53,6,23.131905
clip_1,53,7,19.645821
clip_1,53,16,15.693041
clip_1,53,17,11.124685
clip_1,54,6,22.146244
clip_1,54,7,22.202187
clip_1,54,16,19.574282
clip_1,54,17,20.745736
clip_1,55,6,26.395116
clip_1,55,7,26.017107
clip_1,55,16,28.479526
clip_1,55,17,29.017907
clip_1,56,6,16.377048
clip_1,56,7,16.073641
clip_1,56,16,21.729200
clip_1,56,17,22.399153
clip_1,57,6,23.469332
clip_1,57,7,23.845661
clip_1,57,16,17.825791
clip_1,57,17,16.599896
clip_1,58,6,24.559985
clip_1,58,7,22.179209
clip_1,58,16,14.863973
clip_1,58,17,16.270648
clip_1,59,6,21.074451
clip_1,59,7,21.770862
clip_1,59,15,14.063614
clip_1,59,16,21.552128
clip_1,59,17,21.065265
clip_1,60,6,23.168957
clip_1,60,7,23.120652
clip_1,60,14,12.547822
clip_1,60,15,18.350614
clip_1,60,16,20.191500
clip_1,60,17,20.069941
clip_1,61,6,14.289489
clip_1,61,7,12.819875
clip_1,61,14,40.485042
clip_1,61,15,42.516398
clip_1,61,16,29.369971
clip_1,61,17,28.632025
clip_1,62,6,14.021987
clip_1,62,7,13.499004
clip_1,62,14,22.963893
clip_1,62,15,23.341887
clip_1,62,16,20.482205
clip_1,62,17,22.329712
clip_1,63,6,19.583049
clip_1,63,7,18.566349
clip_1,63,14,16.942162
clip_1,63,15,17.357155
clip_1,63,16,16.277967
clip_1,63,17,16.581776
clip_1,64,6,20.133950
clip_1,64,7,19.883374
clip_1,64,14,17.891296
clip_1,64,15,17.931061
clip_1,64,16,17.958933
clip_1,64,17,18.901555
clip_1,65,6,22.302763
clip_1,65,7,22.069152
clip_1,65,14,18.566943
clip_1,65,15,18.803243
clip_1,65,16,17.469944
clip_1,65,17,17.343995
clip_1,66,6,31.086445
clip_1,66,7,26.670283
clip_1,66,14,16.811405
clip_1,66,15,13.799615
clip_1,66,16,16.802187
clip_1,66,17,20.279140
clip_1,67,6,18.237039
clip_1,67,7,18.071649
clip_1,67,13,21.454628
clip_1,67,14,21.496323
clip_1,67,15,21.050250
clip_1,67,16,19.677311
clip_1,67,17,19.666400
clip_1,68,6,14.634813
clip_1,68,7,15.968423
clip_1,68,13,17.085206
clip_1,68,14,17.444770
clip_1,68,15,17.197243
clip_1,68,16,14.706234
clip_1,68,17,14.365481
clip_1,69,6,15.101084
clip_1,69,7,20.955260
clip_1,69,13,5.861506
clip_1,69,14,7.673441
clip_1,69,15,6.363641
clip_1,69,16,14.350022
clip_1,69,17,11.090373
clip_1,70,7,22.896659
clip_1,70,13,32.896800
clip_1,70,14,32.489449
clip_1,70,15,35.877442
clip_1,70,16,23.968907
clip_1,70,17,23.530711
clip_1,71,7,4.739873
clip_1,71,13,20.603391
clip_1,71,14,19.537560
clip_1,71,15,18.564747
clip_1,71,16,14.770941
clip_1,71,17,16.471434
clip_1,72,7,18.063701
clip_1,72,13,14.973318
clip_1,72,14,14.745689
clip_1,72,15,14.015816
clip_1,72,16,16.068896
clip_1,72,17,16.779246
clip_1,73,7,22.461297
clip_1,73,12,13.944124
clip_1,73,13,15.392280
clip_1,73,14,16.043180
clip_1,73,15,15.935722
clip_1,73,16,16.690312
clip_1,73,17,16.126703
clip_1,74,12,12.972148
clip_1,74,13,13.753715
clip_1,74,14,14.283771
clip_1,74,15,14.183355
clip_1,74,16,17.723313
clip_1,74,17,17.473078
clip_1,75,12,14.339191
clip_1,75,13,15.240303
clip_1,75,14,15.792473
clip_1,75,15,15.639789
clip_1,75,16,13.013195
clip_1,75,17,12.393257
clip_1,76,12,11.295159
clip_1,76,13,10.258603
clip_1,76,14,5.605900
clip_1,76,15,4.457776
clip_1,76,16,15.383582
clip_1,76,17,13.945967
clip_1,77,12,16.899551
clip_1,77,13,16.975224
clip_1,77,14,16.408289
clip_1,77,15,16.513110
clip_1,77,16,15.812686
clip_1,77,17,16.367600
clip_1,78,12,10.060978
clip_1,78,13,10.688761
clip_1,78,14,10.351357
clip_1,78,15,10.722431
clip_1,78,16,11.402128
clip_1,78,17,11.668345
clip_1,79,12,14.328875
clip_1,79,13,13.490303
clip_1,79,14,12.463404
clip_1,79,15,12.293447
clip_1,79,16,11.230674
clip_1,79,17,12.706919
clip_1,80,12,5.572876
clip_1,80,13,8.360523
clip_1,80,14,11.206476
clip_1,80,15,9.402087
clip_1,80,16,5.724195
clip_1,80,17,5.611433
clip_1,81,12,10.072471
clip_1,81,13,10.299909
clip_1,81,14,9.539096
clip_1,81,15,9.963094
clip_1,81,16,12.792161
clip_1,81,17,16.155200
clip_1,82,12,9.989110
clip_1,82,13,11.061687
clip_1,82,14,13.178564
clip_1,82,15,12.790966
clip_1,82,16,9.888864
clip_1,82,17,5.243586
clip_1,83,12,8.750582
clip_1,83,13,8.642617
clip_1,83,14,8.609992
clip_1,83,15,8.454951
clip_1,83,16,10.180158
clip_1,83,17,10.320295
clip_1,84,12,7.440293
clip_1,84,13,7.777324
clip_1,84,14,8.945227
clip_1,84,15,8.822175
clip_1,84,16,10.656731
clip_1,84,17,10.242406
clip_1,85,12,7.608675
clip_1,85,13,8.007900
clip_1,85,14,8.725222
clip_1,85,15,8.731622
clip_1,85,16,9.545884
clip_1,85,17,9.151465
clip_1,86,12,7.296052
clip_1,86,13,6.937006
clip_1,86,14,6.851548
clip_1,86,15,6.693060
clip_1,86,16,7.483481
clip_1,86,17,7.652423
clip_1,87,12,5.072785
clip_1,87,13,6.691945
clip_1,87,14,8.293384
clip_1,87,15,8.464274
clip_1,87,16,8.787875
clip_1,87,17,7.374199
clip_1,88,12,4.782423
clip_1,88,13,5.260554
clip_1,88,14,1.914499
clip_1,88,15,3.808338
clip_1,88,16,6.595878
clip_1,88,17,9.317086
clip_1,89,12,5.770337
clip_1,89,13,6.911519
clip_1,89,14,7.416612
clip_1,89,15,7.689879
clip_1,89,16,7.325150
clip_1,89,17,6.460920
clip_1,90,11,6.617920
clip_1,90,12,7.467075
clip_1,90,13,7.387785
clip_1,90,14,7.296985
clip_1,90,15,7.598148
clip_1,90,16,7.727522
clip_1,90,17,7.582886
clip_1,91,11,3.420138
clip_1,91,12,3.613611
clip_1,91,13,3.697832
clip_1,91,14,3.651415
clip_1,91,15,3.792187
clip_1,91,16,5.339477
clip_1,91,17,5.227057
clip_1,92,11,5.247466
clip_1,92,12,6.721381
clip_1,92,13,7.144465
clip_1,92,14,7.232849
clip_1,92,15,7.453074
clip_1,92,16,4.429541
clip_1,92,17,3.886360
clip_1,93,11,3.234437
clip_1,93,12,5.219087
clip_1,93,13,6.909470
clip_1,93,14,8.144743
clip_1,93,15,8.480689
clip_1,93,16,9.327010
clip_1,93,17,7.912916
clip_1,94,11,2.915191
clip_1,94,12,2.306879
clip_1,94,13,1.854069
clip_1,94,14,2.015404
clip_1,94,15,1.689334
clip_1,94,16,4.082791
clip_1,94,17,4.271233
clip_1,95,11,3.644315
clip_1,95,12,3.617606
clip_1,95,13,3.233447
clip_1,95,14,3.298960
clip_1,95,15,3.171078
clip_1,95,16,1.791886
clip_1,95,17,2.279300
clip_1,96,11,2.207895
clip_1,96,12,3.933883
clip_1,96,13,5.602573
clip_1,96,14,6.081018
clip_1,96,15,6.506497
clip_1,96,16,7.863236
clip_1,96,17,6.648214
clip_1,97,11,3.259496
clip_1,97,12,3.819369
clip_1,97,13,3.657040
clip_1,97,14,3.921915
clip_1,97,15,4.012145
clip_1,97,16,2.094142
clip_1,97,17,2.290007
clip_1,98,11,7.118284
clip_1,98,12,5.857403
clip_1,98,13,4.491877
clip_1,98,14,4.249814
clip_1,98,15,4.299514
clip_1,98,16,3.425221
clip_1,98,17,4.300903
clip_1,99,11,3.586202
clip_1,99,12,3.396204
clip_1,99,13,3.332950
clip_1,99,14,3.895552
clip_1,99,15,3.964832
clip_1,99,16,4.314903
clip_1,99,17,3.937481
clip_1,100,11,6.254748
clip_1,100,12,4.325304
clip_1,100,13,3.082590
clip_1,100,14,3.615022
clip_1,100,15,3.601826
clip_1,100,16,6.750525
clip_1,100,17,7.072135
clip_1,101,11,3.324315
clip_1,101,12,4.183031
clip_1,101,13,4.452884
clip_1,101,14,4.506936
clip_1,101,15,4.643371
clip_1,101,16,2.405471
clip_1,101,17,1.896666
clip_1,102,11,2.569489
clip_1,102,12,2.891134
clip_1,102,13,3.027117
clip_1,102,14,3.184480
clip_1,102,15,3.218775
clip_1,102,16,2.898318
clip_1,102,17,2.842598
clip_1,103,11,1.609016
clip_1,103,12,1.208470
clip_1,103,13,1.462400
clip_1,103,14,1.776400
clip_1,103,15,1.794103
clip_1,103,16,1.729982
clip_1,103,17,1.459710
clip_1,104,11,1.455782
clip_1,104,12,2.582713
clip_1,104,13,3.153937
clip_1,104,14,3.380788
clip_1,104,15,3.481546
clip_1,104,16,3.991382
clip_1,104,17,3.703402
clip_1,105,11,1.098364
clip_1,105,12,1.974506
clip_1,105,13,2.676059
clip_1,105,14,3.144781
clip_1,105,15,3.199544
clip_1,105,16,4.173251
clip_1,105,17,3.596485
clip_1,106,11,2.032839
clip_1,106,12,1.692867
clip_1,106,13,1.703753
clip_1,106,14,2.226912
clip_1,106,15,2.347974
clip_1,106,16,4.666723
clip_1,106,17,4.440424
clip_1,107,11,2.122992
clip_1,107,12,2.349597
clip_1,107,13,2.775078
clip_1,107,14,3.463132
clip_1,107,15,3.692627
clip_1,107,16,4.338092
clip_1,107,17,3.921208
clip_1,108,11,0.556696
clip_1,108,12,1.874719
clip_1,108,13,2.619604
clip_1,108,14,3.406030
clip_1,108,15,3.445155
clip_1,108,16,2.461636
clip_1,108,17,1.806929
clip_1,109,11,4.484131
clip_1,109,12,3.150896
clip_1,109,13,2.537023
clip_1,109,14,2.172316
clip_1,109,15,2.159915
clip_1,109,16,3.687424
clip_1,109,17,4.068002
clip_1,110,11,0.905232
clip_1,110,12,1.202585
clip_1,110,13,1.557415
clip_1,110,14,1.987604
clip_1,110,15,2.128611
clip_1,110,16,1.789333
clip_1,110,17,1.443411
clip_1,111,11,1.689820
clip_1,111,12,2.213526
clip_1,111,13,2.186535
clip_1,111,14,2.440126
clip_1,111,15,2.480658
clip_1,111,16,2.810206
clip_1,111,17,2.590689
clip_1,112,11,1.663372
clip_1,112,12,1.601497
clip_1,112,13,1.783070
clip_1,112,14,1.930379
clip_1,112,15,1.986171
clip_1,112,16,1.990608
clip_1,112,17,1.809318
clip_1,113,11,2.126925
clip_1,113,12,2.086394
clip_1,113,13,2.294731
clip_1,113,14,2.336019
clip_1,113,15,2.402340
clip_1,113,16,2.216514
clip_1,113,17,1.989793
clip_1,114,11,1.523908
clip_1,114,12,0.828976
clip_1,114,13,1.079268
clip_1,114,14,1.712415
clip_1,114,15,1.859003
clip_1,114,16,3.345380
clip_1,114,17,3.071042
clip_1,115,11,1.388181
clip_1,115,12,1.676064
clip_1,115,13,1.536334
clip_1,115,14,1.559509
clip_1,115,15,1.650691
clip_1,115,16,2.566264
clip_1,115,17,2.897735
clip_1,116,11,2.053051
clip_1,116,12,1.399107
clip_1,116,13,0.765031
clip_1,116,14,0.399677
clip_1,116,15,0.310291
clip_1,116,16,2.639761
clip_1,116,17,3.197619
clip_2,1,10,1.044144
clip_2,1,11,0.774530
clip_2,1,12,0.466872
clip_2,1,13,0.685533
clip_2,1,14,0.797734
clip_2,1,15,0.777065
clip_2,1,16,0.934280
clip_2,1,17,0.558548
clip_2,2,10,1.487993
clip_2,2,11,1.328139
clip_2,2,12,0.672603
clip_2,2,13,0.064894
clip_2,2,14,0.412113
clip_2,2,15,0.406272
clip_2,2,16,1.467190
clip_2,2,17,1.753724
clip_2,3,10,0.335942
clip_2,3,11,0.256997
clip_2,3,12,0.226092
clip_2,3,13,0.116916
clip_2,3,14,0.254896
clip_2,3,15,0.285776
clip_2,3,16,0.446330
clip_2,3,17,0.514183
clip_2,4,10,1.026139
clip_2,4,11,0.811306
clip_2,4,12,0.434597
clip_2,4,13,0.074860
clip_2,4,14,0.291498
clip_2,4,15,0.347145
clip_2,4,16,0.375017
clip_2,4,17,0.394346
clip_2,5,10,0.806059
clip_2,5,11,0.756963
clip_2,5,12,0.290235
clip_2,5,13,0.567663
clip_2,5,14,0.779421
clip_2,5,15,0.777473
clip_2,5,16,2.031936
clip_2,5,17,1.642723
clip_2,6,11,1.765187
clip_2,6,12,0.822185
clip_2,6,13,0.195377
clip_2,6,14,0.247695
clip_2,6,15,0.361948
clip_2,6,16,1.245101
clip_2,6,17,1.530620
clip_2,7,11,0.972736
clip_2,7,12,0.444717
clip_2,7,13,0.251422
clip_2,7,14,0.337615
clip_2,7,15,0.275460
clip_2,7,16,0.618178
clip_2,7,17,0.628582
clip_2,8,11,0.620538
clip_2,8,12,0.356015
clip_2,8,13,0.183482
clip_2,8,14,0.365700
clip_2,8,15,0.350516
clip_2,8,16,0.576702
clip_2,8,17,0.507997
clip_2,9,11,0.409586
clip_2,9,12,0.645512
clip_2,9,13,0.698097
clip_2,9,14,0.560771
clip_2,9,15,0.594231
clip_2,9,16,1.241928
clip_2,9,17,1.485666
clip_2,10,11,0.658201
clip_2,10,12,0.623067
clip_2,10,13,0.458279
clip_2,10,14,0.460668
clip_2,10,15,0.371558
clip_2,10,16,0.532002
clip_2,10,17,0.484837
clip_2,11,10,0.108376
clip_2,11,11,0.116631
clip_2,11,12,0.614247
clip_2,11,13,0.969171
clip_2,11,14,1.375902
clip_2,11,15,1.342939
clip_2,11,16,2.984210
clip_2,11,17,2.782974
clip_2,12,11,1.920007
clip_2,12,12,1.088627
clip_2,12,13,0.508186
clip_2,12,14,0.756064
clip_2,12,15,0.892918
clip_2,12,16,2.849900
clip_2,12,17,2.354647
clip_2,13,11,1.173841
clip_2,13,12,0.529071
clip_2,13,13,0.207764
clip_2,13,14,0.501107
clip_2,13,15,0.633173
clip_2,13,16,1.768825
clip_2,13,17,1.568870
clip_2,14,11,0.927739
clip_2,14,12,0.520829
clip_2,14,13,0.163724
clip_2,14,14,0.169506
clip_2,14,15,0.142643
clip_2,14,16,1.854930
clip_2,14,17,1.517822
clip_2,15,11,0.803751
clip_2,15,12,0.358625
clip_2,15,13,0.921222
clip_2,15,14,0.991756
clip_2,15,15,1.002259
clip_2,15,16,1.041852
clip_2,15,17,1.016164
clip_2,16,11,1.436036
clip_2,16,12,0.688499
clip_2,16,13,0.372823
clip_2,16,14,0.240479
clip_2,16,15,0.196479
clip_2,16,16,0.630883
clip_2,16,17,0.663853
clip_2,17,11,3.354188
clip_2,17,12,1.942245
clip_2,17,13,0.712647
clip_2,17,14,0.648052
clip_2,17,15,0.996161
clip_2,17,16,1.203793
clip_2,17,17,1.575625
clip_2,18,11,3.504852
clip_2,18,12,0.742620
clip_2,18,13,1.112507
clip_2,18,14,2.341796
clip_2,18,15,2.537930
clip_2,18,16,2.217527
clip_2,18,17,1.012364
clip_2,19,11,1.216041
clip_2,19,12,2.208487
clip_2,19,13,2.443546
clip_2,19,14,2.383418
clip_2,19,15,2.310239
clip_2,19,16,2.236249
clip_2,19,17,2.366181
clip_2,20,11,1.503182
clip_2,20,12,0.951722
clip_2,20,13,0.371026
clip_2,20,14,0.546083
clip_2,20,15,0.526353
clip_2,20,16,0.457623
clip_2,20,17,0.748014
clip_2,21,11,4.094279
clip_2,21,12,2.036259
clip_2,21,13,0.474270
clip_2,21,14,0.719285
clip_2,21,15,1.016914
clip_2,21,16,1.025534
clip_2,21,17,1.865006
clip_2,22,11,1.870939
clip_2,22,12,1.703359
clip_2,22,13,0.810454
clip_2,22,14,1.011736
clip_2,22,15,1.095821
clip_2,22,16,1.095394
clip_2,22,17,0.936926
clip_2,23,11,3.418758
clip_2,23,12,2.114666
clip_2,23,13,1.427324
clip_2,23,14,0.649941
clip_2,23,15,0.471905
clip_2,23,16,1.899038
clip_2,23,17,3.027071
clip_2,24,11,5.526949
clip_2,24,12,3.253081
clip_2,24,13,1.716220
clip_2,24,14,0.426817
clip_2,24,15,0.171145
clip_2,24,16,1.532419
clip_2,24,17,3.062542
clip_2,25,11,2.811743
clip_2,25,12,2.336041
clip_2,25,13,2.085581
clip_2,25,14,2.070625
clip_2,25,15,2.202492
clip_2,25,16,1.805208
clip_2,25,17,2.620665
clip_2,26,11,2.973216
clip_2,26,12,2.767736
clip_2,26,13,2.347407
clip_2,26,14,2.037479
clip_2,26,15,1.966926
clip_2,26,16,2.074399
clip_2,26,17,2.235272
clip_2,27,11,3.257706
clip_2,27,12,2.819075
clip_2,27,13,2.532857
clip_2,27,14,2.112496
clip_2,27,15,2.065330
clip_2,27,16,2.379654
clip_2,27,17,2.652624
clip_2,28,11,4.655937
clip_2,28,12,4.090328
clip_2,28,13,3.285128
clip_2,28,14,2.713991
clip_2,28,15,2.616395
clip_2,28,16,3.806918
clip_2,28,17,3.945716
clip_2,29,11,2.685908
clip_2,29,12,2.763214
clip_2,29,13,2.727319
clip_2,29,14,2.737139
clip_2,29,15,2.764143
clip_2,29,16,2.451953
clip_2,29,17,2.410310
clip_2,30,11,2.965498
clip_2,30,12,2.738998
clip_2,30,13,2.436907
clip_2,30,14,2.473444
clip_2,30,15,2.426105
clip_2,30,16,1.841663
clip_2,30,17,2.073354
clip_2,31,11,3.500217
clip_2,31,12,3.190544
clip_2,31,13,2.994303
clip_2,31,14,2.563166
clip_2,31,15,2.590194
clip_2,31,16,3.650617
clip_2,31,17,3.935003
clip_2,32,11,9.574236
clip_2,32,12,6.723307
clip_2,32,13,4.208750
clip_2,32,14,2.463594
clip_2,32,15,2.175953
clip_2,32,16,3.808036
clip_2,32,17,5.393294
clip_2,33,11,6.099114
clip_2,33,12,5.533038
clip_2,33,13,4.733302
clip_2,33,14,4.221290
clip_2,33,15,4.347655
clip_2,33,16,4.651136
clip_2,33,17,4.491173
clip_2,34,11,4.144662
clip_2,34,12,3.685562
clip_2,34,13,4.032323
clip_2,34,14,4.597817
clip_2,34,15,4.749074
clip_2,34,16,3.971853
clip_2,34,17,3.651394
clip_2,35,11,5.002030
clip_2,35,12,4.501678
clip_2,35,13,4.093057
clip_2,35,14,3.405411
clip_2,35,15,3.308018
clip_2,35,16,4.162826
clip_2,35,17,4.696907
clip_2,36,11,3.670796
clip_2,36,12,3.459062
clip_2,36,13,3.563141
clip_2,36,14,3.772835
clip_2,36,15,3.822506
clip_2,36,16,4.110001
clip_2,36,17,3.881455
clip_2,37,11,6.147160
clip_2,37,12,5.710758
clip_2,37,13,5.366695
clip_2,37,14,5.116065
clip_2,37,15,5.167712
clip_2,37,16,4.234750
clip_2,37,17,4.130089
clip_2,38,11,4.189366
clip_2,38,12,3.443798
clip_2,38,13,3.053753
clip_2,38,14,2.791173
clip_2,38,15,2.730198
clip_2,38,16,2.873221
clip_2,38,17,3.463349
clip_2,39,11,7.180903
clip_2,39,12,4.620360
clip_2,39,13,2.902496
clip_2,39,14,1.870131
clip_2,39,15,1.735370
clip_2,39,16,3.682957
clip_2,39,17,4.449207
clip_2,40,12,4.430778
clip_2,40,13,3.384593
clip_2,40,14,2.599951
clip_2,40,15,2.581811
clip_2,40,16,2.001843
clip_2,40,17,3.431649
clip_2,41,12,5.104161
clip_2,41,13,3.544077
clip_2,41,14,2.234395
clip_2,41,15,2.187372
clip_2,41,16,3.083616
clip_2,41,17,4.789579
clip_2,42,12,1.124674
clip_2,42,13,0.704128
clip_2,42,14,0.531063
clip_2,42,15,0.527617
clip_2,42,16,0.600306
clip_2,42,17,0.771201
clip_2,43,12,2.966187
clip_2,43,13,0.747504
clip_2,43,14,1.569459
clip_2,43,15,1.755312
clip_2,43,16,1.092108
clip_2,43,17,2.740493
clip_2,44,12,2.879938
clip_2,44,13,1.932704
clip_2,44,14,1.775231
clip_2,44,15,1.719426
clip_2,44,16,2.261482
clip_2,44,17,1.888139
clip_2,45,12,4.462227
clip_2,45,13,4.486807
clip_2,45,14,3.855418
clip_2,45,15,4.036692
clip_2,45,16,2.639357
clip_2,45,17,3.633467
clip_2,46,12,2.902471
clip_2,46,13,2.570428
clip_2,46,14,2.171636
clip_2,46,15,2.244459
clip_2,46,16,1.560520
clip_2,46,17,2.201765
clip_2,47,12,1.789868
clip_2,47,13,1.642876
clip_2,47,14,2.618172
clip_2,47,15,2.862510
clip_2,47,16,1.988147
clip_2,47,17,3.162622
clip_2,48,12,2.778068
clip_2,48,13,2.119677
clip_2,48,14,4.328140
clip_2,48,15,4.835576
clip_2,48,16,2.431596
clip_2,48,17,3.812148
clip_2,49,12,4.170194
clip_2,49,13,2.869621
clip_2,49,14,1.984569
clip_2,49,15,1.968829
clip_2,49,16,2.535959
clip_2,49,17,3.870814
clip_2,50,12,5.482535
clip_2,50,13,4.420497
clip_2,50,14,3.729233
clip_2,50,15,3.731009
clip_2,50,16,1.480283
clip_2,50,17,2.047599
clip_2,51,12,2.967109
clip_2,51,13,2.547955
clip_2,51,14,2.198703
clip_2,51,15,2.255422
clip_2,51,16,1.070236
clip_2,51,17,1.378135
clip_2,52,12,1.505272
clip_2,52,13,0.083930
clip_2,52,14,0.827493
clip_2,52,15,1.078107
clip_2,52,16,0.569569
clip_2,52,17,1.057595
clip_2,53,12,0.728397
clip_2,53,13,0.704311
clip_2,53,14,1.553261
clip_2,53,15,1.817273
clip_2,53,16,1.210190
clip_2,53,17,2.900978
clip_2,54,12,3.492037
clip_2,54,13,2.640893
clip_2,54,14,2.317796
clip_2,54,15,2.301076
clip_2,54,16,3.151050
clip_2,54,17,2.759462
clip_2,55,12,2.385374
clip_2,55,13,2.429438
clip_2,55,14,2.596985
clip_2,55,15,2.741625
clip_2,55,16,2.640811
clip_2,55,17,2.408377
clip_2,56,12,2.106933
clip_2,56,13,3.123422
clip_2,56,14,3.771447
clip_2,56,15,3.985549
clip_2,56,16,3.188833
clip_2,56,17,3.795496
clip_2,57,12,2.544192
clip_2,57,13,1.529533
clip_2,57,14,0.911431
clip_2,57,15,0.632578
clip_2,57,16,2.106157
clip_2,57,17,3.339984
clip_2,58,12,1.225643
clip_2,58,13,0.671132
clip_2,58,14,0.176290
clip_2,58,15,0.187069
clip_2,58,16,0.897421
clip_2,58,17,1.295177
clip_2,59,12,0.863588
clip_2,59,13,0.301689
clip_2,59,14,0.621543
clip_2,59,15,0.704015
clip_2,59,16,0.857499
clip_2,59,17,0.366389
clip_2,60,12,2.618849
clip_2,60,13,3.281707
clip_2,60,14,3.759852
clip_2,60,15,4.046503
clip_2,60,16,1.257124
clip_2,60,17,1.006803
clip_2,61,12,0.355763
clip_2,61,13,0.664828
clip_2,61,14,0.852792
clip_2,61,15,0.939949
clip_2,61,16,1.012553
clip_2,61,17,0.709740
clip_2,62,12,0.404855
clip_2,62,13,1.024144
clip_2,62,14,1.606433
clip_2,62,15,1.823608
clip_2,62,16,2.216297
clip_2,62,17,3.230175
clip_2,63,12,1.323767
clip_2,63,13,0.574494
clip_2,63,14,0.523203
clip_2,63,15,0.635999
clip_2,63,16,1.279977
clip_2,63,17,1.450453
clip_2,64,12,2.100324
clip_2,64,13,3.244172
clip_2,64,14,3.911792
clip_2,64,15,4.156774
clip_2,64,16,0.431572
clip_2,64,17,1.770131
clip_2,65,12,0.924010
clip_2,65,13,2.057513
clip_2,65,14,2.836878
clip_2,65,15,3.144194
clip_2,65,16,0.832359
clip_2,65,17,0.822472
clip_2,66,12,0.326940
clip_2,66,13,0.467789
clip_2,66,14,0.744315
clip_2,66,15,0.810932
clip_2,66,16,1.046744
clip_2,66,17,1.696874
clip_2,67,12,0.528787
clip_2,67,13,0.848617
clip_2,67,14,1.709099
clip_2,67,15,1.916525
clip_2,67,16,1.515798
clip_2,67,17,1.004313
clip_2,68,12,0.975559
clip_2,68,13,0.658159
clip_2,68,14,1.118257
clip_2,68,15,1.290954
clip_2,68,16,1.030494
clip_2,68,17,0.991414
clip_2,69,12,1.369584
clip_2,69,13,0.525314
clip_2,69,14,0.636732
clip_2,69,15,0.716516
clip_2,69,16,0.660147
clip_2,69,17,0.913755
clip_2,70,12,0.474352
clip_2,70,13,0.817949
clip_2,70,14,1.058064
clip_2,70,15,1.195191
clip_2,70,16,1.392224
clip_2,70,17,1.170675
clip_2,71,12,0.106140
clip_2,71,13,0.308018
clip_2,71,14,0.631456
clip_2,71,15,0.677947
clip_2,71,16,0.713749
clip_2,71,17,0.850293
clip_2,72,12,2.166989
clip_2,72,13,3.094862
clip_2,72,14,3.716096
clip_2,72,15,3.874583
clip_2,72,16,1.024505
clip_2,72,17,0.600460
clip_2,73,12,3.642955
clip_2,73,13,1.925360
clip_2,73,14,1.179271
clip_2,73,15,0.955828
clip_2,73,16,1.048315
clip_2,73,17,0.268364
clip_2,74,12,0.438370
clip_2,74,13,1.236219
clip_2,74,14,1.779959
clip_2,74,15,1.912593
clip_2,74,16,0.209567
clip_2,74,17,1.211907
clip_2,75,12,0.409684
clip_2,75,13,0.433953
clip_2,75,14,1.039312
clip_2,75,15,1.246522
clip_2,75,16,1.270832
clip_2,75,17,1.095544
clip_2,76,12,2.125714
clip_2,76,13,1.913821
clip_2,76,14,1.726811
clip_2,76,15,1.759734
clip_2,76,16,1.580602
clip_2,76,17,1.704381
clip_2,77,12,1.205037
clip_2,77,13,1.333638
clip_2,77,14,1.423395
clip_2,77,15,1.419236
clip_2,77,16,1.833454
clip_2,77,17,1.809643
clip_2,78,12,1.527655
clip_2,78,13,1.546659
clip_2,78,14,1.560125
clip_2,78,15,1.575545
clip_2,78,16,1.596083
clip_2,78,17,1.606569
clip_2,79,12,1.513314
clip_2,79,13,1.048921
clip_2,79,14,0.758761
clip_2,79,15,0.640902
clip_2,79,16,2.447380
clip_2,79,17,2.530048
clip_2,80,12,1.880947
clip_2,80,13,0.493332
clip_2,80,14,0.937316
clip_2,80,15,0.983742
clip_2,80,16,1.176308
clip_2,80,17,3.063348
clip_2,81,12,0.890828
clip_2,81,13,0.683213
clip_2,81,14,0.513139
clip_2,81,15,0.427851
clip_2,81,16,0.077650
clip_2,81,17,0.154681
clip_2,82,12,1.205386
clip_2,82,13,0.586971
clip_2,82,14,0.480624
clip_2,82,15,0.536177
clip_2,82,16,1.187981
clip_2,82,17,1.941952
clip_2,83,12,7.568079
clip_2,83,13,2.916460
clip_2,83,14,1.820824
clip_2,83,15,1.440693
clip_2,83,16,1.880151
clip_2,83,17,2.041280
clip_2,84,12,1.110565
clip_2,84,13,0.761430
clip_2,84,14,0.466352
clip_2,84,15,0.449083
clip_2,84,16,1.145529
clip_2,84,17,1.425744
clip_2,85,12,6.060253
clip_2,85,13,2.099849
clip_2,85,14,1.457253
clip_2,85,15,0.941716
clip_2,85,16,3.504712
clip_2,85,17,1.607434
clip_2,86,12,7.376628
clip_2,86,13,4.840761
clip_2,86,14,3.529941
clip_2,86,15,3.940797
clip_2,86,16,4.068151
clip_2,86,17,3.097079
clip_2,87,12,2.006360
clip_2,87,13,1.349943
clip_2,87,14,1.513430
clip_2,87,15,1.676124
clip_2,87,16,2.316741
clip_2,87,17,1.596041
clip_2,88,12,1.643447
clip_2,88,13,1.379644
clip_2,88,14,1.218381
clip_2,88,15,1.244665
clip_2,88,16,1.675090
clip_2,88,17,1.715327
clip_2,89,12,0.782907
clip_2,89,13,0.979063
clip_2,89,14,1.231250
clip_2,89,15,1.265563
clip_2,89,16,0.778019
clip_2,89,17,0.278026
clip_2,90,12,2.201261
clip_2,90,13,1.810205
clip_2,90,14,1.794845
clip_2,90,15,1.795033
clip_2,90,16,1.188782
clip_2,90,17,0.438081
clip_2,91,12,1.951906
clip_2,91,13,1.669958
clip_2,91,14,1.761038
clip_2,91,15,1.857424
clip_2,91,16,1.913626
clip_2,91,17,1.286107
clip_2,92,12,3.047840
clip_2,92,13,2.197211
clip_2,92,14,1.805754
clip_2,92,15,1.796083
clip_2,92,16,0.899745
clip_2,92,17,0.149837
clip_2,93,12,2.561470
clip_2,93,13,1.845494
clip_2,93,14,1.910869
clip_2,93,15,1.905790
clip_2,93,16,2.213354
clip_2,93,17,1.486815
clip_2,94,12,5.368312
clip_2,94,13,3.487848
clip_2,94,14,2.617698
clip_2,94,15,3.552008
clip_2,94,16,0.413819
clip_2,94,17,1.244905
clip_2,95,12,8.932429
clip_2,95,13,5.272872
clip_2,95,14,3.619334
clip_2,95,15,4.078033
clip_2,95,16,2.111002
clip_2,95,17,1.133787
clip_2,96,12,3.004103
clip_2,96,13,1.351705
clip_2,96,14,0.746490
clip_2,96,15,0.844591
clip_2,96,16,1.168104
clip_2,96,17,1.605067
clip_2,97,12,2.740129
clip_2,97,13,1.524491
clip_2,97,14,1.525996
clip_2,97,15,1.595356
clip_2,97,16,2.840397
clip_2,97,17,2.416729
clip_2,98,12,3.521853
clip_2,98,13,2.176303
clip_2,98,14,1.283198
clip_2,98,15,1.156284
clip_2,98,16,3.389885
clip_2,98,17,2.953788
clip_2,99,12,2.340347
clip_2,99,13,1.308451
clip_2,99,14,0.928571
clip_2,99,15,0.938014
clip_2,99,16,2.237046
clip_2,99,17,1.756883
clip_2,100,12,2.479857
clip_2,100,13,1.000093
clip_2,100,14,0.836685
clip_2,100,15,0.957003
clip_2,100,16,2.255336
clip_2,100,17,2.194740
clip_2,101,12,2.991693
clip_2,101,13,1.392877
clip_2,101,14,0.434074
clip_2,101,15,0.390621
clip_2,101,16,2.907922
clip_2,101,17,2.212213
clip_2,102,12,2.934971
clip_2,102,13,1.358362
clip_2,102,14,0.326991
clip_2,102,15,0.187587
clip_2,102,16,2.442163
clip_2,102,17,1.908966
clip_2,103,12,0.622055
clip_2,103,13,0.224304
clip_2,103,14,0.372791
clip_2,103,15,0.483163
clip_2,103,16,0.845417
clip_2,103,17,1.482706
clip_2,104,12,5.600171
clip_2,104,13,3.133139
clip_2,104,14,2.089407
clip_2,104,15,2.671131
clip_2,104,16,4.338689
clip_2,104,17,2.220281
clip_2,105,12,1.731580
clip_2,105,13,0.705782
clip_2,105,14,0.927863
clip_2,105,15,0.928310
clip_2,105,16,0.941778
clip_2,105,17,0.140138
clip_2,106,12,2.090130
clip_2,106,13,1.100035
clip_2,106,14,0.527513
clip_2,106,15,0.487011
clip_2,106,16,2.033361
clip_2,106,17,1.469319
clip_2,107,12,2.079368
clip_2,107,13,1.138417
clip_2,107,14,0.913393
clip_2,107,15,0.931687
clip_2,107,16,1.760945
clip_2,107,17,2.307515
clip_2,108,12,0.768390
clip_2,108,13,0.203019
clip_2,108,14,0.501401
clip_2,108,15,0.659112
clip_2,108,16,0.486878
clip_2,108,17,1.091637
clip_2,109,12,0.981439
clip_2,109,13,0.273121
clip_2,109,14,0.944455
clip_2,109,15,0.985292
clip_2,109,16,1.017914
clip_2,109,17,1.389721
clip_2,110,12,0.732608
clip_2,110,13,0.396230
clip_2,110,14,0.820219
clip_2,110,15,0.905863
clip_2,110,16,0.552346
clip_2,110,17,0.933172
clip_2,111,12,2.007180
clip_2,111,13,1.904485
clip_2,111,14,1.811606
clip_2,111,15,1.883945
clip_2,111,16,1.326146
clip_2,111,17,1.677040
clip_2,112,12,1.254607
clip_2,112,13,0.556869
clip_2,112,14,0.259714
clip_2,112,15,0.287194
clip_2,112,16,0.769364
clip_2,112,17,1.429106
clip_2,113,12,1.183697
clip_2,113,13,0.304634
clip_2,113,14,0.493420
clip_2,113,15,0.610248
clip_2,113,16,0.607384
clip_2,113,17,0.386628
clip_2,114,12,0.708936
clip_2,114,13,0.514143
clip_2,114,14,0.984847
clip_2,114,15,1.104585
clip_2,114,16,0.826091
clip_2,114,17,1.264207
clip_2,115,12,2.870350
clip_2,115,13,1.698240
clip_2,115,14,0.863380
clip_2,115,15,0.704090
clip_2,115,16,1.048161
clip_2,115,17,1.744524
clip_2,116,11,2.981675
clip_2,116,12,1.938954
clip_2,116,13,1.016854
clip_2,116,14,0.705760
clip_2,116,15,0.696201
clip_2,116,16,0.970107
clip_2,116,17,0.578760
clip_2,117,11,3.334906
clip_2,117,12,1.884056
clip_2,117,13,0.761323
clip_2,117,14,0.327886
clip_2,117,15,0.390293
clip_2,117,16,1.383710
clip_2,117,17,1.838037
clip_2,118,11,6.673135
clip_2,118,12,3.337052
clip_2,118,13,0.945026
clip_2,118,14,0.625484
clip_2,118,15,0.857946
clip_2,118,16,0.884635
clip_2,118,17,2.828226
clip_2,119,11,3.156859
clip_2,119,12,1.739354
clip_2,119,13,0.711777
clip_2,119,14,0.535808
clip_2,119,15,0.672189
clip_2,119,16,1.470427
clip_2,119,17,1.870626
clip_2,120,11,2.444683
clip_2,120,12,1.556908
clip_2,120,13,0.887430
clip_2,120,14,0.353239
clip_2,120,15,0.190548
clip_2,120,16,0.939110
clip_2,120,17,1.220196
clip_2,121,11,1.256887
clip_2,121,12,0.967704
clip_2,121,13,0.944660
clip_2,121,14,0.819432
clip_2,121,15,0.903654
clip_2,121,16,1.254671
clip_2,121,17,1.115535
clip_2,122,11,1.005857
clip_2,122,12,0.978202
clip_2,122,13,0.893647
clip_2,122,14,0.849646
clip_2,122,15,0.879128
clip_2,122,16,0.853902
clip_2,122,17,0.816642
clip_2,123,11,0.202165
clip_2,123,12,1.476669
clip_2,123,13,2.191886
clip_2,123,14,2.470495
clip_2,123,15,2.555323
clip_2,123,16,1.213208
clip_2,123,17,0.663409
clip_2,124,11,0.266719
clip_2,124,12,0.375427
clip_2,124,13,0.429796
clip_2,124,14,0.514043
clip_2,124,15,0.447675
clip_2,124,16,0.544989
clip_2,124,17,0.640139
clip_2,125,11,0.597994
clip_2,125,12,0.450016
clip_2,125,13,0.498161
clip_2,125,14,0.670478
clip_2,125,15,0.689729
clip_2,125,16,0.626936
clip_2,125,17,1.027523
clip_2,126,11,0.629529
clip_2,126,12,0.881162
clip_2,126,13,0.934978
clip_2,126,14,0.932179
clip_2,126,15,1.036045
clip_2,126,16,0.507050
clip_2,126,17,0.497198
clip_2,127,11,0.338037
clip_2,127,12,0.366264
clip_2,127,13,0.704029
clip_2,127,14,0.928068
clip_2,127,15,0.999879
clip_2,127,16,1.438486
clip_2,127,17,1.319185
clip_2,128,11,2.651651
clip_2,128,12,8.127258
clip_2,128,13,8.930950
clip_2,128,14,9.434035
clip_2,128,15,9.904373
clip_2,128,16,18.854759
clip_2,128,17,23.278381
clip_2,129,11,3.369408
clip_2,129,12,8.333656
clip_2,129,13,8.624612
clip_2,129,14,8.722357
clip_2,129,15,9.218700
clip_2,129,16,18.532309
clip_2,129,17,21.785801
clip_2,130,11,0.424368
clip_2,130,12,0.873907
clip_2,130,13,1.432693
clip_2,130,14,1.815347
clip_2,130,15,1.873839
clip_2,130,16,0.579663
clip_2,130,17,0.032801
clip_2,131,11,2.457271
clip_2,131,12,0.993143
clip_2,131,13,0.581906
clip_2,131,14,0.992687
clip_2,131,15,1.166818
clip_2,131,16,1.221379
clip_2,131,17,2.114923
clip_2,132,11,1.127624
clip_2,132,12,0.696573
clip_2,132,13,1.387921
clip_2,132,14,1.973067
clip_2,132,15,1.989448
clip_2,132,16,1.133963
clip_2,132,17,0.254319
clip_2,133,11,2.300199
clip_2,133,12,1.477957
clip_2,133,13,0.919387
clip_2,133,14,1.281410
clip_2,133,15,1.447168
clip_2,133,16,1.285153
clip_2,133,17,1.767711
clip_2,134,11,3.352307
clip_2,134,12,1.756259
clip_2,134,13,0.601958
clip_2,134,14,0.250611
clip_2,134,15,0.207225
clip_2,134,16,0.764988
clip_2,134,17,1.854625
clip_2,135,11,2.263482
clip_2,135,12,1.082997
clip_2,135,13,0.401963
clip_2,135,14,0.709148
clip_2,135,15,0.691530
clip_2,135,16,0.832292
clip_2,135,17,1.814004
clip_2,136,11,0.994157
clip_2,136,12,1.383352
clip_2,136,13,1.775980
clip_2,136,14,1.998404
clip_2,136,15,2.021527
clip_2,136,16,1.061227
clip_2,136,17,0.765744
clip_2,137,11,1.555466
clip_2,137,12,1.325158
clip_2,137,13,1.332358
clip_2,137,14,1.330885
clip_2,137,15,1.332228
clip_2,137,16,1.543829
clip_2,137,17,1.443057
clip_2,138,11,0.682055
clip_2,138,12,0.741764
clip_2,138,13,1.073745
clip_2,138,14,1.595450
clip_2,138,15,1.690366
clip_2,138,16,1.121085
clip_2,138,17,0.857883
clip_2,139,11,0.783242
clip_2,139,12,1.508338
clip_2,139,13,1.970257
clip_2,139,14,2.581070
clip_2,139,15,2.744720
clip_2,139,16,2.656369
clip_2,139,17,2.184658
clip_2,140,11,5.251581
clip_2,140,12,3.207744
clip_2,140,13,1.506292
clip_2,140,14,0.858764
clip_2,140,15,0.783042
clip_2,140,16,0.967342
clip_2,140,17,1.820575
clip_2,141,11,3.671477
clip_2,141,12,3.741028
clip_2,141,13,3.497094
clip_2,141,14,3.433561
clip_2,141,15,3.319517
clip_2,141,16,2.703168
clip_2,141,17,2.782940
clip_2,142,11,1.936565
clip_2,142,12,1.508430
clip_2,142,13,1.119301
clip_2,142,14,1.362958
clip_2,142,15,1.317133
clip_2,142,16,1.729500
clip_2,142,17,2.150484
clip_2,143,11,0.433177
clip_2,143,12,0.925595
clip_2,143,13,1.289033
clip_2,143,14,1.821046
clip_2,143,15,1.797439
clip_2,143,16,1.728590
clip_2,143,17,1.517845
clip_2,144,11,2.144872
clip_2,144,12,0.916979
clip_2,144,13,0.488223
clip_2,144,14,1.155115
clip_2,144,15,1.239459
clip_2,144,16,2.559824
clip_2,144,17,1.734011
clip_2,145,11,2.254082
clip_2,145,12,0.916084
clip_2,145,13,1.216752
clip_2,145,14,2.125733
clip_2,145,15,2.337314
clip_2,145,16,4.549521
clip_2,145,17,3.961952
clip_2,146,11,0.214333
clip_2,146,12,0.782980
clip_2,146,13,1.555151
clip_2,146,14,2.084039
clip_2,146,15,2.225324
clip_2,146,16,4.405252
clip_2,146,17,4.094190
clip_2,147,11,3.592478
clip_2,147,12,0.433642
clip_2,147,13,2.230968
clip_2,147,14,3.452576
clip_2,147,15,3.651825
clip_2,147,16,1.854378
clip_2,147,17,1.072015
clip_2,148,11,3.604603
clip_2,148,12,1.037367
clip_2,148,13,1.342492
clip_2,148,14,2.297063
clip_2,148,15,2.534202
clip_2,148,16,2.351833
clip_2,148,17,1.563824
clip_2,149,11,3.057179
clip_2,149,12,1.359702
clip_2,149,13,3.491617
clip_2,149,14,4.924275
clip_2,149,15,5.206703
clip_2,149,16,3.835076
clip_2,149,17,2.744955
clip_2,150,11,2.797225
clip_2,150,12,2.103086
clip_2,150,13,1.245463
clip_2,150,14,1.026212
clip_2,150,15,0.791663
clip_2,150,16,3.097992
clip_2,150,17,3.629896
clip_2,151,11,3.714935
clip_2,151,12,2.772545
clip_2,151,13,2.146304
clip_2,151,14,1.884774
clip_2,151,15,1.860167
clip_2,151,16,3.740674
clip_2,151,17,4.248671
clip_2,152,11,1.968928
clip_2,152,12,1.998389
clip_2,152,13,1.877138
clip_2,152,14,1.769312
clip_2,152,15,1.908874
clip_2,152,16,6.246773
clip_2,152,17,6.622354
clip_2,153,11,2.858093
clip_2,153,12,2.085469
clip_2,153,13,1.915070
clip_2,153,14,2.329201
clip_2,153,15,2.435063
clip_2,153,16,6.016652
clip_2,153,17,5.878475
clip_2,154,11,0.964803
clip_2,154,12,1.636983
clip_2,154,13,2.523763
clip_2,154,14,3.176061
clip_2,154,15,3.196154
clip_2,154,16,4.333439
clip_2,154,17,3.494396
clip_2,155,11,3.358036
clip_2,155,12,2.796379
clip_2,155,13,5.220461
clip_2,155,14,6.870851
clip_2,155,15,7.383990
clip_2,155,16,8.454444
clip_2,155,17,6.705493
clip_2,156,11,7.462799
clip_2,156,12,5.272612
clip_2,156,13,3.358901
clip_2,156,14,2.758259
clip_2,156,15,2.572556
clip_2,156,16,4.331557
clip_2,156,17,5.936411
clip_2,157,11,4.237021
clip_2,157,12,3.261068
clip_2,157,13,5.794424
clip_2,157,14,7.723676
clip_2,157,15,8.153476
clip_2,157,16,9.624785
clip_2,157,17,7.554782
clip_2,158,11,7.351871
clip_2,158,12,4.981990
clip_2,158,13,3.276565
clip_2,158,14,2.652532
clip_2,158,15,2.739372
clip_2,158,16,7.146855
clip_2,158,17,8.437033
clip_2,159,11,4.962890
clip_2,159,12,4.372007
clip_2,159,13,5.067811
clip_2,159,14,6.066476
clip_2,159,15,6.311726
clip_2,159,16,7.960617
clip_2,159,17,7.529674
clip_2,160,11,5.594441
clip_2,160,12,5.821254
clip_2,160,13,5.778030
clip_2,160,14,6.050377
clip_2,160,15,6.113936
clip_2,160,16,5.075633
clip_2,160,17,4.865636
clip_2,161,11,3.000662
clip_2,161,12,4.795263
clip_2,161,13,6.486465
clip_2,161,14,7.576024
clip_2,161,15,7.922377
clip_2,161,16,9.107866
clip_2,161,17,7.666476
clip_2,162,11,3.180000
clip_2,162,12,5.334242
clip_2,162,13,7.385915
clip_2,162,14,8.849770
clip_2,162,15,9.163249
clip_2,162,16,11.087022
clip_2,162,17,9.557501
clip_2,163,11,4.811728
clip_2,163,12,6.025654
clip_2,163,13,7.377191
clip_2,163,14,8.426245
clip_2,163,15,8.676903
clip_2,163,16,11.057801
clip_2,163,17,9.941084
clip_2,164,11,12.356495
clip_2,164,12,10.497832
clip_2,164,13,11.650297
clip_2,164,14,12.539025
clip_2,164,15,13.610359
clip_2,164,16,6.720103
clip_2,164,17,3.288933
clip_2,165,10,2.755618
clip_2,165,11,3.017193
clip_2,165,12,5.245271
clip_2,165,13,7.596461
clip_2,165,14,9.097697
clip_2,165,15,9.211036
clip_2,165,16,11.840671
clip_2,165,17,10.029981
clip_2,166,10,4.096731
clip_2,166,11,4.215488
clip_2,166,12,4.926511
clip_2,166,13,6.204675
clip_2,166,14,7.174591
clip_2,166,15,7.407691
clip_2,166,16,11.779008
clip_2,166,17,10.761987
clip_2,167,10,5.308103
clip_2,167,11,5.636162
clip_2,167,12,6.860476
clip_2,167,13,8.099587
clip_2,167,14,8.907721
clip_2,167,15,8.950126
clip_2,167,16,9.682182
clip_2,167,17,8.443744
clip_2,168,10,3.784551
clip_2,168,11,4.189318
clip_2,168,12,6.093316
clip_2,168,13,7.973574
clip_2,168,14,8.789161
clip_2,168,15,8.736694
clip_2,168,16,9.969047
clip_2,168,17,8.366092
clip_2,169,10,5.515450
clip_2,169,11,5.052241
clip_2,169,12,4.258587
clip_2,169,13,4.701774
clip_2,169,14,5.263608
clip_2,169,15,5.393686
clip_2,169,16,9.626771
clip_2,169,17,9.469549
clip_2,170,10,6.475670
clip_2,170,11,6.490300
clip_2,170,12,7.036866
clip_2,170,13,7.905671
clip_2,170,14,8.090178
clip_2,170,15,8.300820
clip_2,170,16,9.420185
clip_2,170,17,8.739505
clip_2,171,11,6.808093
clip_2,171,12,6.374211
clip_2,171,13,7.705108
clip_2,171,14,9.919084
clip_2,171,15,10.148329
clip_2,171,16,11.626526
clip_2,171,17,11.244672
clip_2,172,11,3.268691
clip_2,172,12,3.709354
clip_2,172,13,4.850392
clip_2,172,14,5.874402
clip_2,172,15,6.158340
clip_2,172,16,9.354251
clip_2,172,17,8.611182
clip_2,173,11,1.378017
clip_2,173,12,4.321992
clip_2,173,13,6.868917
clip_2,173,14,8.205284
clip_2,173,15,8.359667
clip_2,173,16,10.101359
clip_2,173,17,8.087677
clip_3,1,12,0.736885
clip_3,1,13,0.360392
clip_3,1,14,0.164050
clip_3,1,15,0.158346
clip_3,1,16,0.796688
clip_3,1,17,0.572682
clip_3,2,12,1.315698
clip_3,2,13,1.191244
clip_3,2,14,1.162658
clip_3,2,15,1.161092
clip_3,2,16,0.540477
clip_3,2,17,0.647927
clip_3,3,12,1.888288
clip_3,3,13,1.594393
clip_3,3,14,1.378150
clip_3,3,15,1.427244
clip_3,3,16,1.923394
clip_3,3,17,2.175480
clip_3,4,12,0.562964
clip_3,4,13,0.378231
clip_3,4,14,0.390126
clip_3,4,15,0.381426
clip_3,4,16,0.069251
clip_3,4,17,0.110712
clip_3,5,12,0.590792
clip_3,5,13,0.327915
clip_3,5,14,0.173532
clip_3,5,15,0.139806
clip_3,5,16,0.441320
clip_3,5,17,0.607101
clip_3,6,12,0.568492
clip_3,6,13,0.317928
clip_3,6,14,0.201156
clip_3,6,15,0.177350
clip_3,6,16,0.173624
clip_3,6,17,0.184251
clip_3,7,12,0.153578
clip_3,7,13,0.131374
clip_3,7,14,0.082179
clip_3,7,15,0.132361
clip_3,7,16,0.222196
clip_3,7,17,0.275767
clip_3,8,12,0.089240
clip_3,8,13,0.107161
clip_3,8,14,0.123711
clip_3,8,15,0.150150
clip_3,8,16,0.455308
clip_3,8,17,0.604136
clip_3,9,12,0.860361
clip_3,9,13,0.781374
clip_3,9,14,0.808937
clip_3,9,15,0.844865
clip_3,9,16,1.843659
clip_3,9,17,1.976764
clip_3,10,12,0.538766
clip_3,10,13,0.315897
clip_3,10,14,0.272119
clip_3,10,15,0.179133
clip_3,10,16,0.503964
clip_3,10,17,0.730505
clip_3,11,12,0.382976
clip_3,11,13,0.406114
clip_3,11,14,0.609343
clip_3,11,15,0.661255
clip_3,11,16,0.786964
clip_3,11,17,0.661767
clip_3,12,12,1.047577
clip_3,12,13,0.562309
clip_3,12,14,0.328872
clip_3,12,15,0.295088
clip_3,12,16,0.347988
clip_3,12,17,0.559569
clip_3,13,12,0.511767
clip_3,13,13,0.251442
clip_3,13,14,0.234696
clip_3,13,15,0.282584
clip_3,13,16,0.280294
clip_3,13,17,0.358775
clip_3,14,12,0.447817
clip_3,14,13,0.184053
clip_3,14,14,0.587761
clip_3,14,15,0.662666
clip_3,14,16,0.745302
clip_3,14,17,0.429480
clip_3,15,12,0.158868
clip_3,15,13,0.140272
clip_3,15,14,0.297452
clip_3,15,15,0.305582
clip_3,15,16,0.242645
clip_3,15,17,0.307998
clip_3,16,12,0.529890
clip_3,16,13,0.586950
clip_3,16,14,0.592430
clip_3,16,15,0.648922
clip_3,16,16,1.069794
clip_3,16,17,1.121348
clip_3,17,12,0.047504
clip_3,17,13,0.327144
clip_3,17,14,0.602230
clip_3,17,15,0.653637
clip_3,17,16,0.567903
clip_3,17,17,0.273013
clip_3,18,12,0.534559
clip_3,18,13,0.429227
clip_3,18,14,0.223117
clip_3,18,15,0.215346
clip_3,18,16,1.448404
clip_3,18,17,1.707115
clip_3,19,12,0.452525
clip_3,19,13,0.384337
clip_3,19,14,0.732057
clip_3,19,15,0.814713
clip_3,19,16,1.580729
clip_3,19,17,1.289475
clip_3,20,12,0.368572
clip_3,20,13,0.112536
clip_3,20,14,0.381951
clip_3,20,15,0.455149
clip_3,20,16,0.579761
clip_3,20,17,0.445769
clip_3,21,12,0.596035
clip_3,21,13,0.506287
clip_3,21,14,0.524692
clip_3,21,15,0.519555
clip_3,21,16,0.166919
clip_3,21,17,0.351391
clip_3,22,12,1.378966
clip_3,22,13,0.822389
clip_3,22,14,0.496445
clip_3,22,15,0.410611
clip_3,22,16,0.913563
clip_3,22,17,1.529143
clip_3,23,12,2.131535
clip_3,23,13,1.492401
clip_3,23,14,1.107078
clip_3,23,15,0.970310
clip_3,23,16,0.754513
clip_3,23,17,1.422691
clip_3,24,12,0.743735
clip_3,24,13,1.175776
clip_3,24,14,1.575834
clip_3,24,15,1.706856
clip_3,24,16,0.596024
clip_3,24,17,0.735410
clip_3,25,12,1.017637
clip_3,25,13,0.303789
clip_3,25,14,1.088929
clip_3,25,15,1.217586
clip_3,25,16,1.053512
clip_3,25,17,1.039815
clip_3,26,12,1.617820
clip_3,26,13,1.529856
clip_3,26,14,1.419568
clip_3,26,15,1.453209
clip_3,26,16,0.807252
clip_3,26,17,0.885347
clip_3,27,12,2.178137
clip_3,27,13,0.799313
clip_3,27,14,0.540843
clip_3,27,15,0.700084
clip_3,27,16,0.397906
clip_3,27,17,2.002151
clip_3,28,11,2.215158
clip_3,28,12,1.266370
clip_3,28,13,0.847288
clip_3,28,14,0.946810
clip_3,28,15,0.935309
clip_3,28,16,0.280878
clip_3,28,17,0.590476
clip_3,29,11,2.736397
clip_3,29,12,1.970623
clip_3,29,13,1.442930
clip_3,29,14,1.091388
clip_3,29,15,1.079586
clip_3,29,16,0.285858
clip_3,29,17,0.919443
clip_3,30,11,2.757715
clip_3,30,12,2.225069
clip_3,30,13,1.492499
clip_3,30,14,1.049047
clip_3,30,15,0.940418
clip_3,30,16,0.304686
clip_3,30,17,0.727846
clip_3,31,11,0.751104
clip_3,31,12,0.756744
clip_3,31,13,0.644958
clip_3,31,14,1.085395
clip_3,31,15,1.024435
clip_3,31,16,0.143553
clip_3,31,17,0.268836
clip_3,32,11,1.723486
clip_3,32,12,1.040676
clip_3,32,13,1.160507
clip_3,32,14,1.410583
clip_3,32,15,1.489304
clip_3,32,16,2.060821
clip_3,32,17,1.647051
clip_3,33,11,3.111688
clip_3,33,12,1.534700
clip_3,33,13,0.909797
clip_3,33,14,0.488405
clip_3,33,15,0.295019
clip_3,33,16,1.494596
clip_3,33,17,2.387565
clip_3,34,11,1.430356
clip_3,34,12,1.925932
clip_3,34,13,2.104802
clip_3,34,14,2.182028
clip_3,34,15,2.209779
clip_3,34,16,3.351582
clip_3,34,17,3.384992
clip_3,35,11,1.647483
clip_3,35,12,1.338900
clip_3,35,13,1.012579
clip_3,35,14,0.845422
clip_3,35,15,0.785133
clip_3,35,16,0.911669
clip_3,35,17,1.284628
clip_3,36,11,0.084062
clip_3,36,12,0.051847
clip_3,36,13,0.066290
clip_3,36,14,0.074839
clip_3,36,15,0.097646
clip_3,36,16,0.218980
clip_3,36,17,0.201098
clip_3,37,11,1.055799
clip_3,37,12,0.700869
clip_3,37,13,0.776970
clip_3,37,14,0.934146
clip_3,37,15,1.097018
clip_3,37,16,1.797574
clip_3,37,17,1.556091
clip_3,38,11,1.162125
clip_3,38,12,1.408622
clip_3,38,13,1.669411
clip_3,38,14,1.782059
clip_3,38,15,1.890296
clip_3,38,16,2.638367
clip_3,38,17,2.478422
clip_3,39,11,1.642118
clip_3,39,12,2.005320
clip_3,39,13,2.261785
clip_3,39,14,2.335275
clip_3,39,15,2.362552
clip_3,39,16,1.622442
clip_3,39,17,1.366262
clip_3,40,11,0.943792
clip_3,40,12,0.903669
clip_3,40,13,1.640969
clip_3,40,14,2.298363
clip_3,40,15,2.483171
clip_3,40,16,0.415579
clip_3,40,17,1.379800
clip_3,41,11,3.022689
clip_3,41,12,2.569374
clip_3,41,13,2.250496
clip_3,41,14,1.780700
clip_3,41,15,1.738414
clip_3,41,16,3.941811
clip_3,41,17,4.421518
clip_3,42,11,0.624072
clip_3,42,12,0.697358
clip_3,42,13,1.595507
clip_3,42,14,2.211180
clip_3,42,15,2.324365
clip_3,42,16,1.858688
clip_3,42,17,1.178562
clip_3,43,11,1.972235
clip_3,43,12,2.321008
clip_3,43,13,2.184614
clip_3,43,14,2.011372
clip_3,43,15,2.026435
clip_3,43,16,1.603052
clip_3,43,17,1.849582
clip_3,44,11,3.484594
clip_3,44,12,2.215741
clip_3,44,13,1.253940
clip_3,44,14,0.568405
clip_3,44,15,0.499460
clip_3,44,16,2.110723
clip_3,44,17,2.919901
clip_3,45,11,1.420785
clip_3,45,12,1.552107
clip_3,45,13,1.723168
clip_3,45,14,2.087966
clip_3,45,15,2.139740
clip_3,45,16,1.037868
clip_3,45,17,0.799944
clip_3,46,11,2.541032
clip_3,46,12,2.332364
clip_3,46,13,2.039536
clip_3,46,14,1.779373
clip_3,46,15,1.787643
clip_3,46,16,1.698983
clip_3,46,17,1.834403
clip_3,47,11,0.495563
clip_3,47,12,0.951227
clip_3,47,13,1.053495
clip_3,47,14,1.571301
clip_3,47,15,1.532290
clip_3,47,16,0.683887
clip_3,47,17,1.347822
clip_3,48,11,0.374592
clip_3,48,12,0.486788
clip_3,48,13,0.899815
clip_3,48,14,1.275518
clip_3,48,15,1.229971
clip_3,48,16,1.000793
clip_3,48,17,1.634236
clip_3,49,11,0.896057
clip_3,49,12,0.589673
clip_3,49,13,0.899956
clip_3,49,14,1.323775
clip_3,49,15,1.238418
clip_3,49,16,0.902862
clip_3,49,17,0.442473
clip_3,50,11,1.701421
clip_3,50,12,1.884935
clip_3,50,13,2.019270
clip_3,50,14,2.027713
clip_3,50,15,1.991468
clip_3,50,16,2.083187
clip_3,50,17,1.983148
clip_3,51,11,1.077254
clip_3,51,12,2.238827
clip_3,51,13,2.874676
clip_3,51,14,3.469619
clip_3,51,15,3.532423
clip_3,51,16,1.845529
clip_3,51,17,1.216090
clip_3,52,11,4.138461
clip_3,52,12,3.400318
clip_3,52,13,2.537126
clip_3,52,14,1.914705
clip_3,52,15,1.874901
clip_3,52,16,3.603212
clip_3,52,17,4.445032
clip_3,53,11,1.851135
clip_3,53,12,1.869877
clip_3,53,13,1.938026
clip_3,53,14,2.228631
clip_3,53,15,2.160059
clip_3,53,16,1.982375
clip_3,53,17,1.826090
clip_3,54,11,1.770912
clip_3,54,12,1.946346
clip_3,54,13,2.482679
clip_3,54,14,2.858349
clip_3,54,15,2.813735
clip_3,54,16,2.928684
clip_3,54,17,3.015068
clip_3,55,11,2.770272
clip_3,55,12,2.965783
clip_3,55,13,3.297628
clip_3,55,14,3.812479
clip_3,55,15,3.715201
clip_3,55,16,3.541956
clip_3,55,17,3.271738
clip_3,56,11,3.994849
clip_3,56,12,3.316417
clip_3,56,13,2.927251
clip_3,56,14,2.707738
clip_3,56,15,2.648571
clip_3,56,16,3.493589
clip_3,56,17,3.985007
clip_3,57,11,2.192776
clip_3,57,12,2.311951
clip_3,57,13,2.792918
clip_3,57,14,3.225703
clip_3,57,15,3.219341
clip_3,57,16,2.060571
clip_3,57,17,1.630728
clip_3,58,11,3.567237
clip_3,58,12,2.864514
clip_3,58,13,2.415231
clip_3,58,14,2.264465
clip_3,58,15,2.184763
clip_3,58,16,2.400968
clip_3,58,17,2.970645
clip_3,59,11,1.533122
clip_3,59,12,2.005239
clip_3,59,13,2.353444
clip_3,59,14,2.895686
clip_3,59,15,2.938412
clip_3,59,16,1.552281
clip_3,59,17,1.371985
clip_3,60,11,2.150042
clip_3,60,12,2.393982
clip_3,60,13,2.519580
clip_3,60,14,2.819469
clip_3,60,15,2.963778
clip_3,60,16,2.463022
clip_3,60,17,2.310452
clip_3,61,11,1.829649
clip_3,61,12,1.801346
clip_3,61,13,1.860369
clip_3,61,14,1.870190
clip_3,61,15,1.883158
clip_3,61,16,2.859854
clip_3,61,17,3.109638
clip_3,62,11,3.495455
clip_3,62,12,2.023634
clip_3,62,13,1.507883
clip_3,62,14,1.327881
clip_3,62,15,1.552010
clip_3,62,16,3.832788
clip_3,62,17,4.933118
clip_3,63,11,1.454547
clip_3,63,12,0.499952
clip_3,63,13,0.286505
clip_3,63,14,1.144293
clip_3,63,15,1.243110
clip_3,63,16,2.262313
clip_3,63,17,3.663992
clip_3,64,11,3.836360
clip_3,64,12,1.809449
clip_3,64,13,0.918521
clip_3,64,14,0.745492
clip_3,64,15,0.872613
clip_3,64,16,3.708856
clip_3,64,17,5.009238
clip_3,65,11,1.549008
clip_3,65,12,1.083556
clip_3,65,13,0.777278
clip_3,65,14,0.564873
clip_3,65,15,0.723931
clip_3,65,16,0.227561
clip_3,65,17,0.375400
clip_3,66,11,0.656369
clip_3,66,12,0.442904
clip_3,66,13,0.694941
clip_3,66,14,0.966571
clip_3,66,15,1.116775
clip_3,66,16,1.201150
clip_3,66,17,1.017897
clip_3,67,11,2.291278
clip_3,67,12,1.594844
clip_3,67,13,1.043077
clip_3,67,14,0.512934
clip_3,67,15,0.485448
clip_3,67,16,0.393963
clip_3,67,17,1.140055
clip_3,68,11,2.925404
clip_3,68,12,1.561957
clip_3,68,13,0.644522
clip_3,68,14,0.855363
clip_3,68,15,0.884596
clip_3,68,16,1.970046
clip_3,68,17,1.780699
clip_3,69,11,2.122574
clip_3,69,12,1.551230
clip_3,69,13,0.885605
clip_3,69,14,0.607574
clip_3,69,15,0.601746
clip_3,69,16,1.644050
clip_3,69,17,1.339848
clip_3,70,11,2.980511
clip_3,70,12,1.297059
clip_3,70,13,0.625288
clip_3,70,14,0.984466
clip_3,70,15,1.114570
clip_3,70,16,1.156627
clip_3,70,17,2.138455
clip_3,71,11,2.061925
clip_3,71,12,1.413231
clip_3,71,13,0.992249
clip_3,71,14,0.749227
clip_3,71,15,0.638161
clip_3,71,16,1.039847
clip_3,71,17,1.277465
clip_3,72,11,0.682361
clip_3,72,12,0.554688
clip_3,72,13,1.128288
clip_3,72,14,1.392853
clip_3,72,15,1.606336
clip_3,72,16,3.205709
clip_3,72,17,3.058522
clip_3,73,11,0.455799
clip_3,73,12,0.473422
clip_3,73,13,0.341148
clip_3,73,14,0.335509
clip_3,73,15,0.532690
clip_3,73,16,0.183225
clip_3,73,17,0.215829
clip_3,74,11,1.085989
clip_3,74,12,2.235789
clip_3,74,13,2.823038
clip_3,74,14,3.169808
clip_3,74,15,3.347365
clip_3,74,16,1.570514
clip_3,74,17,1.014339
clip_3,75,11,3.805242
clip_3,75,12,2.741585
clip_3,75,13,1.994110
clip_3,75,14,1.122315
clip_3,75,15,0.786439
clip_3,75,16,2.080636
clip_3,75,17,2.078529
clip_3,76,11,0.987712
clip_3,76,12,1.208644
clip_3,76,13,1.454943
clip_3,76,14,1.559172
clip_3,76,15,1.650201
clip_3,76,16,2.026782
clip_3,76,17,1.761283
clip_3,77,11,2.577679
clip_3,77,12,2.461744
clip_3,77,13,1.901654
clip_3,77,14,1.426978
clip_3,77,15,1.410532
clip_3,77,16,0.939660
clip_3,77,17,1.427839
clip_3,78,11,1.875579
clip_3,78,12,1.507194
clip_3,78,13,1.180856
clip_3,78,14,0.981613
clip_3,78,15,0.984708
clip_3,78,16,1.060509
clip_3,78,17,1.221486
clip_3,79,11,0.528783
clip_3,79,12,1.014607
clip_3,79,13,1.678203
clip_3,79,14,1.716063
clip_3,79,15,1.665862
clip_3,79,16,0.728907
clip_3,79,17,1.047294
clip_3,80,11,1.372184
clip_3,80,12,1.090143
clip_3,80,13,1.105881
clip_3,80,14,0.804449
clip_3,80,15,0.889748
clip_3,80,16,1.314236
clip_3,80,17,1.399392
clip_3,81,11,1.694753
clip_3,81,12,0.431806
clip_3,81,13,0.299559
clip_3,81,14,0.712790
clip_3,81,15,0.837249
clip_3,81,16,1.377764
clip_3,81,17,1.008723
clip_3,82,11,3.289089
clip_3,82,12,1.777706
clip_3,82,13,0.717152
clip_3,82,14,0.610309
clip_3,82,15,0.609746
clip_3,82,16,0.452091
clip_3,82,17,1.139102
clip_3,83,11,3.043196
clip_3,83,12,1.008850
clip_3,83,13,0.689502
clip_3,83,14,1.402538
clip_3,83,15,1.543307
clip_3,83,16,0.239580
clip_3,83,17,1.275370
clip_3,84,11,1.950425
clip_3,84,12,1.694646
clip_3,84,13,1.320507
clip_3,84,14,1.340920
clip_3,84,15,1.359299
clip_3,84,16,1.896279
clip_3,84,17,1.890724
clip_3,85,11,2.666250
clip_3,85,12,1.636673
clip_3,85,13,0.851673
clip_3,85,14,0.753807
clip_3,85,15,0.722470
clip_3,85,16,0.052547
clip_3,85,17,0.413036
clip_3,86,11,1.073799
clip_3,86,12,0.282523
clip_3,86,13,0.743392
clip_3,86,14,1.053432
clip_3,86,15,1.127146
clip_3,86,16,1.694642
clip_3,86,17,2.199274
clip_3,87,11,2.586573
clip_3,87,12,1.895887
clip_3,87,13,0.959955
clip_3,87,14,0.480215
clip_3,87,15,0.431414
clip_3,87,16,1.542114
clip_3,87,17,1.181161
clip_3,88,11,0.806326
clip_3,88,12,0.435384
clip_3,88,13,0.158972
clip_3,88,14,0.490534
clip_3,88,15,0.648221
clip_3,88,16,0.147287
clip_3,88,17,0.621841
clip_3,89,11,1.413924
clip_3,89,12,0.852741
clip_3,89,13,0.417769
clip_3,89,14,0.427873
clip_3,89,15,0.402873
clip_3,89,16,0.134609
clip_3,89,17,0.397063
clip_3,90,11,0.201306
clip_3,90,12,0.274961
clip_3,90,13,0.507688
clip_3,90,14,0.656241
clip_3,90,15,0.670750
clip_3,90,16,0.589101
clip_3,90,17,0.506860
clip_3,91,11,0.784681
clip_3,91,12,0.230079
clip_3,91,13,0.276023
clip_3,91,14,0.449908
clip_3,91,15,0.427984
clip_3,91,16,0.898446
clip_3,91,17,1.110615
clip_3,92,11,2.137571
clip_3,92,12,1.344756
clip_3,92,13,1.320348
clip_3,92,14,1.425011
clip_3,92,15,1.564347
clip_3,92,16,1.013628
clip_3,92,17,1.919262
clip_3,93,11,0.913793
clip_3,93,12,0.491998
clip_3,93,13,0.610922
clip_3,93,14,0.929143
clip_3,93,15,1.019606
clip_3,93,16,0.849806
clip_3,93,17,0.826055
clip_3,94,11,0.161003
clip_3,94,12,0.262110
clip_3,94,13,0.290944
clip_3,94,14,0.460930
clip_3,94,15,0.473239
clip_3,94,16,0.542322
clip_3,94,17,0.688431
clip_3,95,11,0.835393
clip_3,95,12,1.072761
clip_3,95,13,0.990646
clip_3,95,14,0.981158
clip_3,95,15,1.033349
clip_3,95,16,1.008910
clip_3,95,17,1.134783
clip_3,96,11,2.113441
clip_3,96,12,0.781024
clip_3,96,13,0.023930
clip_3,96,14,0.519725
clip_3,96,15,0.712396
clip_3,96,16,0.088068
clip_3,96,17,0.918505
clip_3,97,11,1.077111
clip_3,97,12,0.328579
clip_3,97,13,0.803501
clip_3,97,14,1.044532
clip_3,97,15,1.190776
clip_3,97,16,1.047168
clip_3,97,17,0.689181
clip_3,98,11,0.846120
clip_3,98,12,0.431667
clip_3,98,13,0.903377
clip_3,98,14,1.299196
clip_3,98,15,1.420582
clip_3,98,16,0.314464
clip_3,98,17,0.182389
clip_3,99,11,0.208358
clip_3,99,12,0.923186
clip_3,99,13,1.304190
clip_3,99,14,1.589377
clip_3,99,15,1.601426
clip_3,99,16,0.696815
clip_3,99,17,0.249583
clip_3,100,11,1.896892
clip_3,100,12,1.746819
clip_3,100,13,1.643386
clip_3,100,14,1.571453
clip_3,100,15,1.462655
clip_3,100,16,1.871190
clip_3,100,17,2.056349
clip_3,101,11,2.519386
clip_3,101,12,2.146213
clip_3,101,13,1.867771
clip_3,101,14,1.690234
clip_3,101,15,1.701269
clip_3,101,16,1.024200
clip_3,101,17,1.039999
clip_3,102,11,2.300615
clip_3,102,12,2.110567
clip_3,102,13,1.897114
clip_3,102,14,2.027501
clip_3,102,15,1.959977
clip_3,102,16,3.814091
clip_3,102,17,3.913155
clip_3,103,11,5.905235
clip_3,103,12,5.684472
clip_3,103,13,5.054416
clip_3,103,14,4.640740
clip_3,103,15,4.696096
clip_3,103,16,7.698782
clip_3,103,17,8.284956
clip_3,104,11,5.635139
clip_3,104,12,6.200253
clip_3,104,13,6.018603
clip_3,104,14,6.261762
clip_3,104,15,6.315124
clip_3,104,16,7.218482
clip_3,104,17,7.134351
clip_3,105,11,8.868137
clip_3,105,12,8.576960
clip_3,105,13,7.950433
clip_3,105,14,7.732940
clip_3,105,15,7.558020
clip_3,105,16,5.286412
clip_3,105,17,5.311981
clip_3,106,12,6.504994
clip_3,106,13,6.183978
clip_3,106,14,5.869049
clip_3,106,15,5.846471
clip_3,106,16,9.220470
clip_3,106,17,9.801147
clip_3,107,12,5.521012
clip_3,107,13,7.531821
clip_3,107,14,9.488210
clip_3,107,15,9.790811
clip_3,107,16,10.060328
clip_3,107,17,8.159071
clip_3,108,12,11.275459
clip_3,108,13,10.508862
clip_3,108,14,10.083614
clip_3,108,15,9.855409
clip_3,108,16,9.357741
clip_3,108,17,9.612558
clip_3,109,12,12.175225
clip_3,109,13,11.560375
clip_3,109,14,11.071510
clip_3,109,15,10.925608
clip_3,109,16,9.637778
clip_3,109,17,9.670387
clip_3,110,12,11.749880
clip_3,110,13,13.053297
clip_3,110,14,13.322141
clip_3,110,15,13.519368
clip_3,110,16,12.832502
clip_3,110,17,11.142356
clip_3,111,12,13.327375
clip_3,111,13,13.800949
clip_3,111,14,13.736101
clip_3,111,15,13.766216
clip_3,111,16,14.879390
clip_3,111,17,14.748092
clip_3,112,12,14.404440
clip_3,112,13,14.895064
clip_3,112,14,15.355434
clip_3,112,15,15.133928
clip_3,112,16,14.445697
clip_3,112,17,13.786308
clip_3,113,12,15.543616
clip_3,113,13,15.982610
clip_3,113,14,16.522374
clip_3,113,15,16.442584
clip_3,113,16,13.530283
clip_3,113,17,12.648188
clip_3,114,12,13.634856
clip_3,114,13,14.111916
clip_3,114,14,14.361624
clip_3,114,15,14.575491
clip_3,114,16,17.078189
clip_3,114,17,17.078135
clip_3,115,12,16.969919
clip_3,115,13,18.946762
clip_3,115,14,20.224455
clip_3,115,15,20.651692
clip_3,115,16,16.541895
clip_3,115,17,15.133549
clip_3,116,12,16.154937
clip_3,116,13,17.334732
clip_3,116,14,16.678254
clip_3,116,15,17.206661
clip_3,116,16,14.053971
clip_3,116,17,14.483479
clip_3,117,12,24.013652
clip_3,117,13,20.967474
clip_3,117,14,16.808903
clip_3,117,15,17.470010
clip_3,117,16,17.750113
clip_3,117,17,19.663156
clip_3,118,12,20.438726
clip_3,118,13,22.451937
clip_3,118,14,21.549563
clip_3,118,15,21.779547
clip_3,118,16,18.297619
clip_3,118,17,18.027882
clip_3,119,12,18.490031
clip_3,119,13,19.961344
clip_3,119,14,19.124203
clip_3,119,15,18.957908
clip_3,119,16,20.755632
clip_3,119,17,21.431585
clip_3,120,13,20.186526
clip_3,120,14,21.628385
clip_3,120,15,18.353136
clip_3,120,16,29.114400
clip_3,120,17,29.091176
clip_3,121,13,22.239723
clip_3,121,14,23.827167
clip_3,121,15,24.006070
clip_3,121,16,23.264307
clip_3,121,17,20.990914
clip_3,122,7,15.541474
clip_3,122,13,23.292114
clip_3,122,14,23.519665
clip_3,122,15,23.792152
clip_3,122,16,21.516907
clip_3,122,17,21.011774
clip_3,123,7,28.502414
clip_3,123,13,23.572286
clip_3,123,14,25.084784
clip_3,123,15,25.549737
clip_3,123,16,24.960989
clip_3,123,17,23.620978
clip_3,124,7,16.126644
clip_3,124,13,27.416230
clip_3,124,14,28.639220
clip_3,124,15,28.677414
clip_3,124,16,26.679865
clip_3,124,17,26.601880
clip_3,125,6,11.618683
clip_3,125,7,10.578305
clip_3,125,13,35.885183
clip_3,125,14,34.781065
clip_3,125,15,37.061636
clip_3,125,16,25.672484
clip_3,125,17,24.950566
clip_3,126,6,43.350098
clip_3,126,7,46.109115
clip_3,126,14,31.222002
clip_3,126,15,30.499955
clip_3,126,16,31.212739
clip_3,126,17,31.465979
clip_3,127,6,2.471619
clip_3,127,7,2.806071
clip_3,127,14,29.356018
clip_3,127,15,30.391211
clip_3,127,16,18.465393
clip_3,127,17,18.509691
clip_3,128,6,24.793762
clip_3,128,7,25.389680
clip_3,128,14,27.983033
clip_3,128,15,27.832873
clip_3,128,16,23.397044
clip_3,128,17,22.424560
clip_3,129,6,29.526520
clip_3,129,7,28.434679
clip_3,129,14,22.755944
clip_3,129,15,22.820318
clip_3,129,16,27.558298
clip_3,129,17,27.432250
clip_3,130,6,11.329987
clip_3,130,7,10.797461
clip_3,130,14,21.951397
clip_3,130,15,28.670156
clip_3,130,16,27.793952
clip_3,130,17,28.446061
clip_3,131,7,17.456727
clip_3,131,16,30.823150
clip_3,131,17,29.605067
clip_3,132,7,26.679116
clip_3,132,16,28.185799
clip_3,132,17,29.554636
clip_3,133,7,30.629682
clip_3,133,16,23.282563
clip_3,133,17,21.696599
clip_3,134,7,27.515731
clip_3,134,16,24.311106
clip_3,134,17,22.197963
clip_3,135,7,40.207708
clip_3,135,16,39.971614
clip_3,135,17,35.768361
clip_3,136,7,34.902600
clip_3,136,16,27.829814
clip_3,136,17,24.425957
clip_3,137,7,33.041766
clip_3,137,16,28.057223
clip_3,137,17,29.141593
clip_3,138,7,35.681222
clip_3,138,16,28.374659
clip_3,138,17,26.396065
clip_3,139,7,10.337418
clip_3,139,16,17.417532
clip_3,140,7,23.245818
clip_3,140,16,21.188986
clip_3,141,7,17.440267
clip_3,141,16,17.293013
clip_3,142,7,37.783397
clip_3,142,16,17.420903
clip_3,143,7,21.517883
clip_3,144,7,38.629351
clip_3,145,7,8.815486
clip_3,146,7,19.482205
clip_3,147,7,11.700753
clip_3,148,7,18.497017
clip_3,149,7,25.506057
clip_3,150,7,26.167860
clip_3,151,7,19.022096
clip_3,152,7,10.897084
clip_3,153,7,16.082921
clip_3,154,7,3.884150
clip_3,155,7,11.421051
clip_3,156,7,14.734450
clip_3,156,8,18.441087
clip_3,157,7,31.020926
clip_3,157,8,9.501453
clip_3,158,7,22.610523
clip_3,158,8,6.238836
clip_3,159,7,16.472030
clip_3,159,8,41.700766
clip_3,160,7,3.404268
clip_3,160,8,24.388363
clip_3,161,7,7.448284
clip_3,161,8,26.712604
clip_3,162,7,32.439769
clip_3,162,8,9.712051
clip_3,162,9,7.558554
clip_3,163,7,27.294542
clip_3,163,8,16.549421
clip_3,163,9,20.097306
clip_3,164,7,12.189178
clip_3,164,8,20.659923
clip_3,164,9,23.595698
clip_3,165,7,16.766131
clip_3,165,8,21.027415
clip_3,165,9,20.650735
clip_3,166,7,19.539517
clip_3,166,8,16.814298
clip_3,166,9,16.451451
clip_3,167,7,9.860656
clip_3,167,8,16.600867
clip_3,167,9,18.454750
clip_3,168,7,16.438357
clip_3,168,8,19.697092
clip_3,168,9,21.780771
clip_3,169,7,15.128485
clip_3,169,8,17.837616
clip_3,169,9,19.875464
clip_3,170,7,19.682647
clip_3,170,8,14.423834
clip_3,170,9,16.135442
clip_3,171,7,19.434259
clip_3,171,8,16.307539
clip_3,171,9,15.170958
clip_3,172,7,26.432348
clip_3,172,8,19.483204
clip_3,172,9,19.366833
clip_3,173,7,32.925585
clip_3,173,8,18.642679
clip_3,173,9,19.162382
clip_3,174,7,30.658680
clip_3,174,8,21.143916
clip_3,174,9,21.185709
clip_3,175,7,28.655538
clip_3,175,8,17.698468
clip_3,175,9,17.120794
clip_3,176,7,17.888963
clip_3,176,8,18.541004
clip_3,176,9,17.865219
clip_3,177,0,25.081380
clip_3,177,7,19.534950
clip_3,177,8,19.135764
clip_3,177,9,16.401787
clip_3,178,0,16.336290
clip_3,178,1,16.625860
clip_3,178,7,15.942113
clip_3,178,8,16.056439
clip_3,178,9,16.819278
clip_3,179,0,24.791753
clip_3,179,1,24.947720
clip_3,179,7,18.670830
clip_3,179,8,20.763371
clip_3,179,9,19.972104
clip_3,180,0,21.896870
clip_3,180,1,22.033200
clip_3,180,8,15.807020
clip_3,180,9,14.632164
clip_3,181,0,18.579861
clip_3,181,1,19.032888
clip_3,181,8,17.558347
clip_3,181,9,18.053442
clip_3,182,0,16.300433
clip_3,182,1,16.749257
clip_3,182,8,15.606480
clip_3,182,9,16.131533
clip_3,183,0,17.194729
clip_3,183,1,17.710710
clip_3,183,8,16.934830
clip_3,183,9,17.720415
clip_3,184,0,14.434102
clip_3,184,1,14.793749
clip_3,184,8,13.598851
clip_3,184,9,13.140515
clip_3,185,0,12.982120
clip_3,185,1,13.167364
clip_3,185,2,12.842089
clip_3,185,8,10.240637
clip_3,185,9,9.724817
clip_3,186,0,16.361520
clip_3,186,1,16.701035
clip_3,186,2,16.621396
clip_3,186,8,17.637252
clip_3,186,9,17.768212
clip_3,187,0,15.382513
clip_3,187,1,15.580432
clip_3,187,2,16.256970
clip_3,187,8,13.858810
clip_3,187,9,14.076673
clip_3,188,0,11.784800
clip_3,188,1,12.205359
clip_3,188,2,14.240056
clip_3,188,8,11.061794
clip_3,188,9,13.074003
clip_3,189,0,11.291436
clip_3,189,1,11.731759
clip_3,189,2,12.552267
clip_3,189,8,13.734323
clip_3,189,9,14.651110
clip_3,190,0,13.476285
clip_3,190,1,13.541296
clip_3,190,2,13.888893
clip_3,190,8,11.693051
clip_3,190,9,11.429470
clip_3,191,0,11.830720
clip_3,191,1,11.827123
clip_3,191,2,12.733329
clip_3,191,8,11.777895
clip_3,191,9,12.491111
clip_3,192,0,11.302231
clip_3,192,1,11.084737
clip_3,192,2,10.402356
clip_3,192,8,9.494189
clip_3,192,9,8.610536
clip_3,193,0,10.005098
clip_3,193,1,10.112934
clip_3,193,2,11.516450
clip_3,193,8,9.291767
clip_3,193,9,10.657652
clip_3,194,0,9.072811
clip_3,194,1,8.975403
clip_3,194,2,9.334166
clip_3,194,8,9.493383
clip_3,194,9,9.654288
clip_3,195,0,8.997755
clip_3,195,1,8.649994
clip_3,195,2,7.902085
clip_3,195,3,6.232115
clip_3,195,8,6.248439
clip_3,195,9,5.193673
clip_3,196,0,8.512629
clip_3,196,1,8.344020
clip_3,196,2,7.776717
clip_3,196,3,6.547712
clip_3,196,8,8.003155
clip_3,196,9,7.007711
clip_3,197,0,8.168125
clip_3,197,1,7.945950
clip_3,197,2,7.484291
clip_3,197,3,6.302119
clip_3,197,8,8.468433
clip_3,197,9,7.576330
clip_3,198,0,8.204593
clip_3,198,1,8.115851
clip_3,198,2,8.221923
clip_3,198,3,7.993584
clip_3,198,8,7.315938
clip_3,198,9,7.382834
clip_3,199,0,6.478439
clip_3,199,1,6.724961
clip_3,199,2,8.198757
clip_3,199,3,10.533966
clip_3,199,8,5.099037
clip_3,199,9,6.884533
clip_3,200,0,7.823799
clip_3,200,1,8.074785
clip_3,200,2,9.437634
clip_3,200,3,11.623624
clip_3,200,8,6.166046
clip_3,200,9,7.785305
clip_3,201,0,5.492971
clip_3,201,1,5.797250
clip_3,201,2,7.588219
clip_3,201,3,10.177689
clip_3,201,8,7.181969
clip_3,201,9,9.251760
clip_3,202,0,9.379394
clip_3,202,1,9.053266
clip_3,202,2,7.059764
clip_3,202,3,4.090595
clip_3,202,8,9.333675
clip_3,202,9,7.309329
clip_3,203,0,8.649859
clip_3,203,1,8.219189
clip_3,203,2,7.222681
clip_3,203,3,5.601807
clip_3,203,8,7.809611
clip_3,203,9,6.586514
clip_3,204,0,7.214474
clip_3,204,1,7.104330
clip_3,204,2,6.608593
clip_3,204,3,5.800507
clip_3,204,8,7.897944
clip_3,204,9,7.262121
clip_3,205,0,7.242585
clip_3,205,1,6.998107
clip_3,205,2,6.565796
clip_3,205,3,5.777332
clip_3,205,8,4.812828
clip_3,205,9,4.274530
clip_3,206,0,6.716361
clip_3,206,1,6.697326
clip_3,206,2,6.741557
clip_3,206,3,6.412705
clip_3,206,8,3.162593
clip_3,206,9,2.890272
clip_3,207,0,5.811636
clip_3,207,1,5.678056
clip_3,207,2,5.955424
clip_3,207,3,6.201645
clip_3,207,8,7.227699
clip_3,207,9,7.086415
clip_3,208,0,6.028141
clip_3,208,1,6.138936
clip_3,208,2,5.955378
clip_3,208,3,5.874420
clip_3,208,8,4.697186
clip_3,208,9,4.785061
clip_3,209,0,5.336201
clip_3,209,1,5.287670
clip_3,209,2,5.799022
clip_3,209,3,6.279221
clip_3,209,8,5.153766
clip_3,209,9,5.383064
clip_3,210,0,5.247417
clip_3,210,1,5.137132
clip_3,210,2,4.192782
clip_3,210,3,3.136123
clip_3,210,8,3.450371
clip_3,210,9,2.607321
clip_3,211,0,5.044739
clip_3,211,1,4.873157
clip_3,211,2,4.950236
clip_3,211,3,5.032562
clip_3,211,8,4.880264
clip_3,211,9,4.550940
clip_3,212,0,5.521045
clip_3,212,1,4.862321
clip_3,212,2,7.307405
clip_3,212,3,9.951565
clip_3,212,8,10.932054
clip_3,212,9,13.213465
clip_3,213,0,5.373625
clip_3,213,1,5.374921
clip_3,213,2,4.920822
clip_3,213,3,4.361822
clip_3,213,8,4.731733
clip_3,213,9,4.231386
clip_3,214,0,4.215500
clip_3,214,1,4.351536
clip_3,214,2,4.177356
clip_3,214,3,4.408436
clip_3,214,8,5.085535
clip_3,214,9,5.059936
clip_3,215,0,3.692996
clip_3,215,1,3.829539
clip_3,215,2,4.076351
clip_3,215,3,4.542288
clip_3,215,8,3.906488
clip_3,215,9,4.444820
clip_3,216,0,4.044583
clip_3,216,1,4.152006
clip_3,216,2,4.214688
clip_3,216,3,3.990677
clip_3,216,8,1.232693
clip_3,216,9,1.607375
clip_3,217,0,3.931343
clip_3,217,1,3.640427
clip_3,217,2,2.990688
clip_3,217,3,2.704356
clip_3,217,8,4.451852
clip_3,217,9,4.385985
clip_3,218,0,7.309828
clip_3,218,1,5.087528
clip_3,218,2,6.124123
clip_3,218,3,5.875594
clip_3,218,8,2.033235
clip_3,218,9,4.798980
clip_3,219,0,7.294373
clip_3,219,1,6.793811
clip_3,219,2,5.203504
clip_3,219,3,3.099220
clip_3,219,8,4.017608
clip_3,219,9,2.184062
clip_3,220,0,1.352252
clip_3,220,1,1.453878
clip_3,220,2,2.546801
clip_3,220,3,4.611720
clip_3,220,8,1.459529
clip_3,220,9,3.090792
clip_3,221,0,3.184680
clip_3,221,1,2.968589
clip_3,221,2,2.166230
clip_3,221,3,2.133370
clip_3,221,8,4.301585
clip_3,221,9,3.231720
clip_3,222,0,2.519372
clip_3,222,1,2.618909
clip_3,222,2,3.637374
clip_3,222,3,6.101995
clip_3,222,8,0.430062
clip_3,222,9,2.469784
clip_3,223,0,2.036553
clip_3,223,1,1.964441
clip_3,223,2,1.185759
clip_3,223,3,0.802519
clip_3,223,8,4.156331
clip_3,223,9,3.350185
clip_3,224,0,1.966656
clip_3,224,1,2.103466
clip_3,224,2,2.836003
clip_3,224,3,3.960549
clip_3,224,8,1.175989
clip_3,224,9,2.003637
clip_3,225,0,2.506729
clip_3,225,1,2.623695
clip_3,225,2,3.193278
clip_3,225,3,4.333972
clip_3,225,8,2.671031
clip_3,225,9,3.289044
clip_3,226,0,2.241735
clip_3,226,1,2.292053
clip_3,226,2,2.524228
clip_3,226,3,3.212353
clip_3,226,8,3.394250
clip_3,226,9,3.800580
clip_3,227,0,1.487235
clip_3,227,1,1.443127
clip_3,227,2,1.568013
clip_3,227,3,1.917562
clip_3,227,8,2.212179
clip_3,227,9,2.252709
clip_3,228,0,5.204139
clip_3,228,1,4.971968
clip_3,228,2,4.920696
clip_3,228,3,5.344532
clip_3,228,8,3.169862
clip_3,228,9,3.508387
clip_3,229,0,3.675733
clip_3,229,1,3.560544
clip_3,229,2,3.502199
clip_3,229,3,3.608225
clip_3,229,8,2.139106
clip_3,229,9,1.786223
clip_3,230,0,2.142344
clip_3,230,1,2.082761
clip_3,230,2,1.622650
clip_3,230,3,1.571490
clip_3,230,8,3.529408
clip_3,230,9,3.351976
clip_3,231,0,2.334341
clip_3,231,1,2.222997
clip_3,231,2,1.825961
clip_3,231,3,1.960684
clip_3,231,8,4.277785
clip_3,231,9,4.321592
clip_3,232,0,6.720460
clip_3,232,1,6.010338
clip_3,232,2,3.700323
clip_3,232,3,0.451550
clip_3,232,8,8.491884
clip_3,232,9,5.942948
clip_3,233,0,2.724509
clip_3,233,1,2.356560
clip_3,233,2,0.706401
clip_3,233,3,2.522758
clip_3,233,8,6.574150
clip_3,233,9,5.309043
clip_3,234,0,11.582852
clip_3,234,1,10.677119
clip_3,234,2,8.006052
clip_3,234,3,3.765227
clip_3,234,8,9.891196
clip_3,234,9,6.435905
clip_3,235,0,3.770684
clip_3,235,1,3.295429
clip_3,235,2,1.806281
clip_3,235,3,2.453334
clip_3,235,8,2.313200
clip_3,235,9,3.433807
clip_3,236,0,4.480207
clip_3,236,1,4.398619
clip_3,236,2,3.713670
clip_3,236,3,3.580382
clip_3,236,8,7.644963
clip_3,236,9,7.165019
clip_3,237,0,6.108236
clip_3,237,1,5.607318
clip_3,237,2,4.747945
clip_3,237,3,5.804415
clip_3,237,8,4.343031
clip_3,237,9,6.035508
clip_3,238,0,3.251140
clip_3,238,1,3.042998
clip_3,238,2,1.552791
clip_3,238,3,0.431146
clip_3,238,8,5.706060
clip_3,238,9,4.609903
clip_3,239,0,6.638794
clip_3,239,1,5.453987
clip_3,239,2,2.691018
clip_3,239,3,1.367722
clip_3,239,8,16.486414
clip_3,239,9,16.346757
clip_3,240,0,2.514798
clip_3,240,1,2.293933
clip_3,240,2,1.004675
clip_3,240,3,0.753336
clip_3,240,8,6.216322
clip_3,240,9,5.408434
clip_3,241,0,4.386433
clip_3,241,1,4.070872
clip_3,241,2,2.492994
clip_3,241,3,0.316140
clip_3,241,8,6.013225
clip_3,241,9,4.466819
clip_3,242,0,4.477218
clip_3,242,1,4.180616
clip_3,242,2,2.644104
clip_3,242,3,0.594415
clip_3,242,8,6.541365
clip_3,242,9,5.127439
