clip,frame,confident_count,reaches_4,reaches_5
clip_1,0,7,True,True
clip_1,1,7,True,True
clip_1,2,7,True,True
clip_1,3,7,True,True
clip_1,4,7,True,True
clip_1,5,6,True,True
clip_1,6,7,True,True
clip_1,7,6,True,True
clip_1,8,6,True,True
clip_1,9,6,True,True
clip_1,10,6,True,True
clip_1,11,6,True,True
clip_1,12,6,True,True
clip_1,13,6,True,True
clip_1,14,7,True,True
clip_1,15,7,True,True
clip_1,16,8,True,True
clip_1,17,8,True,True
clip_1,18,8,True,True
clip_1,19,7,True,True
clip_1,20,7,True,True
clip_1,21,7,True,True
clip_1,22,7,True,True
clip_1,23,7,True,True
clip_1,24,7,True,True
clip_1,25,7,True,True
clip_1,26,6,True,True
clip_1,27,6,True,True
clip_1,28,6,True,True
clip_1,29,6,True,True
clip_1,30,5,True,True
clip_1,31,5,True,True
clip_1,32,4,True,False
clip_1,33,4,True,False
clip_1,34,4,True,False
clip_1,35,4,True,False
clip_1,36,3,False,False
clip_1,37,4,True,False
clip_1,38,4,True,False
clip_1,39,3,False,False
clip_1,40,3,False,False
clip_1,41,3,False,False
clip_1,42,2,False,False
clip_1,43,2,False,False
clip_1,44,2,False,False
clip_1,45,2,False,False
clip_1,46,3,False,False
clip_1,47,3,False,False
clip_1,48,4,True,False
clip_1,49,4,True,False
clip_1,50,4,True,False
clip_1,51,4,True,False
clip_1,52,4,True,False
clip_1,53,4,True,False
clip_1,54,4,True,False
clip_1,55,4,True,False
clip_1,56,4,True,False
clip_1,57,4,True,False
clip_1,58,5,True,True
clip_1,59,6,True,True
clip_1,60,6,True,True
clip_1,61,6,True,True
clip_1,62,6,True,True
clip_1,63,6,True,True
clip_1,64,6,True,True
clip_1,65,6,True,True
clip_1,66,7,True,True
clip_1,67,7,True,True
clip_1,68,7,True,True
clip_1,69,7,True,True
clip_1,70,6,True,True
clip_1,71,7,True,True
clip_1,72,7,True,True
clip_1,73,7,True,True
clip_1,74,6,True,True
clip_1,75,6,True,True
clip_1,76,7,True,True
clip_1,77,6,True,True
clip_1,78,6,True,True
clip_1,79,6,True,True
clip_1,80,6,True,True
clip_1,81,6,True,True
clip_1,82,6,True,True
clip_1,83,6,True,True
clip_1,84,6,True,True
clip_1,85,6,True,True
clip_1,86,6,True,True
clip_1,87,6,True,True
clip_1,88,6,True,True
clip_1,89,7,True,True
clip_1,90,7,True,True
clip_1,91,7,True,True
clip_1,92,7,True,True
clip_1,93,7,True,True
clip_1,94,7,True,True
clip_1,95,7,True,True
clip_1,96,7,True,True
clip_1,97,7,True,True
clip_1,98,7,True,True
clip_1,99,7,True,True
clip_1,100,7,True,True
clip_1,101,7,True,True
clip_1,102,7,True,True
clip_1,103,7,True,True
clip_1,104,7,True,True
clip_1,105,7,True,True
clip_1,106,7,True,True
clip_1,107,7,True,True
clip_1,108,7,True,True
clip_1,109,7,True,True
clip_1,110,7,True,True
clip_1,111,7,True,True
clip_1,112,7,True,True
clip_1,113,7,True,True
clip_1,114,7,True,True
clip_1,115,7,True,True
clip_1,116,7,True,True
clip_2,0,8,True,True
clip_2,1,8,True,True
clip_2,2,8,True,True
clip_2,3,8,True,True
clip_2,4,8,True,True
clip_2,5,8,True,True
clip_2,6,7,True,True
clip_2,7,7,True,True
clip_2,8,7,True,True
clip_2,9,7,True,True
clip_2,10,8,True,True
clip_2,11,8,True,True
clip_2,12,7,True,True
clip_2,13,7,True,True
clip_2,14,7,True,True
clip_2,15,7,True,True
clip_2,16,7,True,True
clip_2,17,7,True,True
clip_2,18,7,True,True
clip_2,19,7,True,True
clip_2,20,7,True,True
clip_2,21,7,True,True
clip_2,22,7,True,True
clip_2,23,7,True,True
clip_2,24,7,True,True
clip_2,25,7,True,True
clip_2,26,7,True,True
clip_2,27,7,True,True
clip_2,28,7,True,True
clip_2,29,7,True,True
clip_2,30,7,True,True
clip_2,31,7,True,True
clip_2,32,7,True,True
clip_2,33,7,True,True
clip_2,34,7,True,True
clip_2,35,7,True,True
clip_2,36,7,True,True
clip_2,37,7,True,True
clip_2,38,7,True,True
clip_2,39,7,True,True
clip_2,40,6,True,True
clip_2,41,6,True,True
clip_2,42,6,True,True
clip_2,43,6,True,True
clip_2,44,6,True,True
clip_2,45,6,True,True
clip_2,46,6,True,True
clip_2,47,6,True,True
clip_2,48,6,True,True
clip_2,49,6,True,True
clip_2,50,6,True,True
clip_2,51,6,True,True
clip_2,52,6,True,True
clip_2,53,6,True,True
clip_2,54,6,True,True
clip_2,55,6,True,True
clip_2,56,6,True,True
clip_2,57,6,True,True
clip_2,58,6,True,True
clip_2,59,6,True,True
clip_2,60,6,True,True
clip_2,61,6,True,True
clip_2,62,6,True,True
clip_2,63,6,True,True
clip_2,64,6,True,True
clip_2,65,6,True,True
clip_2,66,6,True,True
clip_2,67,6,True,True
clip_2,68,6,True,True
clip_2,69,6,True,True
clip_2,70,6,True,True
clip_2,71,6,True,True
clip_2,72,6,True,True
clip_2,73,6,True,True
clip_2,74,6,True,True
clip_2,75,6,True,True
clip_2,76,6,True,True
clip_2,77,6,True,True
clip_2,78,6,True,True
clip_2,79,6,True,True
clip_2,80,6,True,True
clip_2,81,6,True,True
clip_2,82,6,True,True
clip_2,83,6,True,True
clip_2,84,6,True,True
clip_2,85,6,True,True
clip_2,86,6,True,True
clip_2,87,6,True,True
clip_2,88,6,True,True
clip_2,89,6,True,True
clip_2,90,6,True,True
clip_2,91,6,True,True
clip_2,92,6,True,True
clip_2,93,6,True,True
clip_2,94,6,True,True
clip_2,95,6,True,True
clip_2,96,6,True,True
clip_2,97,6,True,True
clip_2,98,6,True,True
clip_2,99,6,True,True
clip_2,100,6,True,True
clip_2,101,6,True,True
clip_2,102,6,True,True
clip_2,103,6,True,True
clip_2,104,6,True,True
clip_2,105,6,True,True
clip_2,106,6,True,True
clip_2,107,6,True,True
clip_2,108,6,True,True
clip_2,109,6,True,True
clip_2,110,6,True,True
clip_2,111,6,True,True
clip_2,112,6,True,True
clip_2,113,6,True,True
clip_2,114,6,True,True
clip_2,115,7,True,True
clip_2,116,7,True,True
clip_2,117,7,True,True
clip_2,118,7,True,True
clip_2,119,7,True,True
clip_2,120,7,True,True
clip_2,121,7,True,True
clip_2,122,7,True,True
clip_2,123,7,True,True
clip_2,124,7,True,True
clip_2,125,7,True,True
clip_2,126,7,True,True
clip_2,127,7,True,True
clip_2,128,7,True,True
clip_2,129,7,True,True
clip_2,130,7,True,True
clip_2,131,7,True,True
clip_2,132,7,True,True
clip_2,133,7,True,True
clip_2,134,7,True,True
clip_2,135,7,True,True
clip_2,136,7,True,True
clip_2,137,7,True,True
clip_2,138,7,True,True
clip_2,139,7,True,True
clip_2,140,7,True,True
clip_2,141,7,True,True
clip_2,142,7,True,True
clip_2,143,7,True,True
clip_2,144,7,True,True
clip_2,145,7,True,True
clip_2,146,7,True,True
clip_2,147,7,True,True
clip_2,148,7,True,True
clip_2,149,7,True,True
clip_2,150,7,True,True
clip_2,151,7,True,True
clip_2,152,7,True,True
clip_2,153,7,True,True
clip_2,154,7,True,True
clip_2,155,7,True,True
clip_2,156,7,True,True
clip_2,157,7,True,True
clip_2,158,7,True,True
clip_2,159,7,True,True
clip_2,160,7,True,True
clip_2,161,7,True,True
clip_2,162,7,True,True
clip_2,163,7,True,True
clip_2,164,8,True,True
clip_2,165,8,True,True
clip_2,166,8,True,True
clip_2,167,8,True,True
clip_2,168,8,True,True
clip_2,169,8,True,True
clip_2,170,8,True,True
clip_2,171,7,True,True
clip_2,172,7,True,True
clip_2,173,7,True,True
clip_3,0,6,True,True
clip_3,1,6,True,True
clip_3,2,6,True,True
clip_3,3,6,True,True
clip_3,4,6,True,True
clip_3,5,6,True,True
clip_3,6,6,True,True
clip_3,7,6,True,True
clip_3,8,6,True,True
clip_3,9,6,True,True
clip_3,10,6,True,True
clip_3,11,6,True,True
clip_3,12,6,True,True
clip_3,13,6,True,True
clip_3,14,6,True,True
clip_3,15,6,True,True
clip_3,16,6,True,True
clip_3,17,6,True,True
clip_3,18,6,True,True
clip_3,19,6,True,True
clip_3,20,6,True,True
clip_3,21,6,True,True
clip_3,22,6,True,True
clip_3,23,6,True,True
clip_3,24,6,True,True
clip_3,25,6,True,True
clip_3,26,6,True,True
clip_3,27,7,True,True
clip_3,28,7,True,True
clip_3,29,7,True,True
clip_3,30,7,True,True
clip_3,31,7,True,True
clip_3,32,7,True,True
clip_3,33,7,True,True
clip_3,34,7,True,True
clip_3,35,7,True,True
clip_3,36,7,True,True
clip_3,37,7,True,True
clip_3,38,7,True,True
clip_3,39,7,True,True
clip_3,40,7,True,True
clip_3,41,7,True,True
clip_3,42,7,True,True
clip_3,43,7,True,True
clip_3,44,7,True,True
clip_3,45,7,True,True
clip_3,46,7,True,True
clip_3,47,7,True,True
clip_3,48,7,True,True
clip_3,49,7,True,True
clip_3,50,7,True,True
clip_3,51,7,True,True
clip_3,52,7,True,True
clip_3,53,7,True,True
clip_3,54,7,True,True
clip_3,55,7,True,True
clip_3,56,7,True,True
clip_3,57,7,True,True
clip_3,58,7,True,True
clip_3,59,7,True,True
clip_3,60,7,True,True
clip_3,61,7,True,True
clip_3,62,7,True,True
clip_3,63,7,True,True
clip_3,64,7,True,True
clip_3,65,7,True,True
clip_3,66,7,True,True
clip_3,67,7,True,True
clip_3,68,7,True,True
clip_3,69,7,True,True
clip_3,70,7,True,True
clip_3,71,7,True,True
clip_3,72,7,True,True
clip_3,73,7,True,True
clip_3,74,7,True,True
clip_3,75,7,True,True
clip_3,76,7,True,True
clip_3,77,7,True,True
clip_3,78,7,True,True
clip_3,79,7,True,True
clip_3,80,7,True,True
clip_3,81,7,True,True
clip_3,82,7,True,True
clip_3,83,7,True,True
clip_3,84,7,True,True
clip_3,85,7,True,True
clip_3,86,7,True,True
clip_3,87,7,True,True
clip_3,88,7,True,True
clip_3,89,7,True,True
clip_3,90,7,True,True
clip_3,91,7,True,True
clip_3,92,7,True,True
clip_3,93,7,True,True
clip_3,94,7,True,True
clip_3,95,7,True,True
clip_3,96,7,True,True
clip_3,97,7,True,True
clip_3,98,7,True,True
clip_3,99,7,True,True
clip_3,100,7,True,True
clip_3,101,7,True,True
clip_3,102,7,True,True
clip_3,103,7,True,True
clip_3,104,7,True,True
clip_3,105,7,True,True
clip_3,106,6,True,True
clip_3,107,6,True,True
clip_3,108,6,True,True
clip_3,109,6,True,True
clip_3,110,6,True,True
clip_3,111,6,True,True
clip_3,112,6,True,True
clip_3,113,6,True,True
clip_3,114,6,True,True
clip_3,115,6,True,True
clip_3,116,6,True,True
clip_3,117,6,True,True
clip_3,118,6,True,True
clip_3,119,6,True,True
clip_3,120,5,True,True
clip_3,121,6,True,True
clip_3,122,6,True,True
clip_3,123,6,True,True
clip_3,124,7,True,True
clip_3,125,7,True,True
clip_3,126,6,True,True
clip_3,127,6,True,True
clip_3,128,6,True,True
clip_3,129,6,True,True
clip_3,130,6,True,True
clip_3,131,3,False,False
clip_3,132,3,False,False
clip_3,133,3,False,False
clip_3,134,3,False,False
clip_3,135,3,False,False
clip_3,136,3,False,False
clip_3,137,3,False,False
clip_3,138,3,False,False
clip_3,139,2,False,False
clip_3,140,2,False,False
clip_3,141,2,False,False
clip_3,142,2,False,False
clip_3,143,1,False,False
clip_3,144,1,False,False
clip_3,145,1,False,False
clip_3,146,1,False,False
clip_3,147,1,False,False
clip_3,148,1,False,False
clip_3,149,1,False,False
clip_3,150,1,False,False
clip_3,151,1,False,False
clip_3,152,1,False,False
clip_3,153,1,False,False
clip_3,154,1,False,False
clip_3,155,2,False,False
clip_3,156,2,False,False
clip_3,157,2,False,False
clip_3,158,2,False,False
clip_3,159,2,False,False
clip_3,160,2,False,False
clip_3,161,3,False,False
clip_3,162,3,False,False
clip_3,163,3,False,False
clip_3,164,3,False,False
clip_3,165,3,False,False
clip_3,166,3,False,False
clip_3,167,3,False,False
clip_3,168,3,False,False
clip_3,169,3,False,False
clip_3,170,3,False,False
clip_3,171,3,False,False
clip_3,172,3,False,False
clip_3,173,3,False,False
clip_3,174,3,False,False
clip_3,175,3,False,False
clip_3,176,4,True,False
clip_3,177,5,True,True
clip_3,178,5,True,True
clip_3,179,5,True,True
clip_3,180,4,True,False
clip_3,181,4,True,False
clip_3,182,4,True,False
clip_3,183,4,True,False
clip_3,184,5,True,True
clip_3,185,5,True,True
clip_3,186,5,True,True
clip_3,187,5,True,True
clip_3,188,5,True,True
clip_3,189,5,True,True
clip_3,190,5,True,True
clip_3,191,5,True,True
clip_3,192,5,True,True
clip_3,193,5,True,True
clip_3,194,6,True,True
clip_3,195,6,True,True
clip_3,196,6,True,True
clip_3,197,6,True,True
clip_3,198,6,True,True
clip_3,199,6,True,True
clip_3,200,6,True,True
clip_3,201,6,True,True
clip_3,202,6,True,True
clip_3,203,6,True,True
clip_3,204,6,True,True
clip_3,205,6,True,True
clip_3,206,6,True,True
clip_3,207,6,True,True
clip_3,208,6,True,True
clip_3,209,6,True,True
clip_3,210,6,True,True
clip_3,211,6,True,True
clip_3,212,6,True,True
clip_3,213,6,True,True
clip_3,214,6,True,True
clip_3,215,6,True,True
clip_3,216,6,True,True
clip_3,217,6,True,True
clip_3,218,6,True,True
clip_3,219,6,True,True
clip_3,220,6,True,True
clip_3,221,6,True,True
clip_3,222,6,True,True
clip_3,223,6,True,True
clip_3,224,6,True,True
clip_3,225,6,True,True
clip_3,226,6,True,True
clip_3,227,6,True,True
clip_3,228,6,True,True
clip_3,229,6,True,True
clip_3,230,6,True,True
clip_3,231,6,True,True
clip_3,232,6,True,True
clip_3,233,6,True,True
clip_3,234,6,True,True
clip_3,235,6,True,True
clip_3,236,6,True,True
clip_3,237,6,True,True
clip_3,238,6,True,True
clip_3,239,6,True,True
clip_3,240,6,True,True
clip_3,241,6,True,True
clip_3,242,6,True,True
