clip,frame_idx,player_id,predicted_team,confidence,crop_ok
clip_3,2,4,1,0.6252723932266235,True
clip_3,2,2,1,0.8205258846282959,True
clip_3,2,1,2,0.8522298336029053,True
clip_3,2,5,1,0.7229123115539551,True
clip_3,2,3,1,0.8009896278381348,True
clip_3,2,7,1,0.509293794631958,True
clip_3,2,8,1,0.7695338129997253,True
clip_3,2,6,2,0.6847816109657288,True
clip_3,2,10,2,0.7600253224372864,True
clip_3,2,9,2,0.6996271014213562,True
clip_3,3,4,1,0.6556841731071472,True
clip_3,3,5,1,0.7261283993721008,True
clip_3,3,2,1,0.7829273343086243,True
clip_3,3,1,2,0.8464932441711426,True
clip_3,3,7,1,0.524564802646637,True
clip_3,3,8,1,0.7536529898643494,True
clip_3,3,3,1,0.8337380290031433,True
clip_3,3,6,2,0.7640967965126038,True
clip_3,3,10,2,0.8109748363494873,True
clip_3,3,9,2,0.6999089121818542,True
clip_3,4,4,1,0.6481904983520508,True
clip_3,4,5,1,0.7709627747535706,True
clip_3,4,1,2,0.8293207287788391,True
clip_3,4,2,1,0.8093379139900208,True
clip_3,4,6,2,0.8172810077667236,True
clip_3,4,8,1,0.7444311380386353,True
clip_3,4,3,1,0.8247582912445068,True
clip_3,4,7,1,0.5248762369155884,True
clip_3,4,10,2,0.8679307699203491,True
clip_3,4,9,2,0.6999210715293884,True
clip_3,5,4,1,0.6747963428497314,True
clip_3,5,5,1,0.8802236914634705,True
clip_3,5,6,2,0.7611504793167114,True
clip_3,5,1,2,0.8405011296272278,True
clip_3,5,2,1,0.8043166995048523,True
clip_3,5,7,2,0.5433948040008545,True
clip_3,5,8,1,0.7256316542625427,True
clip_3,5,10,2,0.8892713189125061,True
clip_3,5,3,1,0.8120449781417847,True
clip_3,5,9,2,0.700965940952301,True
clip_3,6,4,1,0.6690882444381714,True
clip_3,6,5,1,0.858593761920929,True
clip_3,6,1,2,0.8277387619018555,True
clip_3,6,6,2,0.7201245427131653,True
clip_3,6,7,2,0.5710237622261047,True
clip_3,6,10,2,0.8733846545219421,True
clip_3,6,8,1,0.7228452563285828,True
clip_3,6,2,1,0.7787999510765076,True
clip_3,6,9,2,0.7045289278030396,True
clip_3,6,3,1,0.7006146311759949,True
clip_3,7,4,1,0.6760693192481995,True
clip_3,7,5,1,0.7780057787895203,True
clip_3,7,1,2,0.8263528943061829,True
clip_3,7,6,2,0.7630105018615723,True
clip_3,7,7,2,0.5856483578681946,True
clip_3,7,2,1,0.8086890578269958,True
clip_3,7,10,2,0.8620557188987732,True
clip_3,7,8,1,0.7025824189186096,True
clip_3,7,3,1,0.8242329955101013,True
clip_3,7,9,2,0.7218866944313049,True
clip_3,8,4,1,0.6676937341690063,True
clip_3,8,1,2,0.840233325958252,True
clip_3,8,5,1,0.7429838180541992,True
clip_3,8,7,2,0.5698865056037903,True
clip_3,8,6,2,0.7553883194923401,True
clip_3,8,3,1,0.8184792995452881,True
clip_3,8,8,1,0.694488525390625,True
clip_3,8,10,2,0.864629864692688,True
clip_3,8,9,2,0.7201061248779297,True
clip_3,9,4,1,0.6648409962654114,True
clip_3,9,5,1,0.7696577906608582,True
clip_3,9,1,2,0.8233722448348999,True
clip_3,9,8,1,0.6797261834144592,True
clip_3,9,7,1,0.5277448892593384,True
clip_3,9,2,1,0.8099555373191833,True
clip_3,9,10,2,0.8655989170074463,True
clip_3,9,6,2,0.7712455987930298,True
clip_3,9,9,2,0.7426823377609253,True
clip_3,9,3,1,0.8442550897598267,True
clip_3,10,4,1,0.6739307641983032,True
clip_3,10,5,1,0.7763071060180664,True
clip_3,10,7,1,0.5616675019264221,True
clip_3,10,8,1,0.6766675710678101,True
clip_3,10,6,2,0.7619869112968445,True
clip_3,10,1,2,0.8228474259376526,True
clip_3,10,2,1,0.8086271286010742,True
clip_3,10,10,2,0.8679742217063904,True
clip_3,10,9,2,0.7454594373703003,True
clip_3,10,3,1,0.8433762788772583,True
clip_3,11,4,1,0.6962212920188904,True
clip_3,11,5,1,0.7752957940101624,True
clip_3,11,2,1,0.7901932001113892,True
clip_3,11,6,2,0.7346200942993164,True
clip_3,11,7,1,0.6015366315841675,True
clip_3,11,1,2,0.8247531652450562,True
clip_3,11,8,1,0.6298545598983765,True
clip_3,11,10,2,0.8623146414756775,True
clip_3,11,9,2,0.7501862049102783,True
clip_3,11,3,1,0.8245753049850464,True
clip_3,12,4,1,0.7132121920585632,True
clip_3,12,5,1,0.7959287762641907,True
clip_3,12,2,1,0.777267336845398,True
clip_3,12,6,2,0.7222467064857483,True
clip_3,12,7,1,0.6155335903167725,True
clip_3,12,1,2,0.8422372937202454,True
clip_3,12,10,2,0.8588237762451172,True
clip_3,12,8,1,0.5886459350585938,True
clip_3,12,9,2,0.7485356330871582,True
clip_3,12,3,1,0.7925100326538086,True
clip_3,13,4,1,0.7005694508552551,True
clip_3,13,2,1,0.771766722202301,True
clip_3,13,5,1,0.8203752040863037,True
clip_3,13,7,1,0.6089109182357788,True
clip_3,13,6,2,0.6967343688011169,True
clip_3,13,1,2,0.8639445900917053,True
clip_3,13,10,2,0.8606771230697632,True
clip_3,13,8,1,0.5765379071235657,True
clip_3,13,9,2,0.7514258027076721,True
clip_3,13,3,1,0.7723332047462463,True
clip_3,14,4,1,0.7050173878669739,True
clip_3,14,2,1,0.770762026309967,True
clip_3,14,5,1,0.856738269329071,True
clip_3,14,6,2,0.696281909942627,True
clip_3,14,1,2,0.855380654335022,True
clip_3,14,7,1,0.5988163352012634,True
clip_3,14,10,2,0.8614177703857422,True
clip_3,14,8,1,0.5907827019691467,True
clip_3,14,9,2,0.7499751448631287,True
clip_3,14,3,1,0.739021897315979,True
clip_3,15,4,1,0.6834672093391418,True
clip_3,15,2,1,0.7734870910644531,True
clip_3,15,5,1,0.8757442831993103,True
clip_3,15,6,2,0.7040349841117859,True
clip_3,15,1,2,0.853624165058136,True
clip_3,15,10,2,0.8618651032447815,True
clip_3,15,7,1,0.6287484765052795,True
clip_3,15,8,1,0.5850878357887268,True
clip_3,15,9,2,0.7535585165023804,True
clip_3,15,3,1,0.7122962474822998,True
clip_3,16,4,1,0.6472410559654236,True
clip_3,16,2,1,0.7853993773460388,True
clip_3,16,5,1,0.8897233009338379,True
clip_3,16,6,2,0.7030096054077148,True
clip_3,16,1,2,0.8482105731964111,True
clip_3,16,8,1,0.5579252243041992,True
clip_3,16,7,1,0.6608023047447205,True
clip_3,16,10,2,0.8668462038040161,True
clip_3,16,9,2,0.7485275864601135,True
clip_3,17,4,1,0.6407241225242615,True
clip_3,17,5,1,0.9147967100143433,True
clip_3,17,2,1,0.7910413146018982,True
clip_3,17,6,2,0.7089318037033081,True
clip_3,17,10,2,0.8682047128677368,True
clip_3,17,8,1,0.5750117897987366,True
clip_3,17,1,2,0.8494043350219727,True
clip_3,17,7,1,0.6683879494667053,True
clip_3,17,9,2,0.7550584077835083,True
clip_3,17,3,1,0.7671591639518738,True
clip_3,18,4,1,0.6516918540000916,True
clip_3,18,2,1,0.789053738117218,True
clip_3,18,5,1,0.9299710392951965,True
clip_3,18,6,2,0.7404240369796753,True
clip_3,18,10,2,0.8732678294181824,True
clip_3,18,1,2,0.8330307006835938,True
clip_3,18,8,1,0.6038764119148254,True
clip_3,18,9,2,0.7620640993118286,True
clip_3,18,7,1,0.7274864315986633,True
clip_3,18,3,1,0.8074705600738525,True
clip_3,19,4,1,0.6526908278465271,True
clip_3,19,5,1,0.9305613040924072,True
clip_3,19,6,2,0.7919912338256836,True
clip_3,19,2,1,0.8009123802185059,True
clip_3,19,1,2,0.8190381526947021,True
clip_3,19,8,1,0.6199288964271545,True
clip_3,19,10,2,0.8732650876045227,True
clip_3,19,9,2,0.7637245655059814,True
clip_3,19,7,1,0.7596641778945923,True
clip_3,20,4,1,0.6410969495773315,True
clip_3,20,5,1,0.9090824127197266,True
clip_3,20,8,1,0.6140131950378418,True
clip_3,20,2,1,0.785652756690979,True
clip_3,20,6,2,0.8197776675224304,True
clip_3,20,1,2,0.8110859990119934,True
clip_3,20,10,2,0.8827290534973145,True
clip_3,20,7,1,0.7193511724472046,True
clip_3,20,9,2,0.7636620402336121,True
clip_3,21,4,1,0.6433740854263306,True
clip_3,21,5,1,0.9050719738006592,True
clip_3,21,2,1,0.7873490452766418,True
clip_3,21,8,1,0.582057535648346,True
clip_3,21,6,2,0.8608598709106445,True
clip_3,21,1,2,0.8130902647972107,True
clip_3,21,10,2,0.8827101588249207,True
clip_3,21,7,1,0.6703147292137146,True
clip_3,21,3,1,0.7857266068458557,True
clip_3,21,9,2,0.765438973903656,True
clip_3,22,4,1,0.6369881629943848,True
clip_3,22,5,1,0.8918673992156982,True
clip_3,22,2,1,0.7853561043739319,True
clip_3,22,8,1,0.5721377730369568,True
clip_3,22,1,2,0.8231756687164307,True
clip_3,22,6,2,0.8904602527618408,True
clip_3,22,7,1,0.6253953576087952,True
clip_3,22,10,2,0.8845289945602417,True
clip_3,22,3,1,0.7904536128044128,True
clip_3,22,9,2,0.7631809711456299,True
clip_3,23,4,1,0.6683443784713745,True
clip_3,23,2,1,0.7810368537902832,True
clip_3,23,5,1,0.8904029130935669,True
clip_3,23,6,2,0.9285297989845276,True
clip_3,23,1,2,0.8205238580703735,True
clip_3,23,8,1,0.5674362182617188,True
clip_3,23,7,1,0.5347983241081238,True
clip_3,23,10,2,0.8775171637535095,True
clip_3,23,3,1,0.7863034009933472,True
clip_3,24,4,1,0.6992363929748535,True
clip_3,24,2,1,0.7874473333358765,True
clip_3,24,5,1,0.9030898809432983,True
clip_3,24,1,2,0.8345088958740234,True
clip_3,24,8,2,0.5046507120132446,True
clip_3,24,6,2,0.9359444379806519,True
clip_3,24,7,2,0.5173228979110718,True
clip_3,24,10,2,0.881206750869751,True
clip_3,25,4,1,0.7093971371650696,True
clip_3,25,2,1,0.7807652950286865,True
clip_3,25,5,1,0.8933163285255432,True
clip_3,25,8,2,0.5275502800941467,True
clip_3,25,6,2,0.9350404143333435,True
clip_3,25,1,2,0.8466221690177917,True
clip_3,25,7,2,0.6224468350410461,True
clip_3,25,11,2,0.7824855446815491,True
clip_3,25,10,2,0.8676478266716003,True
clip_3,26,4,1,0.7219589948654175,True
clip_3,26,5,1,0.8932300209999084,True
clip_3,26,6,2,0.9318575859069824,True
clip_3,26,1,2,0.8644233345985413,True
clip_3,26,8,2,0.5438063740730286,True
clip_3,26,2,1,0.7906464338302612,True
clip_3,26,7,2,0.6808868050575256,True
clip_3,26,11,2,0.818533718585968,True
clip_3,26,10,2,0.8200492262840271,True
clip_3,27,4,1,0.7529368996620178,True
clip_3,27,5,1,0.8885310888290405,True
clip_3,27,1,2,0.8451111912727356,True
clip_3,27,7,2,0.6719740629196167,True
clip_3,27,6,2,0.9296924471855164,True
clip_3,27,2,1,0.7920511364936829,True
clip_3,27,8,1,0.5393108129501343,True
clip_3,27,11,2,0.7934367060661316,True
clip_3,27,10,2,0.8404814600944519,True
clip_3,28,4,1,0.7506211400032043,True
clip_3,28,5,1,0.8863372802734375,True
clip_3,28,2,1,0.7670570611953735,True
clip_3,28,1,2,0.8284897208213806,True
clip_3,28,6,2,0.9412959814071655,True
clip_3,28,8,2,0.5511945486068726,True
clip_3,28,7,2,0.7123527526855469,True
clip_3,28,11,2,0.8038904666900635,True
clip_3,28,3,1,0.7982902526855469,True
clip_3,28,10,2,0.8704499006271362,True
clip_3,28,9,2,0.7357231378555298,True
clip_3,29,4,1,0.7452240586280823,True
clip_3,29,5,1,0.8793274760246277,True
clip_3,29,1,2,0.8227663636207581,True
clip_3,29,6,2,0.9388262629508972,True
clip_3,29,2,1,0.7864041924476624,True
clip_3,29,8,1,0.5278275609016418,True
clip_3,29,3,1,0.821684718132019,True
clip_3,29,7,2,0.6887397766113281,True
clip_3,29,11,2,0.8241598606109619,True
clip_3,29,10,2,0.8854532837867737,True
clip_3,29,9,2,0.7443717122077942,True
clip_3,30,5,1,0.8776432275772095,True
clip_3,30,4,1,0.7273358702659607,True
clip_3,30,1,2,0.821255087852478,True
clip_3,30,2,1,0.8032786250114441,True
clip_3,30,8,1,0.5796729326248169,True
clip_3,30,6,2,0.9171662330627441,True
clip_3,30,3,1,0.840190052986145,True
clip_3,30,7,2,0.6367232799530029,True
clip_3,30,10,2,0.8816415667533875,True
clip_3,30,11,2,0.8303660154342651,True
clip_3,30,9,2,0.7505584955215454,True
clip_3,31,4,1,0.7149540781974792,True
clip_3,31,5,1,0.8800919055938721,True
clip_3,31,2,1,0.7828304171562195,True
clip_3,31,1,2,0.822296142578125,True
clip_3,31,3,1,0.8497422933578491,True
clip_3,31,8,1,0.5609919428825378,True
clip_3,31,6,2,0.8937045931816101,True
clip_3,31,7,2,0.5739662647247314,True
clip_3,31,10,2,0.8865260481834412,True
clip_3,31,11,2,0.8268730044364929,True
clip_3,31,9,2,0.7402854561805725,True
clip_3,32,5,1,0.8739809989929199,True
clip_3,32,4,1,0.7190621495246887,True
clip_3,32,3,1,0.8020474314689636,True
clip_3,32,1,2,0.8169647455215454,True
clip_3,32,2,1,0.7625294327735901,True
clip_3,32,8,1,0.5572916865348816,True
clip_3,32,7,2,0.5444201231002808,True
clip_3,32,6,2,0.9402903318405151,True
clip_3,32,10,2,0.869741678237915,True
clip_3,33,2,1,0.7474218606948853,True
clip_3,33,4,1,0.7193927764892578,True
clip_3,33,5,1,0.8837919235229492,True
clip_3,33,8,1,0.5940563678741455,True
clip_3,33,3,1,0.654104471206665,True
clip_3,33,1,2,0.8294982314109802,True
clip_3,33,6,2,0.9330248236656189,True
clip_3,33,7,2,0.5014216303825378,True
clip_3,33,10,2,0.7926106452941895,True
clip_3,34,2,1,0.7244618535041809,True
clip_3,34,4,1,0.7286887764930725,True
clip_3,34,5,1,0.876873791217804,True
clip_3,34,8,1,0.6283724904060364,True
clip_3,34,1,2,0.8189957141876221,True
clip_3,34,3,1,0.5737993717193604,True
clip_3,34,7,1,0.5587062239646912,True
clip_3,34,6,2,0.8623690009117126,True
clip_3,34,10,2,0.8208453059196472,True
clip_3,35,2,1,0.725878119468689,True
clip_3,35,4,1,0.7363432049751282,True
clip_3,35,5,1,0.8828644156455994,True
clip_3,35,8,1,0.6407589912414551,True
clip_3,35,1,2,0.8253679275512695,True
clip_3,35,3,1,0.5114426016807556,True
clip_3,35,6,2,0.8993144035339355,True
clip_3,35,7,1,0.5856804847717285,True
clip_3,35,10,2,0.7711666226387024,True
clip_3,36,2,1,0.7260240316390991,True
clip_3,36,4,1,0.7352205514907837,True
clip_3,36,5,1,0.8834949135780334,True
clip_3,36,8,1,0.6340117454528809,True
clip_3,36,1,2,0.8249645233154297,True
clip_3,36,3,1,0.5110016465187073,True
clip_3,36,6,2,0.8931626081466675,True
clip_3,36,7,1,0.5905691385269165,True
clip_3,36,10,2,0.767493724822998,True
clip_3,37,2,1,0.7230494022369385,True
clip_3,37,5,1,0.8894760608673096,True
clip_3,37,4,1,0.7210208773612976,True
clip_3,37,8,1,0.6236395835876465,True
clip_3,37,1,2,0.8192486763000488,True
clip_3,37,3,2,0.5341044068336487,True
clip_3,37,7,1,0.6093801259994507,True
clip_3,37,6,2,0.9482980966567993,True
clip_3,37,10,2,0.8495199084281921,True
clip_3,38,2,1,0.7238706350326538,True
clip_3,38,4,1,0.7028599381446838,True
clip_3,38,5,1,0.9033904671669006,True
clip_3,38,1,2,0.8156042695045471,True
clip_3,38,8,1,0.6468136310577393,True
clip_3,38,6,2,0.8930214643478394,True
clip_3,38,7,1,0.6166464686393738,True
clip_3,38,10,2,0.8815268278121948,True
clip_3,38,3,2,0.5972306132316589,True
clip_3,38,9,2,0.7152213454246521,True
clip_3,39,5,1,0.8798578381538391,True
clip_3,39,4,1,0.7002220153808594,True
clip_3,39,2,1,0.7338102459907532,True
clip_3,39,1,2,0.8193418979644775,True
clip_3,39,8,1,0.6292614936828613,True
clip_3,39,6,2,0.9529372453689575,True
clip_3,39,3,1,0.585541307926178,True
clip_3,39,7,1,0.6104075908660889,True
clip_3,39,10,2,0.8740586042404175,True
clip_3,39,9,2,0.7184860110282898,True
clip_3,40,5,1,0.8653568029403687,True
clip_3,40,4,1,0.6657344102859497,True
clip_3,40,8,1,0.6572800278663635,True
clip_3,40,1,2,0.8228383660316467,True
clip_3,40,3,1,0.6106358170509338,True
clip_3,40,2,1,0.9286201000213623,True
clip_3,40,10,2,0.872389554977417,True
clip_3,40,7,1,0.6126013994216919,True
clip_3,40,6,2,0.9298242926597595,True
clip_3,40,9,2,0.7206531763076782,True
clip_3,41,4,1,0.6482815742492676,True
clip_3,41,5,1,0.8462710380554199,True
clip_3,41,1,2,0.8265606760978699,True
clip_3,41,8,1,0.6683022975921631,True
clip_3,41,6,2,0.9040400981903076,True
clip_3,41,3,1,0.6300365924835205,True
clip_3,41,2,1,0.8783942461013794,True
clip_3,41,7,1,0.6085518598556519,True
clip_3,41,10,2,0.8546109795570374,True
clip_3,41,9,2,0.7378723621368408,True
clip_3,42,4,1,0.633675217628479,True
clip_3,42,5,1,0.8488059639930725,True
clip_3,42,1,2,0.8222160339355469,True
clip_3,42,3,2,0.5461026430130005,True
clip_3,42,2,1,0.7752079367637634,True
clip_3,42,8,1,0.6277778744697571,True
clip_3,42,6,2,0.8214654922485352,True
clip_3,42,10,2,0.799213707447052,True
clip_3,42,9,2,0.7375855445861816,True
clip_3,42,7,1,0.6320226192474365,True
clip_3,43,4,1,0.630739152431488,True
clip_3,43,5,1,0.8381552696228027,True
clip_3,43,1,2,0.8191912174224854,True
clip_3,43,2,1,0.679993748664856,True
clip_3,43,8,1,0.6297852993011475,True
clip_3,43,3,1,0.5930378437042236,True
clip_3,43,6,2,0.8858890533447266,True
clip_3,43,10,2,0.7829431891441345,True
clip_3,43,9,2,0.7462946772575378,True
clip_3,43,7,1,0.5652825832366943,True
clip_3,44,4,1,0.612721860408783,True
clip_3,44,5,1,0.8482952117919922,True
clip_3,44,1,2,0.8181664943695068,True
clip_3,44,8,1,0.6195992827415466,True
clip_3,44,2,1,0.6083163619041443,True
clip_3,44,7,1,0.5716383457183838,True
clip_3,44,3,1,0.5139715075492859,True
clip_3,44,10,2,0.7558127641677856,True
clip_3,44,6,2,0.8992851376533508,True
clip_3,44,9,2,0.7368544340133667,True
clip_3,45,5,1,0.8563342690467834,True
clip_3,45,4,1,0.6220610737800598,True
clip_3,45,1,2,0.8161688446998596,True
clip_3,45,2,1,0.922156810760498,True
clip_3,45,3,1,0.5362124443054199,True
clip_3,45,8,1,0.627103328704834,True
clip_3,45,7,1,0.5354504585266113,True
clip_3,45,10,2,0.7457026839256287,True
clip_3,45,6,2,0.8853115439414978,True
clip_3,45,9,2,0.7367874979972839,True
clip_3,46,5,1,0.876013994216919,True
clip_3,46,4,1,0.6219482421875,True
clip_3,46,1,2,0.8138507008552551,True
clip_3,46,8,1,0.6233118772506714,True
clip_3,46,3,1,0.5004832148551941,True
clip_3,46,2,1,0.9082390069961548,True
clip_3,46,7,1,0.540644645690918,True
clip_3,46,10,2,0.7331594228744507,True
clip_3,46,9,2,0.7308989763259888,True
clip_3,46,6,2,0.8912729024887085,True
clip_3,46,12,2,0.8018454909324646,True
clip_3,47,5,1,0.838746964931488,True
clip_3,47,4,1,0.6249435544013977,True
clip_3,47,1,2,0.8107729554176331,True
clip_3,47,8,1,0.6212011575698853,True
clip_3,47,3,1,0.5377569198608398,True
clip_3,47,2,1,0.8828530311584473,True
clip_3,47,7,1,0.5645470023155212,True
clip_3,47,10,2,0.7187402844429016,True
clip_3,47,9,2,0.7283201217651367,True
clip_3,47,6,2,0.8594897985458374,True
clip_3,48,5,1,0.8483147025108337,True
clip_3,48,4,1,0.6329456567764282,True
clip_3,48,1,2,0.8131455779075623,True
clip_3,48,3,1,0.5058647990226746,True
clip_3,48,8,1,0.6215395927429199,True
clip_3,48,2,1,0.8792966604232788,True
clip_3,48,7,1,0.5944399833679199,True
clip_3,48,10,2,0.7134340405464172,True
clip_3,48,6,2,0.8898112773895264,True
clip_3,48,9,2,0.7545297145843506,True
clip_3,49,5,1,0.8571741580963135,True
clip_3,49,4,1,0.6238426566123962,True
clip_3,49,1,2,0.8136367201805115,True
clip_3,49,8,1,0.6079965233802795,True
clip_3,49,2,1,0.8844266533851624,True
clip_3,49,3,1,0.5176920890808105,True
clip_3,49,7,1,0.639483630657196,True
clip_3,49,10,2,0.7161900401115417,True
clip_3,49,9,2,0.756222128868103,True
clip_3,49,6,2,0.8737117648124695,True
clip_3,50,5,1,0.8544093370437622,True
clip_3,50,4,1,0.6366668939590454,True
clip_3,50,2,1,0.8349761962890625,True
clip_3,50,8,1,0.5934383273124695,True
clip_3,50,1,2,0.811825156211853,True
clip_3,50,3,1,0.5051529407501221,True
clip_3,50,7,1,0.7095163464546204,True
clip_3,50,6,2,0.8640040159225464,True
clip_3,50,10,2,0.7040178179740906,True
clip_3,50,9,2,0.7535248398780823,True
clip_3,51,5,1,0.8751057982444763,True
clip_3,51,4,1,0.646255373954773,True
clip_3,51,3,1,0.5792203545570374,True
clip_3,51,8,1,0.574567973613739,True
clip_3,51,1,2,0.8070685267448425,True
clip_3,51,2,1,0.8632229566574097,True
clip_3,51,7,1,0.7232173085212708,True
clip_3,51,9,2,0.7416667938232422,True
clip_3,51,6,2,0.8908005356788635,True
clip_3,51,10,2,0.6885669231414795,True
clip_3,52,5,1,0.8614174723625183,True
clip_3,52,2,1,0.8091703057289124,True
clip_3,52,4,1,0.6505914926528931,True
clip_3,52,3,1,0.6372495293617249,True
clip_3,52,8,1,0.5695532560348511,True
clip_3,52,1,2,0.803809404373169,True
clip_3,52,6,2,0.8285601139068604,True
clip_3,52,7,1,0.7273737788200378,True
clip_3,52,9,2,0.730516791343689,True
clip_3,52,10,2,0.6952041387557983,True
clip_3,53,4,1,0.6574286222457886,True
clip_3,53,5,1,0.8410778045654297,True
clip_3,53,8,1,0.5475250482559204,True
clip_3,53,3,1,0.5934267044067383,True
clip_3,53,1,2,0.8031041622161865,True
clip_3,53,6,2,0.8719167113304138,True
clip_3,53,2,1,0.7567150592803955,True
clip_3,53,7,1,0.6540820598602295,True
clip_3,53,10,1,0.5119063258171082,True
clip_3,53,9,2,0.7364579439163208,True
clip_3,54,5,1,0.8579942584037781,True
clip_3,54,4,1,0.6790014505386353,True
clip_3,54,8,1,0.5507898330688477,True
clip_3,54,1,2,0.797725260257721,True
clip_3,54,3,1,0.6090241074562073,True
clip_3,54,6,2,0.8885494470596313,True
clip_3,54,2,1,0.7432219386100769,True
clip_3,54,7,1,0.5761104822158813,True
clip_3,54,10,1,0.5317583084106445,True
clip_3,54,9,2,0.7445852756500244,True
clip_3,55,5,1,0.8738378286361694,True
clip_3,55,1,2,0.7955169677734375,True
clip_3,55,4,1,0.704502522945404,True
clip_3,55,8,1,0.5862727761268616,True
clip_3,55,6,2,0.8735411167144775,True
clip_3,55,3,1,0.6017991900444031,True
clip_3,55,7,1,0.5984289050102234,True
clip_3,55,10,1,0.5132618546485901,True
clip_3,55,2,1,0.6950755715370178,True
clip_3,55,9,2,0.734173059463501,True
clip_3,56,3,1,0.535312831401825,True
clip_3,56,5,1,0.8723587989807129,True
clip_3,56,1,2,0.8054119944572449,True
clip_3,56,8,1,0.6023319363594055,True
clip_3,56,4,1,0.6972429752349854,True
clip_3,56,6,2,0.8880290389060974,True
clip_3,56,7,1,0.6121256947517395,True
clip_3,56,10,1,0.5075018405914307,True
clip_3,56,2,1,0.5253695249557495,True
clip_3,56,9,2,0.7333714962005615,True
clip_3,57,1,2,0.8011643290519714,True
clip_3,57,5,1,0.8373528718948364,True
clip_3,57,8,1,0.6099666953086853,True
clip_3,57,4,1,0.6667621731758118,True
clip_3,57,6,2,0.9022713899612427,True
clip_3,57,7,1,0.6519366502761841,True
clip_3,57,2,1,0.5470864772796631,True
clip_3,57,10,2,0.5042369365692139,True
clip_3,57,3,1,0.5564411878585815,True
clip_3,57,9,2,0.7381965517997742,True
clip_3,58,1,2,0.8094994425773621,True
clip_3,58,5,1,0.8262709379196167,True
clip_3,58,8,1,0.6029542088508606,True
clip_3,58,4,1,0.6409028172492981,True
clip_3,58,6,2,0.8745731115341187,True
clip_3,58,7,1,0.6041420102119446,True
clip_3,58,10,2,0.530246913433075,True
clip_3,58,2,1,0.5976478457450867,True
clip_3,58,3,1,0.5848645567893982,True
clip_3,58,9,2,0.7341464161872864,True
clip_3,59,5,1,0.8357199430465698,True
clip_3,59,8,1,0.5976240038871765,True
clip_3,59,1,2,0.8161126375198364,True
clip_3,59,6,2,0.8613706231117249,True
clip_3,59,4,1,0.6494033336639404,True
clip_3,59,3,1,0.6336224675178528,True
clip_3,59,7,1,0.6802182197570801,True
clip_3,59,10,2,0.5565650463104248,True
clip_3,59,2,1,0.6744375824928284,True
clip_3,59,9,2,0.7230992317199707,True
clip_3,60,5,1,0.7711107730865479,True
clip_3,60,8,1,0.5849423408508301,True
clip_3,60,6,2,0.8467181921005249,True
clip_3,60,4,1,0.6654239296913147,True
clip_3,60,1,2,0.8168504238128662,True
clip_3,60,2,1,0.6245413422584534,True
clip_3,60,7,1,0.6749983429908752,True
clip_3,60,3,1,0.6434524655342102,True
clip_3,60,10,2,0.589099109172821,True
clip_3,60,9,2,0.7190524339675903,True
clip_3,61,5,1,0.739639163017273,True
clip_3,61,8,1,0.590679943561554,True
clip_3,61,6,2,0.829594612121582,True
clip_3,61,4,1,0.6598015427589417,True
clip_3,61,3,1,0.6318795680999756,True
clip_3,61,1,2,0.8348574042320251,True
clip_3,61,2,1,0.6758835315704346,True
clip_3,61,7,1,0.6536059975624084,True
clip_3,61,10,2,0.6119389533996582,True
clip_3,61,9,2,0.7213664650917053,True
clip_3,62,5,1,0.7343476414680481,True
clip_3,62,6,2,0.8315713405609131,True
clip_3,62,1,2,0.8384031057357788,True
clip_3,62,8,1,0.6530529260635376,True
clip_3,62,4,1,0.6522961854934692,True
clip_3,62,2,1,0.6774004101753235,True
clip_3,62,10,2,0.626143217086792,True
clip_3,62,7,1,0.6136881709098816,True
clip_3,62,3,1,0.615515410900116,True
clip_3,62,9,2,0.7339158654212952,True
clip_3,63,5,1,0.7451242804527283,True
clip_3,63,1,2,0.8541545271873474,True
clip_3,63,3,1,0.6638320088386536,True
clip_3,63,6,2,0.8328148722648621,True
clip_3,63,8,1,0.6760479211807251,True
clip_3,63,7,1,0.556189239025116,True
clip_3,63,2,1,0.6857632398605347,True
clip_3,63,4,1,0.6587305068969727,True
clip_3,63,10,2,0.6370812654495239,True
clip_3,63,9,2,0.7314039468765259,True
clip_3,64,1,2,0.9085201025009155,True
clip_3,64,2,1,0.7760747075080872,True
clip_3,64,6,2,0.8586809039115906,True
clip_3,64,8,1,0.6860359311103821,True
clip_3,64,7,1,0.558885395526886,True
clip_3,64,4,1,0.5899357199668884,True
clip_3,64,3,2,0.6627451181411743,True
clip_3,64,10,2,0.6652019023895264,True
clip_3,64,9,2,0.7440844178199768,True
clip_3,64,5,1,0.7499823570251465,True
clip_3,65,1,2,0.9034899473190308,True
clip_3,65,6,2,0.8790565729141235,True
clip_3,65,8,1,0.6772730350494385,True
clip_3,65,3,2,0.5733083486557007,True
clip_3,65,2,1,0.8545772433280945,True
clip_3,65,5,1,0.750365674495697,True
clip_3,65,7,1,0.5641085505485535,True
clip_3,65,4,1,0.5825918316841125,True
clip_3,65,10,2,0.8731930255889893,True
clip_3,65,9,2,0.7347674369812012,True
clip_3,66,8,1,0.6722406148910522,True
clip_3,66,6,2,0.8310025334358215,True
clip_3,66,3,1,0.5129586458206177,True
clip_3,66,2,1,0.8375802636146545,True
clip_3,66,1,2,0.9223965406417847,True
clip_3,66,5,1,0.766075074672699,True
clip_3,66,7,1,0.5627177953720093,True
clip_3,66,4,1,0.6173803806304932,True
clip_3,66,10,2,0.6913433074951172,True
clip_3,66,9,2,0.745657205581665,True
clip_3,67,8,1,0.6783812046051025,True
clip_3,67,6,2,0.8973180651664734,True
clip_3,67,2,1,0.7904884219169617,True
clip_3,67,3,2,0.5763620138168335,True
clip_3,67,1,2,0.9199399948120117,True
clip_3,67,5,1,0.740121066570282,True
clip_3,67,7,1,0.5169271230697632,True
clip_3,67,4,1,0.617404580116272,True
clip_3,67,10,2,0.6882215142250061,True
clip_3,67,9,2,0.7489528059959412,True
clip_3,68,2,1,0.7864867448806763,True
clip_3,68,8,1,0.6679279804229736,True
clip_3,68,3,2,0.6344568133354187,True
clip_3,68,6,2,0.9074044227600098,True
clip_3,68,1,2,0.9260530471801758,True
clip_3,68,4,1,0.6679840087890625,True
clip_3,68,5,1,0.7289828658103943,True
clip_3,68,10,2,0.709777295589447,True
clip_3,68,7,1,0.5651692748069763,True
clip_3,68,9,2,0.7325336337089539,True
clip_3,69,8,1,0.6646067500114441,True
clip_3,69,2,1,0.7451726198196411,True
clip_3,69,6,2,0.9104312658309937,True
clip_3,69,5,1,0.7290987968444824,True
clip_3,69,3,2,0.6016049981117249,True
clip_3,69,1,2,0.9225569367408752,True
clip_3,69,4,1,0.6840921640396118,True
clip_3,69,7,1,0.613289475440979,True
clip_3,69,10,2,0.6515989899635315,True
clip_3,69,9,2,0.7250819206237793,True
clip_3,70,2,1,0.7248640060424805,True
clip_3,70,8,1,0.6768472194671631,True
clip_3,70,3,2,0.5215491652488708,True
clip_3,70,4,1,0.6580657958984375,True
clip_3,70,6,2,0.8995490074157715,True
clip_3,70,1,2,0.9137009978294373,True
clip_3,70,5,1,0.7172685861587524,True
clip_3,70,7,1,0.6793528199195862,True
clip_3,70,10,2,0.599967360496521,True
clip_3,70,9,2,0.7139681577682495,True
clip_3,71,2,1,0.7323182821273804,True
clip_3,71,4,1,0.5978842973709106,True
clip_3,71,3,1,0.5393761992454529,True
clip_3,71,8,1,0.70682692527771,True
clip_3,71,6,2,0.9030017256736755,True
clip_3,71,5,1,0.7283359169960022,True
clip_3,71,7,1,0.6903471350669861,True
clip_3,71,9,2,0.7140328288078308,True
clip_3,71,10,2,0.5853864550590515,True
clip_3,71,1,2,0.916347086429596,True
clip_3,72,2,1,0.7509409785270691,True
clip_3,72,3,1,0.504297137260437,True
clip_3,72,4,1,0.5737693905830383,True
clip_3,72,8,1,0.7279273271560669,True
clip_3,72,5,1,0.7233373522758484,True
clip_3,72,6,2,0.8931371569633484,True
clip_3,72,1,2,0.9307233691215515,True
clip_3,72,9,2,0.7202678918838501,True
clip_3,72,10,2,0.5779044032096863,True
clip_3,72,7,1,0.6639229655265808,True
clip_3,73,4,1,0.5866353511810303,True
clip_3,73,2,1,0.7753322720527649,True
clip_3,73,3,2,0.5639524459838867,True
clip_3,73,5,1,0.7524545192718506,True
clip_3,73,8,1,0.6718774437904358,True
clip_3,73,6,2,0.8252598643302917,True
clip_3,73,1,2,0.927869975566864,True
clip_3,73,7,1,0.7091496586799622,True
clip_3,73,10,2,0.5671278834342957,True
clip_3,73,9,2,0.7309092879295349,True
clip_3,74,2,1,0.7771967649459839,True
clip_3,74,4,1,0.5616642236709595,True
clip_3,74,3,2,0.6387256383895874,True
clip_3,74,6,2,0.8270875215530396,True
clip_3,74,5,1,0.7270737290382385,True
clip_3,74,7,1,0.7554232478141785,True
clip_3,74,1,2,0.9230723977088928,True
clip_3,74,10,2,0.5537921190261841,True
clip_3,74,8,1,0.6542931199073792,True
clip_3,74,9,2,0.7545687556266785,True
clip_3,75,2,1,0.7404958605766296,True
clip_3,75,4,1,0.5525606870651245,True
clip_3,75,5,1,0.7407698035240173,True
clip_3,75,3,2,0.7253865599632263,True
clip_3,75,6,2,0.8921507596969604,True
clip_3,75,7,1,0.7045847177505493,True
clip_3,75,8,1,0.6691414713859558,True
clip_3,75,10,2,0.5271410942077637,True
clip_3,75,9,2,0.7349945306777954,True
clip_3,75,1,2,0.9051528573036194,True
clip_3,76,2,1,0.6974760293960571,True
clip_3,76,4,1,0.5115833878517151,True
clip_3,76,5,1,0.73124760389328,True
clip_3,76,6,2,0.9203565120697021,True
clip_3,76,1,2,0.8994004130363464,True
clip_3,76,3,2,0.7560125589370728,True
clip_3,76,7,1,0.6295279264450073,True
clip_3,76,10,1,0.5220762491226196,True
clip_3,76,9,2,0.7320763468742371,True
clip_3,76,8,1,0.6101164817810059,True
clip_3,77,4,1,0.5646413564682007,True
clip_3,77,2,1,0.6667199730873108,True
clip_3,77,6,2,0.9139423370361328,True
clip_3,77,3,2,0.8457128405570984,True
clip_3,77,7,1,0.5316109657287598,True
clip_3,77,8,1,0.5162578225135803,True
clip_3,77,10,2,0.6122080683708191,True
clip_3,77,9,2,0.7373597621917725,True
clip_3,77,1,2,0.6856287121772766,True
clip_3,77,5,1,0.7122462391853333,True
clip_3,78,2,1,0.6584783792495728,True
clip_3,78,4,1,0.5702111124992371,True
clip_3,78,5,1,0.7251260280609131,True
clip_3,78,6,2,0.8982445001602173,True
clip_3,78,8,2,0.5884419679641724,True
clip_3,78,3,2,0.8499559760093689,True
clip_3,78,1,2,0.5561614036560059,True
clip_3,78,10,2,0.5943428874015808,True
clip_3,78,9,2,0.7464373707771301,True
clip_3,78,7,2,0.5284335613250732,True
clip_3,79,2,1,0.6574454307556152,True
clip_3,79,5,1,0.7362771034240723,True
clip_3,79,8,2,0.6393783092498779,True
clip_3,79,6,2,0.9111813306808472,True
clip_3,79,4,1,0.5850723385810852,True
clip_3,79,3,2,0.8766979575157166,True
clip_3,79,1,2,0.7936649322509766,True
clip_3,79,10,2,0.6128296852111816,True
clip_3,79,9,2,0.7390355467796326,True
clip_3,79,7,2,0.5741197466850281,True
clip_3,80,2,1,0.6534745097160339,True
clip_3,80,5,1,0.78301602602005,True
clip_3,80,4,1,0.673782229423523,True
clip_3,80,6,2,0.9333401918411255,True
clip_3,80,8,2,0.6239835023880005,True
clip_3,80,1,2,0.7238483428955078,True
clip_3,80,3,2,0.9057152271270752,True
clip_3,80,10,2,0.6257320046424866,True
clip_3,80,9,2,0.7311680912971497,True
clip_3,80,7,2,0.7303962707519531,True
clip_3,81,2,1,0.6517638564109802,True
clip_3,81,5,1,0.8708314895629883,True
clip_3,81,6,2,0.9387953877449036,True
clip_3,81,1,2,0.6333990097045898,True
clip_3,81,10,2,0.6741154193878174,True
clip_3,81,4,1,0.7123456597328186,True
clip_3,81,9,2,0.7127829790115356,True
clip_3,81,8,2,0.6415883302688599,True
clip_3,81,3,2,0.9445861577987671,True
clip_3,81,7,2,0.7261698246002197,True
clip_3,82,2,1,0.6510400772094727,True
clip_3,82,5,1,0.8063632249832153,True
clip_3,82,6,2,0.9723619818687439,True
clip_3,82,3,1,0.5607010126113892,True
clip_3,82,10,2,0.6834171414375305,True
clip_3,82,1,1,0.749403715133667,True
clip_3,82,8,1,0.5459480285644531,True
clip_3,82,4,1,0.6258704662322998,True
clip_3,82,9,2,0.7099632620811462,True
clip_3,82,7,1,0.5103731155395508,True
clip_3,83,2,1,0.6570883989334106,True
clip_3,83,5,1,0.7508541941642761,True
clip_3,83,6,2,0.9516228437423706,True
clip_3,83,8,1,0.6112015247344971,True
clip_3,83,10,2,0.6502511501312256,True
clip_3,83,1,2,0.5341509580612183,True
clip_3,83,3,2,0.6234424710273743,True
clip_3,83,4,1,0.5330098271369934,True
clip_3,83,9,2,0.7078410387039185,True
clip_3,83,7,2,0.7629072070121765,True
clip_3,84,6,2,0.9012882113456726,True
clip_3,84,5,1,0.7654236555099487,True
clip_3,84,2,1,0.653235673904419,True
clip_3,84,10,2,0.6055083274841309,True
clip_3,84,8,1,0.6505618095397949,True
clip_3,84,1,2,0.5059679746627808,True
clip_3,84,9,2,0.7093521952629089,True
clip_3,84,3,2,0.5287537574768066,True
clip_3,85,5,1,0.7521502375602722,True
clip_3,85,2,1,0.6569005846977234,True
clip_3,85,6,2,0.9046753644943237,True
clip_3,85,10,2,0.5451964139938354,True
clip_3,85,9,2,0.710660457611084,True
clip_3,85,8,1,0.6786801815032959,True
clip_3,85,1,2,0.5218981504440308,True
clip_3,85,3,1,0.5447814464569092,True
clip_3,86,5,1,0.7338255643844604,True
clip_3,86,2,1,0.6630690097808838,True
clip_3,86,6,2,0.9050077795982361,True
clip_3,86,9,2,0.711066484451294,True
clip_3,86,10,2,0.5082688331604004,True
clip_3,86,1,2,0.7543449401855469,True
clip_3,86,8,1,0.7028629183769226,True
clip_3,86,3,2,0.5637849569320679,True
clip_3,86,4,2,0.5537896752357483,True
clip_3,87,5,1,0.7278082370758057,True
clip_3,87,2,1,0.6613916754722595,True
clip_3,87,6,2,0.8830254673957825,True
clip_3,87,9,2,0.7131444811820984,True
clip_3,87,10,1,0.5462118983268738,True
clip_3,87,3,2,0.5413851737976074,True
clip_3,87,1,2,0.8022618889808655,True
clip_3,87,8,1,0.7630436420440674,True
clip_3,88,2,1,0.6651315689086914,True
clip_3,88,6,2,0.8507314324378967,True
clip_3,88,5,1,0.7172835469245911,True
clip_3,88,9,2,0.7140288949012756,True
clip_3,88,1,2,0.8050752878189087,True
clip_3,88,10,1,0.5939499139785767,True
clip_3,88,3,2,0.5369695425033569,True
clip_3,88,4,1,0.5295299887657166,True
clip_3,88,8,1,0.6777622103691101,True
clip_3,89,2,1,0.6659461855888367,True
clip_3,89,1,2,0.7199149131774902,True
clip_3,89,10,1,0.5942908525466919,True
clip_3,89,9,2,0.7142847776412964,True
clip_3,89,4,1,0.6954372525215149,True
clip_3,89,5,1,0.7268123626708984,True
clip_3,89,6,2,0.8584103584289551,True
clip_3,89,3,2,0.5199748277664185,True
clip_3,90,2,1,0.672478973865509,True
clip_3,90,5,1,0.7228367328643799,True
clip_3,90,10,1,0.5899723172187805,True
clip_3,90,1,2,0.6935345530509949,True
clip_3,90,6,2,0.8599388003349304,True
clip_3,90,9,2,0.7134071588516235,True
clip_3,90,3,2,0.8300744295120239,True
clip_3,90,13,2,0.831041693687439,True
clip_3,90,4,1,0.6380374431610107,True
clip_3,90,8,1,0.6950692534446716,True
clip_3,91,2,1,0.6736464500427246,True
clip_3,91,5,1,0.7413778305053711,True
clip_3,91,3,2,0.8604649901390076,True
clip_3,91,1,2,0.786992609500885,True
clip_3,91,6,2,0.8744210004806519,True
clip_3,91,10,1,0.5905798077583313,True
clip_3,91,9,2,0.7171732783317566,True
clip_3,91,8,1,0.8928825855255127,True
clip_3,91,13,2,0.7920880913734436,True
clip_3,91,4,1,0.6919239163398743,True
clip_3,92,2,1,0.6805996298789978,True
clip_3,92,3,2,0.8865053057670593,True
clip_3,92,5,1,0.7217000126838684,True
clip_3,92,6,2,0.8422977328300476,True
clip_3,92,9,2,0.7156484723091125,True
clip_3,92,10,1,0.5587363839149475,True
clip_3,92,1,2,0.6904162764549255,True
clip_3,92,8,1,0.8398793339729309,True
clip_3,93,2,1,0.6707533597946167,True
clip_3,93,5,1,0.7171453237533569,True
clip_3,93,8,1,0.8428682684898376,True
clip_3,93,3,2,0.8940760493278503,True
clip_3,93,9,2,0.7161300182342529,True
clip_3,93,6,2,0.8292895555496216,True
clip_3,93,10,1,0.5414043664932251,True
clip_3,93,1,2,0.855161726474762,True
clip_3,93,4,1,0.7099761366844177,True
clip_3,94,5,1,0.7148791551589966,True
clip_3,94,3,2,0.9083930850028992,True
clip_3,94,2,1,0.6825640797615051,True
clip_3,94,8,1,0.8803120851516724,True
clip_3,94,9,2,0.7155404090881348,True
clip_3,94,6,2,0.8486954569816589,True
clip_3,94,10,1,0.5615295767784119,True
clip_3,94,4,1,0.7554179430007935,True
clip_3,95,2,1,0.6868653893470764,True
clip_3,95,3,2,0.9531217813491821,True
clip_3,95,8,1,0.8886557817459106,True
clip_3,95,5,1,0.7151457667350769,True
clip_3,95,6,2,0.8982588052749634,True
clip_3,95,9,2,0.7142236828804016,True
clip_3,95,10,1,0.6141945719718933,True
clip_3,95,13,2,0.6673355102539062,True
clip_3,95,4,1,0.7509234547615051,True
clip_3,96,2,1,0.6835973858833313,True
clip_3,96,13,2,0.5927718281745911,True
clip_3,96,3,2,0.9515578746795654,True
clip_3,96,8,1,0.8536341786384583,True
clip_3,96,5,1,0.7112130522727966,True
clip_3,96,9,2,0.7134261727333069,True
clip_3,96,6,2,0.9279714226722717,True
clip_3,96,4,1,0.6355022192001343,True
clip_3,96,10,1,0.6716739535331726,True
clip_3,97,2,1,0.676133930683136,True
clip_3,97,8,1,0.8524675965309143,True
clip_3,97,6,2,0.9310469627380371,True
clip_3,97,13,2,0.500288188457489,True
clip_3,97,9,2,0.713435173034668,True
clip_3,97,3,2,0.8775043487548828,True
clip_3,97,4,1,0.5983481407165527,True
clip_3,97,5,1,0.8678203225135803,True
clip_3,97,10,1,0.7161012887954712,True
clip_3,98,2,1,0.6831057667732239,True
clip_3,98,8,1,0.8544159531593323,True
clip_3,98,6,2,0.9442800283432007,True
clip_3,98,5,1,0.712822437286377,True
clip_3,98,9,2,0.7124866247177124,True
clip_3,98,10,1,0.689156711101532,True
clip_3,98,3,2,0.9487408399581909,True
clip_3,98,4,1,0.6241030693054199,True
clip_3,98,13,1,0.6182200908660889,True
clip_3,99,2,1,0.6840595602989197,True
clip_3,99,8,1,0.8556875586509705,True
clip_3,99,9,2,0.7097546458244324,True
clip_3,99,3,2,0.8509325981140137,True
clip_3,99,6,2,0.9146687388420105,True
clip_3,99,10,1,0.649635374546051,True
clip_3,99,4,1,0.6409235596656799,True
clip_3,99,13,1,0.577851414680481,True
clip_3,100,2,1,0.6741005778312683,True
clip_3,100,4,1,0.6166950464248657,True
clip_3,100,8,1,0.8531070351600647,True
clip_3,100,9,2,0.7064248323440552,True
clip_3,100,3,2,0.815136194229126,True
clip_3,100,6,2,0.9155158996582031,True
clip_3,100,13,1,0.5898322463035583,True
clip_3,100,10,1,0.6469270586967468,True
clip_3,101,2,1,0.6732779741287231,True
clip_3,101,4,1,0.603523313999176,True
clip_3,101,9,2,0.7063850164413452,True
clip_3,101,8,1,0.8689883351325989,True
clip_3,101,3,2,0.8455641269683838,True
clip_3,101,13,1,0.6703816652297974,True
clip_3,101,10,1,0.6313979029655457,True
clip_3,101,6,2,0.8647342324256897,True
clip_3,102,2,1,0.6872862577438354,True
clip_3,102,3,2,0.8759835958480835,True
clip_3,102,8,1,0.8611025810241699,True
clip_3,102,9,2,0.7069514989852905,True
clip_3,102,4,1,0.6323937773704529,True
clip_3,102,10,1,0.608031153678894,True
clip_3,102,13,1,0.641524076461792,True
clip_3,102,6,2,0.9315361380577087,True
clip_3,102,7,2,0.8305324912071228,True
clip_3,103,3,2,0.887395441532135,True
clip_3,103,8,1,0.8622032999992371,True
clip_3,103,9,2,0.7106615304946899,True
clip_3,103,2,1,0.6695767045021057,True
clip_3,103,13,1,0.5549628734588623,True
clip_3,103,10,2,0.546396791934967,True
clip_3,103,4,1,0.6313117146492004,True
clip_3,103,6,2,0.9274535179138184,True
clip_3,103,7,2,0.8084724545478821,True
clip_3,104,3,2,0.904086172580719,True
clip_3,104,2,1,0.6676761507987976,True
clip_3,104,8,1,0.8802035450935364,True
clip_3,104,9,2,0.7202688455581665,True
clip_3,104,10,2,0.5814161896705627,True
clip_3,104,4,1,0.5720521211624146,True
clip_3,104,13,1,0.5136115550994873,True
clip_3,104,7,2,0.7426134347915649,True
clip_3,104,6,2,0.9086835980415344,True
clip_3,105,3,2,0.9197145700454712,True
clip_3,105,8,1,0.8566533923149109,True
clip_3,105,10,1,0.5052019357681274,True
clip_3,105,9,2,0.7186397910118103,True
clip_3,105,2,1,0.6971626877784729,True
clip_3,105,4,1,0.5924993753433228,True
clip_3,105,13,1,0.5484181642532349,True
clip_3,105,6,2,0.900220513343811,True
clip_3,105,7,2,0.6407393217086792,True
clip_3,106,3,2,0.9148341417312622,True
clip_3,106,2,1,0.7006998658180237,True
clip_3,106,10,1,0.5663068294525146,True
clip_3,106,9,2,0.7209531664848328,True
clip_3,106,13,1,0.5994932651519775,True
clip_3,106,4,1,0.7148545384407043,True
clip_3,106,8,1,0.8808920979499817,True
clip_3,106,6,2,0.7896113991737366,True
clip_3,106,7,2,0.8834405541419983,True
clip_3,107,2,1,0.6539933085441589,True
clip_3,107,3,2,0.9142856597900391,True
clip_3,107,4,1,0.5828691124916077,True
clip_3,107,13,2,0.5118169188499451,True
clip_3,107,10,1,0.6335607767105103,True
clip_3,107,8,1,0.8677513599395752,True
clip_3,107,9,2,0.7159944772720337,True
clip_3,107,7,2,0.8124314546585083,True
clip_3,107,6,2,0.858582079410553,True
clip_3,108,3,2,0.911895751953125,True
clip_3,108,2,1,0.6545193195343018,True
clip_3,108,13,2,0.616097629070282,True
clip_3,108,4,1,0.5568753480911255,True
clip_3,108,8,1,0.8870488405227661,True
clip_3,108,10,1,0.5629757642745972,True
clip_3,108,6,2,0.7413023710250854,True
clip_3,108,9,2,0.7069740891456604,True
clip_3,109,2,1,0.6574639081954956,True
clip_3,109,3,2,0.9125133752822876,True
clip_3,109,4,1,0.6217871308326721,True
clip_3,109,13,2,0.6725958585739136,True
clip_3,109,8,1,0.877936065196991,True
clip_3,109,10,2,0.5108993053436279,True
clip_3,109,7,2,0.6435238122940063,True
clip_3,109,9,2,0.7093098163604736,True
clip_3,110,3,2,0.8969208002090454,True
clip_3,110,2,1,0.6559222936630249,True
clip_3,110,13,2,0.6700876951217651,True
clip_3,110,8,1,0.8878346085548401,True
clip_3,110,4,1,0.7139871716499329,True
clip_3,110,10,2,0.5788043737411499,True
clip_3,110,7,1,0.6948901414871216,True
clip_3,110,9,2,0.7203592658042908,True
clip_3,111,2,1,0.6778860092163086,True
clip_3,111,3,2,0.8956874012947083,True
clip_3,111,4,1,0.827631950378418,True
clip_3,111,8,1,0.8954160213470459,True
clip_3,111,10,2,0.590117335319519,True
clip_3,111,13,2,0.7667965888977051,True
clip_3,111,7,1,0.7625330686569214,True
clip_3,111,9,2,0.7275406122207642,True
clip_3,111,6,1,0.7303277850151062,True
clip_3,112,3,2,0.8730400204658508,True
clip_3,112,2,1,0.7637344002723694,True
clip_3,112,4,1,0.885216474533081,True
clip_3,112,13,2,0.6514486074447632,True
clip_3,112,7,1,0.8251922130584717,True
clip_3,112,8,1,0.8941718935966492,True
clip_3,112,10,2,0.6561422944068909,True
clip_3,112,9,2,0.7260135412216187,True
clip_3,113,3,2,0.8468897342681885,True
clip_3,113,13,1,0.5721057057380676,True
clip_3,113,2,1,0.7120906114578247,True
clip_3,113,4,1,0.8145336508750916,True
clip_3,113,7,1,0.8352579474449158,True
clip_3,113,8,1,0.8835194110870361,True
clip_3,113,9,2,0.7151360511779785,True
clip_3,113,10,2,0.6432444453239441,True
clip_3,114,7,1,0.8501271605491638,True
clip_3,114,4,1,0.8301994800567627,True
clip_3,114,2,1,0.7002753019332886,True
clip_3,114,13,1,0.5922456979751587,True
clip_3,114,8,1,0.8852026462554932,True
clip_3,114,3,2,0.8176690936088562,True
clip_3,114,9,2,0.7144582271575928,True
clip_3,114,10,2,0.5429878234863281,True
clip_3,115,2,1,0.7021982669830322,True
clip_3,115,8,1,0.8506511449813843,True
clip_3,115,4,1,0.866393506526947,True
clip_3,115,3,2,0.809844970703125,True
clip_3,115,13,2,0.5109339356422424,True
clip_3,115,7,1,0.8313891887664795,True
clip_3,115,9,2,0.7330989241600037,True
clip_3,115,10,1,0.5479628443717957,True
clip_3,116,2,1,0.7075918912887573,True
clip_3,116,7,1,0.7501211762428284,True
clip_3,116,8,1,0.8436521291732788,True
clip_3,116,3,2,0.8077837228775024,True
clip_3,116,4,1,0.8642356395721436,True
clip_3,116,13,2,0.5341587066650391,True
clip_3,116,10,1,0.566630482673645,True
clip_3,117,2,1,0.7069413661956787,True
clip_3,117,7,1,0.7388635873794556,True
clip_3,117,13,2,0.5559207201004028,True
clip_3,117,8,1,0.8448737859725952,True
clip_3,117,3,2,0.8188547492027283,True
clip_3,117,4,1,0.7961012125015259,True
clip_3,117,10,1,0.5311765074729919,True
clip_3,118,13,2,0.6162152886390686,True
clip_3,118,2,1,0.6854414343833923,True
clip_3,118,7,1,0.5992223620414734,True
clip_3,118,4,1,0.7689815163612366,True
clip_3,118,8,1,0.8593169450759888,True
clip_3,118,3,2,0.8455936908721924,True
clip_3,118,10,1,0.560278058052063,True
clip_3,118,9,2,0.7313946485519409,True
clip_3,119,2,1,0.6915125250816345,True
clip_3,119,7,1,0.6315116882324219,True
clip_3,119,4,1,0.7399389147758484,True
clip_3,119,9,2,0.7491783499717712,True
clip_3,119,3,2,0.8637418746948242,True
clip_3,119,13,2,0.5835268497467041,True
clip_3,119,8,1,0.8160818219184875,True
clip_3,119,10,1,0.550660252571106,True
clip_3,120,2,1,0.7247861623764038,True
clip_3,120,8,1,0.7428081631660461,True
clip_3,120,7,1,0.7527225613594055,True
clip_3,120,4,1,0.7263829112052917,True
clip_3,120,13,1,0.553241491317749,True
clip_3,120,9,2,0.7480201721191406,True
clip_3,120,10,1,0.5321380496025085,True
clip_3,120,3,2,0.8979020118713379,True
clip_3,121,7,1,0.798809826374054,True
clip_3,121,2,1,0.720625102519989,True
clip_3,121,4,1,0.769752025604248,True
clip_3,121,3,2,0.8915022611618042,True
clip_3,121,8,1,0.7040273547172546,True
clip_3,121,13,1,0.5651121735572815,True
clip_3,121,10,1,0.5099048614501953,True
clip_3,122,7,1,0.8115779161453247,True
clip_3,122,4,1,0.7582139372825623,True
clip_3,122,3,2,0.9028595089912415,True
clip_3,122,9,2,0.7241696119308472,True
clip_3,122,13,1,0.599149763584137,True
clip_3,122,8,1,0.6639391183853149,True
clip_3,122,2,1,0.699594259262085,True
clip_3,122,10,1,0.5221344828605652,True
clip_3,123,7,1,0.8402808308601379,True
clip_3,123,8,1,0.637047290802002,True
clip_3,123,4,1,0.719001054763794,True
clip_3,123,13,1,0.5448936820030212,True
clip_3,123,3,2,0.9121266007423401,True
clip_3,123,2,1,0.7128528356552124,True
clip_3,123,10,1,0.694878101348877,True
clip_3,123,9,2,0.7260653972625732,True
clip_3,124,4,1,0.7017253637313843,True
clip_3,124,10,1,0.5863175988197327,True
clip_3,124,3,2,0.9234877824783325,True
clip_3,124,7,1,0.8373116254806519,True
clip_3,124,8,1,0.6713709831237793,True
clip_3,124,2,1,0.7374591827392578,True
clip_3,124,13,2,0.5127140879631042,True
clip_3,124,9,2,0.7538403868675232,True
clip_3,125,10,1,0.5155393481254578,True
clip_3,125,7,1,0.8366957902908325,True
clip_3,125,13,2,0.6806723475456238,True
clip_3,125,8,1,0.7300513386726379,True
clip_3,125,9,2,0.7274829149246216,True
clip_3,125,3,2,0.9280388355255127,True
clip_3,125,4,1,0.7094992399215698,True
clip_3,125,2,1,0.762696385383606,True
clip_3,126,9,2,0.7318009734153748,True
clip_3,126,7,1,0.8394887447357178,True
clip_3,126,4,1,0.7504072189331055,True
clip_3,126,8,1,0.7735146880149841,True
clip_3,126,3,2,0.9272474050521851,True
clip_3,126,13,2,0.7359254956245422,True
clip_3,126,2,1,0.711460292339325,True
clip_3,126,10,2,0.6373707056045532,True
clip_3,127,4,1,0.7577623724937439,True
clip_3,127,2,1,0.7432276606559753,True
clip_3,127,7,1,0.8259467482566833,True
clip_3,127,13,2,0.6931363940238953,True
clip_3,127,3,2,0.919642984867096,True
clip_3,127,8,1,0.730357825756073,True
clip_3,127,10,2,0.6205250024795532,True
clip_3,127,9,2,0.7173736095428467,True
clip_3,128,2,1,0.7658722400665283,True
clip_3,128,7,1,0.8213207721710205,True
clip_3,128,4,1,0.7500911355018616,True
clip_3,128,13,2,0.6188160181045532,True
clip_3,128,3,2,0.8800305724143982,True
clip_3,128,8,1,0.6988915801048279,True
clip_3,128,10,1,0.5542443990707397,True
clip_3,129,2,1,0.7583271861076355,True
clip_3,129,4,1,0.7258490920066833,True
clip_3,129,7,1,0.802419126033783,True
clip_3,129,3,2,0.8738405704498291,True
clip_3,129,13,2,0.567173957824707,True
clip_3,129,9,2,0.7777425646781921,True
clip_3,129,8,1,0.7355681657791138,True
clip_3,130,2,1,0.7473306059837341,True
clip_3,130,7,1,0.8000016212463379,True
clip_3,130,9,2,0.7672284245491028,True
clip_3,130,4,1,0.7816201448440552,True
clip_3,130,13,2,0.5233086347579956,True
clip_3,130,3,2,0.8038263320922852,True
clip_3,130,14,1,0.7522464990615845,True
clip_3,130,8,1,0.6021395921707153,True
clip_3,131,2,1,0.7529628276824951,True
clip_3,131,7,1,0.8087934851646423,True
clip_3,131,8,2,0.5618821978569031,True
clip_3,131,14,1,0.8486149311065674,True
clip_3,131,4,1,0.8438789248466492,True
clip_3,131,13,1,0.5508476495742798,True
clip_3,132,2,1,0.7134016156196594,True
clip_3,132,4,1,0.754357635974884,True
clip_3,132,7,1,0.7968887090682983,True
clip_3,132,8,2,0.6680989861488342,True
clip_3,132,13,2,0.5265032052993774,True
clip_3,132,14,1,0.8197725415229797,True
clip_3,133,4,1,0.7521778345108032,True
clip_3,133,7,1,0.7768661975860596,True
clip_3,133,2,1,0.6947609186172485,True
clip_3,133,13,1,0.500266432762146,True
clip_3,133,9,2,0.7593311071395874,True
clip_3,133,14,1,0.7669088244438171,True
clip_3,134,4,1,0.8732283115386963,True
clip_3,134,7,1,0.7923713326454163,True
clip_3,134,13,2,0.5944867134094238,True
clip_3,134,2,1,0.7170843482017517,True
clip_3,134,14,1,0.6002699136734009,True
clip_3,135,4,1,0.9315249919891357,True
clip_3,135,7,1,0.7971815466880798,True
clip_3,135,2,1,0.7185037136077881,True
clip_3,135,9,2,0.7440803050994873,True
clip_3,135,14,2,0.5655161142349243,True
clip_3,135,13,2,0.7871405482292175,True
clip_3,136,7,1,0.7930395603179932,True
clip_3,136,4,1,0.9357118606567383,True
clip_3,136,2,1,0.6948202848434448,True
clip_3,136,14,1,0.5954045653343201,True
clip_3,136,13,2,0.8343380093574524,True
clip_3,136,9,2,0.7604754567146301,True
clip_3,137,7,1,0.7983874082565308,True
clip_3,137,2,1,0.6868062019348145,True
clip_3,137,4,1,0.9159460067749023,True
clip_3,137,13,2,0.7565448880195618,True
clip_3,137,9,2,0.7839643955230713,True
clip_3,137,14,1,0.6176915168762207,True
clip_3,138,7,1,0.8016022443771362,True
clip_3,138,4,1,0.7991814017295837,True
clip_3,138,13,1,0.5108644366264343,True
clip_3,138,2,1,0.6947727203369141,True
clip_3,138,9,2,0.7988321781158447,True
clip_3,138,14,1,0.6591891050338745,True
clip_3,138,16,2,0.5275090336799622,True
clip_3,139,4,1,0.8119730949401855,True
clip_3,139,7,1,0.8155588507652283,True
clip_3,139,9,2,0.8219330310821533,True
clip_3,139,2,1,0.7023645043373108,True
clip_3,139,13,1,0.615706205368042,True
clip_3,139,14,1,0.8213156461715698,True
clip_3,139,17,1,0.7586368322372437,True
clip_3,140,4,1,0.7644193768501282,True
clip_3,140,7,1,0.8079891204833984,True
clip_3,140,2,1,0.6743849515914917,True
clip_3,140,13,1,0.6137580871582031,True
clip_3,140,9,2,0.7826722264289856,True
clip_3,140,17,1,0.8415535092353821,True
clip_3,140,14,1,0.7066072225570679,True
clip_3,141,7,1,0.8087761998176575,True
clip_3,141,4,1,0.7301948666572571,True
clip_3,141,2,1,0.6641474962234497,True
clip_3,141,13,1,0.5387596487998962,True
clip_3,141,14,1,0.8119150996208191,True
clip_3,141,9,2,0.7773159742355347,True
clip_3,141,17,1,0.7884228825569153,True
clip_3,142,2,1,0.6590012907981873,True
clip_3,142,7,1,0.7893329858779907,True
clip_3,142,4,1,0.7178346514701843,True
clip_3,142,13,1,0.5520050525665283,True
clip_3,142,17,1,0.834855854511261,True
clip_3,142,9,2,0.8717098236083984,True
clip_3,143,2,1,0.6582111716270447,True
clip_3,143,4,1,0.7135070562362671,True
clip_3,143,15,1,0.7018765807151794,True
clip_3,143,7,1,0.7629013657569885,True
clip_3,143,13,1,0.528923749923706,True
clip_3,143,14,1,0.77599036693573,True
clip_3,143,9,2,0.8005630373954773,True
clip_3,144,2,1,0.662672221660614,True
clip_3,144,4,1,0.7182996273040771,True
clip_3,144,15,1,0.7191691398620605,True
clip_3,144,7,1,0.7597593069076538,True
clip_3,144,9,2,0.8462738394737244,True
clip_3,144,14,1,0.6088204979896545,True
clip_3,144,13,1,0.6604411602020264,True
clip_3,145,2,1,0.6674138307571411,True
clip_3,145,7,1,0.7609586715698242,True
clip_3,145,9,2,0.8023179769515991,True
clip_3,145,4,1,0.74152010679245,True
clip_3,145,15,1,0.7734264731407166,True
clip_3,145,14,1,0.5727257132530212,True
clip_3,145,13,1,0.6935288310050964,True
clip_3,146,2,1,0.6685768961906433,True
clip_3,146,7,1,0.7909532189369202,True
clip_3,146,9,2,0.835026204586029,True
clip_3,146,4,1,0.7679767608642578,True
clip_3,146,15,1,0.7251027822494507,True
clip_3,146,13,1,0.7494727969169617,True
clip_3,146,14,1,0.5981011390686035,True
clip_3,147,15,1,0.6940168738365173,True
clip_3,147,2,1,0.6862942576408386,True
clip_3,147,9,2,0.9046598076820374,True
clip_3,147,7,1,0.806206464767456,True
clip_3,147,4,1,0.7659019827842712,True
clip_3,147,14,1,0.7701144814491272,True
clip_3,147,13,1,0.6890584230422974,True
clip_3,148,15,1,0.698813259601593,True
clip_3,148,2,1,0.6763178706169128,True
clip_3,148,7,1,0.8169055581092834,True
clip_3,148,14,1,0.8253781795501709,True
clip_3,148,4,1,0.7660788893699646,True
clip_3,148,13,1,0.7506158947944641,True
clip_3,148,9,2,0.9601893424987793,True
clip_3,149,7,1,0.8250209093093872,True
clip_3,149,2,1,0.6739006042480469,True
clip_3,149,15,1,0.6800904870033264,True
clip_3,149,14,1,0.8034622669219971,True
clip_3,149,4,1,0.8030800223350525,True
clip_3,149,13,1,0.7317078709602356,True
clip_3,149,9,2,0.9589994549751282,True
clip_3,150,2,1,0.6756105422973633,True
clip_3,150,7,1,0.814236044883728,True
clip_3,150,15,1,0.67373126745224,True
clip_3,150,4,1,0.7686780691146851,True
clip_3,150,14,1,0.7935674786567688,True
clip_3,150,13,1,0.7022011280059814,True
clip_3,150,9,2,0.8060293793678284,True
clip_3,151,4,1,0.779874324798584,True
clip_3,151,7,1,0.8151096105575562,True
clip_3,151,2,1,0.674309253692627,True
clip_3,151,9,2,0.8410524725914001,True
clip_3,151,13,1,0.6596022248268127,True
clip_3,151,14,1,0.7435734272003174,True
clip_3,151,15,1,0.6635432243347168,True
clip_3,152,2,1,0.660926103591919,True
clip_3,152,4,1,0.7694879770278931,True
clip_3,152,14,1,0.6155848503112793,True
clip_3,152,7,1,0.8203006386756897,True
clip_3,152,9,2,0.8414753079414368,True
clip_3,152,13,1,0.7752267122268677,True
clip_3,152,15,1,0.6702682375907898,True
clip_3,153,7,1,0.8246929049491882,True
clip_3,153,4,1,0.7997984886169434,True
clip_3,153,2,1,0.6621607542037964,True
clip_3,153,14,1,0.5553710460662842,True
clip_3,153,13,1,0.7486022114753723,True
clip_3,153,9,2,0.8267752528190613,True
clip_3,153,15,1,0.6780396103858948,True
clip_3,154,7,1,0.7929680347442627,True
clip_3,154,2,1,0.6861348748207092,True
clip_3,154,14,1,0.692714512348175,True
clip_3,154,9,2,0.8900044560432434,True
clip_3,154,13,1,0.6852678656578064,True
clip_3,154,4,1,0.8563395142555237,True
clip_3,155,7,1,0.7876244187355042,True
clip_3,155,14,1,0.7448009252548218,True
clip_3,155,2,1,0.6648532152175903,True
clip_3,155,9,2,0.9314501881599426,True
clip_3,155,4,1,0.840103268623352,True
clip_3,155,13,1,0.7446673512458801,True
clip_3,156,7,1,0.7878986597061157,True
clip_3,156,2,1,0.6707187294960022,True
clip_3,156,14,1,0.7615855932235718,True
clip_3,156,9,2,0.8617365956306458,True
clip_3,156,15,1,0.7045742273330688,True
clip_3,156,13,1,0.8447459936141968,True
clip_3,156,4,1,0.8681881427764893,True
clip_3,157,7,1,0.8005410432815552,True
clip_3,157,14,1,0.7632672786712646,True
clip_3,157,2,1,0.6743674874305725,True
clip_3,157,9,2,0.646206796169281,True
clip_3,157,13,1,0.8254457116127014,True
clip_3,157,15,1,0.7147478461265564,True
clip_3,157,4,1,0.9340489506721497,True
clip_3,158,14,1,0.7402864098548889,True
clip_3,158,7,1,0.8010877370834351,True
clip_3,158,2,1,0.6734724044799805,True
clip_3,158,4,1,0.9198933243751526,True
clip_3,158,13,1,0.7450512647628784,True
clip_3,158,9,2,0.7167142033576965,True
clip_3,158,15,1,0.7355028390884399,True
clip_3,159,2,1,0.6734418272972107,True
clip_3,159,14,1,0.7740635275840759,True
clip_3,159,7,1,0.8188464641571045,True
clip_3,159,13,1,0.7033300995826721,True
clip_3,159,4,1,0.8601251840591431,True
clip_3,159,9,2,0.7097508311271667,True
clip_3,159,15,1,0.7654285430908203,True
clip_3,160,2,1,0.6678529977798462,True
clip_3,160,13,1,0.7431922554969788,True
clip_3,160,14,1,0.7869251370429993,True
clip_3,160,4,1,0.8381445407867432,True
clip_3,160,7,1,0.830573320388794,True
clip_3,160,15,1,0.7169803380966187,True
clip_3,161,2,1,0.67317795753479,True
clip_3,161,14,1,0.7428880929946899,True
clip_3,161,4,1,0.8120753765106201,True
clip_3,161,13,1,0.7477633953094482,True
clip_3,161,7,1,0.8384193778038025,True
clip_3,162,2,1,0.6797288656234741,True
clip_3,162,14,1,0.7301775217056274,True
clip_3,162,7,1,0.8341097831726074,True
clip_3,162,4,1,0.7900218963623047,True
clip_3,162,13,1,0.7563457489013672,True
clip_3,162,15,1,0.7462069988250732,True
clip_3,163,2,1,0.6817188858985901,True
clip_3,163,14,1,0.6745074987411499,True
clip_3,163,7,1,0.8172710537910461,True
clip_3,163,9,2,0.7731752395629883,True
clip_3,163,4,1,0.7914472818374634,True
clip_3,163,15,1,0.7917060256004333,True
clip_3,163,13,1,0.7813472151756287,True
clip_3,164,2,1,0.6799048781394958,True
clip_3,164,7,1,0.8309677839279175,True
clip_3,164,14,1,0.6006618738174438,True
clip_3,164,4,1,0.8646792769432068,True
clip_3,164,15,1,0.8532642722129822,True
clip_3,164,13,1,0.7686676979064941,True
clip_3,164,9,2,0.7916420102119446,True
clip_3,165,2,1,0.6692941188812256,True
clip_3,165,7,1,0.8310909867286682,True
clip_3,165,15,1,0.8661870956420898,True
clip_3,165,4,1,0.8404282331466675,True
clip_3,165,13,1,0.7375014424324036,True
clip_3,165,14,1,0.6118138432502747,True
clip_3,166,2,1,0.6670482754707336,True
clip_3,166,4,1,0.7965772747993469,True
clip_3,166,7,1,0.8408387899398804,True
clip_3,166,15,1,0.8710349202156067,True
clip_3,166,14,1,0.6805776953697205,True
clip_3,166,13,1,0.6474498510360718,True
clip_3,167,4,1,0.7922648787498474,True
clip_3,167,2,1,0.6658107042312622,True
clip_3,167,7,1,0.8215765357017517,True
clip_3,167,15,1,0.8772509694099426,True
clip_3,167,14,1,0.8089526891708374,True
clip_3,167,13,1,0.6929288506507874,True
clip_3,168,4,1,0.7774940133094788,True
clip_3,168,2,1,0.6567062139511108,True
clip_3,168,7,1,0.8416797518730164,True
clip_3,168,14,1,0.8376663327217102,True
clip_3,168,13,1,0.5930566787719727,True
clip_3,168,15,1,0.8543053269386292,True
clip_3,169,4,1,0.7776088118553162,True
clip_3,169,2,1,0.6649726629257202,True
clip_3,169,7,1,0.849556565284729,True
clip_3,169,14,1,0.790431797504425,True
clip_3,169,15,1,0.8622931838035583,True
clip_3,169,13,1,0.5746206641197205,True
clip_3,170,4,1,0.7859009504318237,True
clip_3,170,15,1,0.8600412011146545,True
clip_3,170,2,1,0.6668460369110107,True
clip_3,170,7,1,0.8410587310791016,True
clip_3,170,14,1,0.8226706385612488,True
clip_3,170,13,1,0.5363309979438782,True
clip_3,171,2,1,0.6631794571876526,True
clip_3,171,7,1,0.8802783489227295,True
clip_3,171,14,2,0.6261389851570129,True
clip_3,171,4,1,0.7991330623626709,True
clip_3,171,15,1,0.8462721109390259,True
clip_3,171,13,1,0.6298688650131226,True
clip_3,172,2,1,0.662935733795166,True
clip_3,172,7,1,0.8334560990333557,True
clip_3,172,4,1,0.8104953765869141,True
clip_3,172,15,1,0.8293653130531311,True
clip_3,172,14,2,0.8566919565200806,True
clip_3,172,13,1,0.6169738173484802,True
clip_3,173,2,1,0.6614237427711487,True
clip_3,173,13,1,0.743794858455658,True
clip_3,173,14,2,0.8950999975204468,True
clip_3,173,7,1,0.8772267699241638,True
clip_3,173,15,1,0.8002011775970459,True
clip_3,173,4,1,0.8096968531608582,True
clip_3,174,7,1,0.8566926121711731,True
clip_3,174,4,1,0.7732469439506531,True
clip_3,174,14,2,0.9232802987098694,True
clip_3,174,2,1,0.6638122200965881,True
clip_3,174,15,1,0.7844376564025879,True
clip_3,174,13,1,0.6063389182090759,True
clip_3,175,7,1,0.8955190181732178,True
clip_3,175,4,1,0.7453854084014893,True
clip_3,175,2,1,0.6679322719573975,True
clip_3,175,15,1,0.8745898008346558,True
clip_3,175,14,2,0.782286524772644,True
clip_3,175,13,2,0.5291550755500793,True
clip_3,176,4,1,0.7359302639961243,True
clip_3,176,14,2,0.7200468182563782,True
clip_3,176,7,1,0.8787850737571716,True
clip_3,176,2,1,0.6758524775505066,True
clip_3,176,15,1,0.8544046878814697,True
clip_3,176,13,2,0.5954392552375793,True
clip_3,177,4,1,0.7403628826141357,True
clip_3,177,15,1,0.8689577579498291,True
clip_3,177,13,2,0.6453018188476562,True
clip_3,177,2,1,0.7185813188552856,True
clip_3,177,14,2,0.7404895424842834,True
clip_3,177,7,1,0.8789176940917969,True
clip_3,178,15,1,0.8806777596473694,True
clip_3,178,4,1,0.7787128686904907,True
clip_3,178,2,1,0.7720990777015686,True
clip_3,178,14,2,0.5994294285774231,True
clip_3,178,7,1,0.8738337159156799,True
clip_3,178,13,2,0.65616375207901,True
clip_3,179,15,1,0.8815954923629761,True
clip_3,179,7,1,0.8648198246955872,True
clip_3,179,2,1,0.8231741786003113,True
clip_3,179,4,1,0.7984833121299744,True
clip_3,179,14,2,0.5925785899162292,True
clip_3,179,13,2,0.5397258996963501,True
clip_3,180,15,1,0.8853809237480164,True
clip_3,180,2,1,0.8761401772499084,True
clip_3,180,14,2,0.5443615913391113,True
clip_3,180,7,1,0.8656051158905029,True
clip_3,180,4,1,0.7828595638275146,True
clip_3,180,13,1,0.5542617440223694,True
clip_3,181,15,1,0.8893982172012329,True
clip_3,181,2,1,0.8851858377456665,True
clip_3,181,7,1,0.7791360020637512,True
clip_3,181,14,2,0.5394865870475769,True
clip_3,181,4,1,0.8642942309379578,True
clip_3,181,13,1,0.6556461453437805,True
clip_3,182,15,1,0.8583818674087524,True
clip_3,182,2,1,0.8844205737113953,True
clip_3,182,7,1,0.8157618045806885,True
clip_3,182,4,1,0.9094324707984924,True
clip_3,182,14,2,0.5629706382751465,True
clip_3,182,13,2,0.5176842212677002,True
clip_3,183,15,1,0.8716272115707397,True
clip_3,183,2,1,0.8909185528755188,True
clip_3,183,4,1,0.8743814826011658,True
clip_3,183,14,2,0.5819568037986755,True
clip_3,183,7,1,0.8225734829902649,True
clip_3,183,13,2,0.5726850628852844,True
clip_3,184,2,1,0.9042275547981262,True
clip_3,184,14,2,0.6104564666748047,True
clip_3,184,15,1,0.8786147236824036,True
clip_3,184,4,1,0.829913318157196,True
clip_3,184,7,1,0.8288129568099976,True
clip_3,184,13,2,0.6070335507392883,True
clip_3,185,7,1,0.8290921449661255,True
clip_3,185,2,1,0.8938897252082825,True
clip_3,185,14,2,0.652739942073822,True
clip_3,185,4,1,0.8644920587539673,True
clip_3,185,15,1,0.89202481508255,True
clip_3,185,13,1,0.6822935342788696,True
clip_3,186,7,1,0.8098352551460266,True
clip_3,186,15,1,0.8680553436279297,True
clip_3,186,2,1,0.897189199924469,True
clip_3,186,14,2,0.7413115501403809,True
clip_3,186,4,1,0.8847745656967163,True
clip_3,186,13,1,0.5476949214935303,True
clip_3,187,7,1,0.8068985939025879,True
clip_3,187,2,1,0.886459469795227,True
clip_3,187,14,2,0.8472603559494019,True
clip_3,187,4,1,0.9045013189315796,True
clip_3,187,15,1,0.8949806690216064,True
clip_3,187,13,1,0.6131958961486816,True
clip_3,188,2,1,0.8393463492393494,True
clip_3,188,7,1,0.7874431014060974,True
clip_3,188,14,2,0.9171237945556641,True
clip_3,188,15,1,0.8763130307197571,True
clip_3,188,4,1,0.8066167831420898,True
clip_3,188,13,2,0.5332657098770142,True
clip_3,189,7,1,0.8282839059829712,True
clip_3,189,15,1,0.8669930696487427,True
clip_3,189,2,1,0.8759230971336365,True
clip_3,189,14,2,0.9464296102523804,True
clip_3,189,13,1,0.5813513994216919,True
clip_3,189,4,1,0.7924454212188721,True
clip_3,190,7,1,0.8305069804191589,True
clip_3,190,15,1,0.8816701769828796,True
clip_3,190,2,1,0.8618919849395752,True
clip_3,190,14,2,0.9008625745773315,True
clip_3,190,4,1,0.8176497220993042,True
clip_3,190,13,1,0.6893776655197144,True
clip_3,191,7,1,0.8231804370880127,True
clip_3,191,15,1,0.8942632675170898,True
clip_3,191,2,1,0.8796796202659607,True
clip_3,191,14,2,0.7750644683837891,True
clip_3,191,4,1,0.777705729007721,True
clip_3,191,13,1,0.6803020238876343,True
clip_3,192,2,1,0.8796200752258301,True
clip_3,192,15,1,0.8882306218147278,True
clip_3,192,14,2,0.7371381521224976,True
clip_3,192,7,1,0.7738029360771179,True
clip_3,192,4,1,0.8275215029716492,True
clip_3,192,13,1,0.782026469707489,True
clip_3,193,15,1,0.8957531452178955,True
clip_3,193,7,1,0.8074535131454468,True
clip_3,193,2,1,0.8808351159095764,True
clip_3,193,14,2,0.679401159286499,True
clip_3,193,4,1,0.8568432331085205,True
clip_3,193,13,1,0.608841061592102,True
clip_3,194,15,1,0.8796727061271667,True
clip_3,194,7,1,0.8345126509666443,True
clip_3,194,2,1,0.7936846017837524,True
clip_3,194,14,2,0.6594350337982178,True
clip_3,194,4,1,0.7842399477958679,True
clip_3,194,13,2,0.5849413275718689,True
clip_3,195,15,1,0.8616887927055359,True
clip_3,195,7,1,0.8359880447387695,True
clip_3,195,2,1,0.8208036422729492,True
clip_3,195,14,2,0.6195830702781677,True
clip_3,195,4,1,0.9475412964820862,True
clip_3,195,13,1,0.5181090235710144,True
clip_3,196,2,1,0.871324360370636,True
clip_3,196,15,1,0.8622391223907471,True
clip_3,196,7,1,0.8084955811500549,True
clip_3,196,14,2,0.6454494595527649,True
clip_3,196,4,1,0.704510509967804,True
clip_3,196,13,2,0.6352609395980835,True
clip_3,197,15,1,0.8735235333442688,True
clip_3,197,7,1,0.8116061687469482,True
clip_3,197,2,1,0.8878239989280701,True
clip_3,197,14,2,0.6567949056625366,True
clip_3,197,4,1,0.6127485036849976,True
clip_3,197,13,1,0.516303539276123,True
clip_3,198,7,1,0.7922179102897644,True
clip_3,198,15,1,0.8971806764602661,True
clip_3,198,2,1,0.8908920884132385,True
clip_3,198,14,2,0.53862065076828,True
clip_3,198,4,1,0.717865526676178,True
clip_3,198,13,1,0.5005446076393127,True
clip_3,199,15,1,0.8955191373825073,True
clip_3,199,7,1,0.8063778877258301,True
clip_3,199,2,1,0.8871289491653442,True
clip_3,199,14,1,0.5508469939231873,True
clip_3,199,4,1,0.9610555768013,True
clip_3,199,13,2,0.6002979278564453,True
clip_3,200,15,1,0.8959855437278748,True
clip_3,200,14,1,0.6023284792900085,True
clip_3,200,7,1,0.8258873224258423,True
clip_3,200,2,1,0.8681104779243469,True
clip_3,200,13,2,0.5139918923377991,True
clip_3,200,4,1,0.8535717725753784,True
clip_3,201,15,1,0.8907505869865417,True
clip_3,201,7,1,0.8243032097816467,True
clip_3,201,2,1,0.8792147040367126,True
clip_3,201,14,1,0.7421479225158691,True
clip_3,201,4,1,0.7756426334381104,True
clip_3,201,13,2,0.5952527523040771,True
clip_3,202,15,1,0.8893851041793823,True
clip_3,202,7,1,0.8075931668281555,True
clip_3,202,2,1,0.886145830154419,True
clip_3,202,14,1,0.7672053575515747,True
clip_3,202,4,1,0.9402639865875244,True
clip_3,202,13,2,0.5169063806533813,True
clip_3,203,15,1,0.8851038813591003,True
clip_3,203,7,1,0.8032277226448059,True
clip_3,203,2,1,0.9025319814682007,True
clip_3,203,14,1,0.6978937387466431,True
clip_3,203,4,1,0.8243443965911865,True
clip_3,203,13,2,0.5056576728820801,True
clip_3,204,15,1,0.8594363331794739,True
clip_3,204,7,1,0.8006121516227722,True
clip_3,204,2,1,0.9102997183799744,True
clip_3,204,14,1,0.8902674913406372,True
clip_3,204,4,1,0.6663060784339905,True
clip_3,205,7,1,0.8220444917678833,True
clip_3,205,15,1,0.867486834526062,True
clip_3,205,2,1,0.8535003066062927,True
clip_3,205,4,1,0.6892498135566711,True
clip_3,205,14,1,0.8442793488502502,True
clip_3,206,7,1,0.8225519061088562,True
clip_3,206,4,1,0.661207914352417,True
clip_3,206,15,1,0.8566727638244629,True
clip_3,206,2,1,0.8830581903457642,True
clip_3,206,14,1,0.8495720028877258,True
clip_3,207,7,1,0.7996713519096375,True
clip_3,207,15,1,0.8692914247512817,True
clip_3,207,4,1,0.5293060541152954,True
clip_3,207,18,2,0.8600202202796936,True
clip_3,207,14,1,0.9128615856170654,True
clip_3,208,7,1,0.7744844555854797,True
clip_3,208,15,1,0.8903440833091736,True
clip_3,208,14,1,0.9010440111160278,True
clip_3,208,4,2,0.6672330498695374,True
clip_3,209,7,1,0.7650680541992188,True
clip_3,209,15,1,0.8997352123260498,True
clip_3,209,18,2,0.6683676242828369,True
clip_3,209,14,1,0.9171803593635559,True
clip_3,209,4,2,0.6913965940475464,True
clip_3,210,7,1,0.7742794156074524,True
clip_3,210,14,1,0.8237643837928772,True
clip_3,210,18,2,0.6342561841011047,True
clip_3,210,15,1,0.8461903929710388,True
clip_3,210,4,2,0.7488124966621399,True
clip_3,210,2,1,0.5771463513374329,True
clip_3,211,7,1,0.7772445678710938,True
clip_3,211,14,1,0.8230662941932678,True
clip_3,211,18,2,0.5645608901977539,True
clip_3,211,15,1,0.8285797238349915,True
clip_3,211,4,2,0.6595491170883179,True
clip_3,211,2,2,0.5696665644645691,True
clip_3,212,14,1,0.813762903213501,True
clip_3,212,7,1,0.7888128161430359,True
clip_3,212,15,1,0.5623459219932556,True
clip_3,212,18,2,0.5412984490394592,True
clip_3,212,2,1,0.5285391211509705,True
clip_3,212,4,2,0.7066144943237305,True
clip_3,213,7,1,0.7981012463569641,True
clip_3,213,14,1,0.7951321601867676,True
clip_3,213,18,1,0.5049803853034973,True
clip_3,213,15,2,0.5032072067260742,True
clip_3,213,4,2,0.7216764092445374,True
clip_3,213,2,1,0.5077207684516907,True
clip_3,214,7,1,0.8180102705955505,True
clip_3,214,14,1,0.7658078074455261,True
clip_3,214,4,2,0.7263457179069519,True
clip_3,214,15,1,0.5768449902534485,True
clip_3,215,7,1,0.8326315879821777,True
clip_3,215,14,1,0.7084552049636841,True
clip_3,215,4,2,0.8062998652458191,True
clip_3,215,15,1,0.8205540180206299,True
clip_3,216,18,1,0.8711413145065308,True
clip_3,216,7,1,0.6513827443122864,True
clip_3,216,14,1,0.6939062476158142,True
clip_3,216,4,1,0.7694135308265686,True
clip_3,216,15,1,0.6756454706192017,True
clip_3,217,18,2,0.7430689334869385,True
clip_3,217,7,1,0.8609084486961365,True
clip_3,217,14,1,0.6814064383506775,True
clip_3,217,4,2,0.622992217540741,True
clip_3,217,15,2,0.6589699387550354,True
clip_3,218,7,1,0.8613209128379822,True
clip_3,218,18,2,0.7280359864234924,True
clip_3,218,15,2,0.6728395223617554,True
clip_3,218,4,2,0.6817942261695862,True
clip_3,218,14,1,0.6956629157066345,True
clip_3,219,7,1,0.8727753758430481,True
clip_3,219,14,1,0.7209100127220154,True
clip_3,219,18,2,0.7419175505638123,True
clip_3,219,15,2,0.587559700012207,True
clip_3,219,13,1,0.5786890387535095,True
clip_3,219,4,2,0.7138007879257202,True
clip_3,220,7,1,0.8562483787536621,True
clip_3,220,14,1,0.6681380271911621,True
clip_3,220,15,2,0.5588430762290955,True
clip_3,220,18,2,0.8732526302337646,True
clip_3,220,4,1,0.5055226683616638,True
clip_3,220,13,1,0.862907886505127,True
clip_3,221,7,1,0.8793185949325562,True
clip_3,221,15,1,0.705080509185791,True
clip_3,221,14,1,0.7137247920036316,True
clip_3,221,18,2,0.6394723057746887,True
clip_3,221,4,1,0.6441028714179993,True
clip_3,221,13,1,0.8458301424980164,True
clip_3,222,14,1,0.7204650044441223,True
clip_3,222,18,2,0.707973301410675,True
clip_3,222,15,1,0.8149747252464294,True
clip_3,222,7,1,0.8257833123207092,True
clip_3,222,4,1,0.7803544402122498,True
clip_3,222,13,1,0.9396036863327026,True
clip_3,223,18,2,0.566635012626648,True
clip_3,223,14,1,0.6711980700492859,True
clip_3,223,15,1,0.858546257019043,True
clip_3,223,7,1,0.704481840133667,True
clip_3,223,4,1,0.7091071605682373,True
clip_3,223,13,1,0.9001460075378418,True
clip_3,224,18,2,0.5428457260131836,True
clip_3,224,14,1,0.6755096912384033,True
clip_3,224,15,1,0.8526000380516052,True
clip_3,224,4,1,0.6681286096572876,True
clip_3,224,13,1,0.8030840754508972,True
clip_3,224,7,1,0.704666793346405,True
clip_3,225,18,1,0.5190545320510864,True
clip_3,225,7,1,0.6460102796554565,True
clip_3,225,15,1,0.8462989330291748,True
clip_3,225,14,1,0.6560447812080383,True
clip_3,225,4,1,0.5594555735588074,True
clip_3,225,13,1,0.6419457197189331,True
clip_3,226,7,1,0.5530096292495728,True
clip_3,226,18,1,0.5773999691009521,True
clip_3,226,15,1,0.8563275337219238,True
clip_3,226,14,1,0.6091251373291016,True
clip_3,226,13,2,0.5146166682243347,True
clip_3,226,4,2,0.5831034183502197,True
clip_3,227,15,1,0.8572147488594055,True
clip_3,227,18,1,0.6379743814468384,True
clip_3,227,7,2,0.5002548098564148,True
clip_3,227,19,1,0.7534252405166626,True
clip_3,227,14,1,0.6687788367271423,True
clip_3,227,13,2,0.5947270393371582,True
clip_3,227,4,1,0.8196839094161987,True
clip_3,228,18,1,0.6358659267425537,True
clip_3,228,15,1,0.8522329926490784,True
clip_3,228,7,1,0.5419883131980896,True
clip_3,228,19,1,0.6126241087913513,True
clip_3,228,14,1,0.6478216648101807,True
clip_3,228,4,1,0.8112626075744629,True
clip_3,228,13,2,0.51319819688797,True
clip_3,229,15,1,0.8515525460243225,True
clip_3,229,7,2,0.5507696866989136,True
clip_3,229,18,1,0.6138725876808167,True
clip_3,229,19,1,0.5697380304336548,True
clip_3,229,4,2,0.6031462550163269,True
clip_3,229,13,2,0.5948909521102905,True
clip_3,229,14,1,0.5929531455039978,True
clip_3,230,18,1,0.5185264348983765,True
clip_3,230,15,1,0.8483215570449829,True
clip_3,230,7,1,0.604526162147522,True
clip_3,230,13,2,0.6099910140037537,True
clip_3,230,14,2,0.5252414345741272,True
clip_3,230,4,2,0.5730462074279785,True
clip_3,231,15,1,0.8445343971252441,True
clip_3,231,18,2,0.6435918807983398,True
clip_3,231,7,1,0.7080987095832825,True
clip_3,231,13,2,0.9046192169189453,True
clip_3,231,14,1,0.7671076059341431,True
clip_3,231,4,1,0.6208532452583313,True
clip_3,232,15,1,0.8501309752464294,True
clip_3,232,7,1,0.7652839422225952,True
clip_3,232,18,2,0.6147045493125916,True
clip_3,232,14,1,0.8454898595809937,True
clip_3,232,13,2,0.897066593170166,True
clip_3,232,4,1,0.6960462927818298,True
clip_3,233,15,1,0.8513104915618896,True
clip_3,233,7,1,0.7289516925811768,True
clip_3,233,18,2,0.6967150568962097,True
clip_3,233,13,2,0.7991190552711487,True
clip_3,233,14,1,0.8160201907157898,True
clip_3,233,4,1,0.7492762804031372,True
clip_3,234,18,2,0.5749034285545349,True
clip_3,234,15,1,0.85089510679245,True
clip_3,234,7,1,0.7089648842811584,True
clip_3,234,19,1,0.7546834945678711,True
clip_3,234,13,2,0.8125896453857422,True
clip_3,234,14,1,0.8361002206802368,True
clip_3,234,4,1,0.7874430418014526,True
clip_3,235,7,1,0.5954841375350952,True
clip_3,235,15,1,0.8529059886932373,True
clip_3,235,18,2,0.5295966863632202,True
clip_3,235,19,1,0.7500559091567993,True
clip_3,235,13,2,0.8846752047538757,True
clip_3,235,14,1,0.8119516968727112,True
clip_3,235,4,1,0.7989049553871155,True
clip_3,236,18,2,0.5233228206634521,True
clip_3,236,15,1,0.845593273639679,True
clip_3,236,7,2,0.5377691388130188,True
clip_3,236,19,1,0.7229852676391602,True
clip_3,236,14,1,0.817782998085022,True
clip_3,236,13,2,0.8687439560890198,True
clip_3,236,4,1,0.8171606063842773,True
clip_3,237,15,1,0.8435530066490173,True
clip_3,237,18,1,0.5383116602897644,True
clip_3,237,7,2,0.6316681504249573,True
clip_3,237,14,1,0.8377576470375061,True
clip_3,237,19,1,0.6886398792266846,True
clip_3,237,4,1,0.8221254944801331,True
clip_3,237,13,2,0.8671184778213501,True
clip_3,238,15,1,0.8432358503341675,True
clip_3,238,7,2,0.7314180135726929,True
clip_3,238,18,1,0.6300035119056702,True
clip_3,238,14,1,0.838293731212616,True
clip_3,238,19,1,0.6682242751121521,True
clip_3,238,4,1,0.8170408010482788,True
clip_3,238,13,2,0.8631622195243835,True
clip_3,239,15,1,0.8462106585502625,True
clip_3,239,18,1,0.5245999097824097,True
clip_3,239,7,2,0.7475556135177612,True
clip_3,239,14,1,0.8375387787818909,True
clip_3,239,19,1,0.6235230565071106,True
clip_3,239,4,1,0.8076140284538269,True
clip_3,239,13,2,0.8379787802696228,True
clip_3,240,15,1,0.8457591533660889,True
clip_3,240,18,2,0.5002056956291199,True
clip_3,240,19,1,0.6123272180557251,True
clip_3,240,14,1,0.828151524066925,True
clip_3,240,7,2,0.6385636925697327,True
clip_3,240,4,1,0.8176030516624451,True
clip_3,240,13,2,0.8576091527938843,True
clip_3,241,15,1,0.8458225727081299,True
clip_3,241,14,1,0.8337723612785339,True
clip_3,241,18,2,0.625278115272522,True
clip_3,241,4,1,0.8212684988975525,True
clip_3,241,19,1,0.5549659132957458,True
clip_3,241,7,2,0.562676727771759,True
clip_3,241,13,2,0.8850773572921753,True
clip_3,242,15,1,0.8445184230804443,True
clip_3,242,14,1,0.8266346454620361,True
clip_3,242,19,1,0.6750110387802124,True
clip_3,242,4,1,0.8475088477134705,True
clip_3,242,7,2,0.5137209892272949,True
clip_3,242,18,2,0.6120461225509644,True
clip_3,242,13,2,0.7897937893867493,True
