method,variant,crop_fraction,policy,held_out,threshold,train_eff_acc,test_eff_acc,test_acc,n_decided,abstain_pct
fashionclip,A_generic,0.5,none,clip_1,0.5053,0.9501,0.7591,0.7591,137,0.0
fashionclip,A_generic,0.5,none,clip_2,0.5093,0.9322,0.9172,0.9172,314,0.0
fashionclip,A_generic,0.5,none,clip_3,0.5069,0.8692,0.9639,0.9639,748,0.0
fashionclip,A_generic,0.5,memoise_reset,clip_1,0.5053,0.8889,0.8686,0.8686,137,0.0
fashionclip,A_generic,0.5,memoise_reset,clip_2,0.5093,0.8655,0.9459,0.9459,314,0.0
fashionclip,A_generic,0.5,memoise_reset,clip_3,0.5069,0.9224,0.865,0.865,748,0.0
fashionclip,A_generic,0.5,track_majority,clip_1,0.5053,0.9284,0.6569,0.6569,137,0.0
fashionclip,A_generic,0.5,track_majority,clip_2,0.5093,0.8621,0.9968,0.9968,314,0.0
fashionclip,A_generic,0.5,track_majority,clip_3,0.5069,0.8936,0.8997,0.8997,748,0.0
fashionclip,A_generic,0.5,window_weighted,clip_1,0.5053,0.9708,0.7299,0.7299,137,0.0
fashionclip,A_generic,0.5,window_weighted,clip_2,0.5093,0.9379,0.9586,0.9586,314,0.0
fashionclip,A_generic,0.5,window_weighted,clip_3,0.5069,0.8891,0.9759,0.9759,748,0.0
fashionclip,B_domain,0.5,none,clip_1,0.5036,0.9529,0.7591,0.7591,137,0.0
fashionclip,B_domain,0.5,none,clip_2,0.5031,0.9401,0.9045,0.9045,314,0.0
fashionclip,B_domain,0.5,none,clip_3,0.5033,0.8603,0.9733,0.9746,747,0.1
fashionclip,B_domain,0.5,memoise_reset,clip_1,0.5036,0.904,0.8686,0.8686,137,0.0
fashionclip,B_domain,0.5,memoise_reset,clip_2,0.5031,0.8881,0.9331,0.9331,314,0.0
fashionclip,B_domain,0.5,memoise_reset,clip_3,0.5033,0.9135,0.8917,0.8929,747,0.1
fashionclip,B_domain,0.5,track_majority,clip_1,0.5036,0.9275,0.8029,0.8029,137,0.0
fashionclip,B_domain,0.5,track_majority,clip_2,0.5031,0.8836,0.9968,0.9968,314,0.0
fashionclip,B_domain,0.5,track_majority,clip_3,0.5033,0.9379,0.8984,0.8996,747,0.1
fashionclip,B_domain,0.5,window_weighted,clip_1,0.5036,0.9746,0.7372,0.7372,137,0.0
fashionclip,B_domain,0.5,window_weighted,clip_2,0.5031,0.9424,0.9618,0.9618,314,0.0
fashionclip,B_domain,0.5,window_weighted,clip_3,0.5033,0.8936,0.9799,0.9813,747,0.1
fashionclip,C_nba,0.5,none,clip_1,0.5087,0.9576,0.8029,0.8088,136,0.7
fashionclip,C_nba,0.5,none,clip_2,0.5059,0.9492,0.914,0.914,314,0.0
fashionclip,C_nba,0.5,none,clip_3,0.5064,0.8803,0.9759,0.9772,747,0.1
fashionclip,C_nba,0.5,memoise_reset,clip_1,0.5087,0.903,0.8686,0.875,136,0.7
fashionclip,C_nba,0.5,memoise_reset,clip_2,0.5059,0.8881,0.9331,0.9331,314,0.0
fashionclip,C_nba,0.5,memoise_reset,clip_3,0.5064,0.9135,0.8917,0.8929,747,0.1
fashionclip,C_nba,0.5,track_majority,clip_1,0.5087,0.9275,0.7956,0.8015,136,0.7
fashionclip,C_nba,0.5,track_majority,clip_2,0.5059,0.8825,0.9968,0.9968,314,0.0
fashionclip,C_nba,0.5,track_majority,clip_3,0.5064,0.9357,0.8984,0.8996,747,0.1
fashionclip,C_nba,0.5,window_weighted,clip_1,0.5087,0.9736,0.7737,0.7794,136,0.7
fashionclip,C_nba,0.5,window_weighted,clip_2,0.5059,0.9469,0.965,0.965,314,0.0
fashionclip,C_nba,0.5,window_weighted,clip_3,0.5064,0.9069,0.9786,0.9799,747,0.1
kmeans,,0.5,none,clip_1,0.5014,0.7269,0.5401,0.5401,137,0.0
kmeans,,0.5,none,clip_2,0.5014,0.6927,0.742,0.7444,313,0.3
kmeans,,0.5,none,clip_3,0.5012,0.6807,0.7206,0.7216,747,0.1
kmeans,,0.5,memoise_reset,clip_1,0.5014,0.7411,0.5839,0.5839,137,0.0
kmeans,,0.5,memoise_reset,clip_2,0.5014,0.722,0.7261,0.7284,313,0.3
kmeans,,0.5,memoise_reset,clip_3,0.5012,0.6829,0.7473,0.7483,747,0.1
kmeans,,0.5,track_majority,clip_1,0.5014,0.7693,0.5985,0.5985,137,0.0
kmeans,,0.5,track_majority,clip_2,0.5014,0.7661,0.7038,0.7061,313,0.3
kmeans,,0.5,track_majority,clip_3,0.5012,0.6718,0.7968,0.7979,747,0.1
kmeans,,0.5,window_weighted,clip_1,0.5014,0.7203,0.5401,0.5401,137,0.0
kmeans,,0.5,window_weighted,clip_2,0.5014,0.6893,0.7293,0.7316,313,0.3
kmeans,,0.5,window_weighted,clip_3,0.5012,0.6718,0.7166,0.7175,747,0.1
embedding,,0.5,none,clip_1,0.5006,0.5358,0.562,0.562,137,0.0
embedding,,0.5,none,clip_2,0.5006,0.5458,0.5191,0.5191,314,0.0
embedding,,0.5,none,clip_3,0.5011,0.5322,0.5401,0.5416,746,0.3
embedding,,0.5,memoise_reset,clip_1,0.5006,0.5348,0.6715,0.6715,137,0.0
embedding,,0.5,memoise_reset,clip_2,0.5006,0.5458,0.5637,0.5637,314,0.0
embedding,,0.5,memoise_reset,clip_3,0.5011,0.5965,0.5214,0.5228,746,0.3
embedding,,0.5,track_majority,clip_1,0.5006,0.6026,0.7226,0.7226,137,0.0
embedding,,0.5,track_majority,clip_2,0.5006,0.6237,0.5955,0.5955,314,0.0
embedding,,0.5,track_majority,clip_3,0.5011,0.6341,0.6029,0.6046,746,0.3
embedding,,0.5,window_weighted,clip_1,0.5006,0.5574,0.5401,0.5401,137,0.0
embedding,,0.5,window_weighted,clip_2,0.5006,0.5571,0.551,0.551,314,0.0
embedding,,0.5,window_weighted,clip_3,0.5011,0.5477,0.5575,0.559,746,0.3
fashionclip,A_generic,0.667,none,clip_1,0.5069,0.9605,0.7591,0.7591,137,0.0
fashionclip,A_generic,0.667,none,clip_2,0.5074,0.9367,0.9395,0.9395,314,0.0
fashionclip,A_generic,0.667,none,clip_3,0.5047,0.8847,0.9693,0.9693,748,0.0
fashionclip,A_generic,0.667,memoise_reset,clip_1,0.5069,0.8992,0.8686,0.8686,137,0.0
fashionclip,A_generic,0.667,memoise_reset,clip_2,0.5074,0.8768,0.949,0.949,314,0.0
fashionclip,A_generic,0.667,memoise_reset,clip_3,0.5047,0.9246,0.8783,0.8783,748,0.0
fashionclip,A_generic,0.667,track_majority,clip_1,0.5069,0.9284,0.8029,0.8029,137,0.0
fashionclip,A_generic,0.667,track_majority,clip_2,0.5074,0.8847,0.9968,0.9968,314,0.0
fashionclip,A_generic,0.667,track_majority,clip_3,0.5047,0.9379,0.8997,0.8997,748,0.0
fashionclip,A_generic,0.667,window_weighted,clip_1,0.5069,0.9783,0.7518,0.7518,137,0.0
fashionclip,A_generic,0.667,window_weighted,clip_2,0.5074,0.9424,0.9809,0.9809,314,0.0
fashionclip,A_generic,0.667,window_weighted,clip_3,0.5047,0.9113,0.9773,0.9773,748,0.0
fashionclip,B_domain,0.667,none,clip_1,0.506,0.9661,0.7664,0.7664,137,0.0
fashionclip,B_domain,0.667,none,clip_2,0.5088,0.9446,0.9395,0.9425,313,0.3
fashionclip,B_domain,0.667,none,clip_3,0.5059,0.8869,0.9773,0.9773,748,0.0
fashionclip,B_domain,0.667,memoise_reset,clip_1,0.506,0.9021,0.8759,0.8759,137,0.0
fashionclip,B_domain,0.667,memoise_reset,clip_2,0.5088,0.8814,0.9459,0.9489,313,0.3
fashionclip,B_domain,0.667,memoise_reset,clip_3,0.5059,0.9268,0.8824,0.8824,748,0.0
fashionclip,B_domain,0.667,track_majority,clip_1,0.506,0.9284,0.8029,0.8029,137,0.0
fashionclip,B_domain,0.667,track_majority,clip_2,0.5088,0.8847,0.9936,0.9968,313,0.3
fashionclip,B_domain,0.667,track_majority,clip_3,0.5059,0.9379,0.8997,0.8997,748,0.0
fashionclip,B_domain,0.667,window_weighted,clip_1,0.506,0.9831,0.7445,0.7445,137,0.0
fashionclip,B_domain,0.667,window_weighted,clip_2,0.5088,0.9469,0.9777,0.9808,313,0.3
fashionclip,B_domain,0.667,window_weighted,clip_3,0.5059,0.9091,0.984,0.984,748,0.0
fashionclip,C_nba,0.667,none,clip_1,0.5093,0.9661,0.7956,0.8015,136,0.7
fashionclip,C_nba,0.667,none,clip_2,0.5049,0.948,0.9427,0.9427,314,0.0
fashionclip,C_nba,0.667,none,clip_3,0.504,0.9002,0.9759,0.9759,748,0.0
fashionclip,C_nba,0.667,memoise_reset,clip_1,0.5093,0.919,0.8686,0.875,136,0.7
fashionclip,C_nba,0.667,memoise_reset,clip_2,0.5049,0.9017,0.949,0.949,314,0.0
fashionclip,C_nba,0.667,memoise_reset,clip_3,0.504,0.9268,0.9078,0.9078,748,0.0
fashionclip,C_nba,0.667,track_majority,clip_1,0.5093,0.9284,0.7956,0.8015,136,0.7
fashionclip,C_nba,0.667,track_majority,clip_2,0.5049,0.8836,0.9968,0.9968,314,0.0
fashionclip,C_nba,0.667,track_majority,clip_3,0.504,0.9379,0.8997,0.8997,748,0.0
fashionclip,C_nba,0.667,window_weighted,clip_1,0.5093,0.9812,0.8321,0.8382,136,0.7
fashionclip,C_nba,0.667,window_weighted,clip_2,0.5049,0.9593,0.9809,0.9809,314,0.0
fashionclip,C_nba,0.667,window_weighted,clip_3,0.504,0.9357,0.9826,0.9826,748,0.0
kmeans,,0.667,none,clip_1,0.5013,0.7608,0.5109,0.5109,137,0.0
kmeans,,0.667,none,clip_2,0.5014,0.7254,0.7516,0.7516,314,0.0
kmeans,,0.667,none,clip_3,0.5032,0.6785,0.7647,0.7657,747,0.1
kmeans,,0.667,memoise_reset,clip_1,0.5013,0.7825,0.562,0.562,137,0.0
kmeans,,0.667,memoise_reset,clip_2,0.5014,0.7582,0.7548,0.7548,314,0.0
kmeans,,0.667,memoise_reset,clip_3,0.5032,0.6962,0.7941,0.7952,747,0.1
kmeans,,0.667,track_majority,clip_1,0.5013,0.7693,0.7518,0.7518,137,0.0
kmeans,,0.667,track_majority,clip_2,0.5014,0.7898,0.7038,0.7038,314,0.0
kmeans,,0.667,track_majority,clip_3,0.5032,0.7184,0.7968,0.7979,747,0.1
kmeans,,0.667,window_weighted,clip_1,0.5013,0.7684,0.5036,0.5036,137,0.0
kmeans,,0.667,window_weighted,clip_2,0.5014,0.7254,0.7739,0.7739,314,0.0
kmeans,,0.667,window_weighted,clip_3,0.5032,0.6918,0.766,0.7671,747,0.1
embedding,,0.667,none,clip_1,0.501,0.5556,0.5328,0.5328,137,0.0
embedding,,0.667,none,clip_2,0.5012,0.5469,0.5701,0.5701,314,0.0
embedding,,0.667,none,clip_3,0.501,0.5588,0.5495,0.5495,748,0.0
embedding,,0.667,memoise_reset,clip_1,0.501,0.6234,0.5839,0.5839,137,0.0
embedding,,0.667,memoise_reset,clip_2,0.5012,0.6124,0.6369,0.6369,314,0.0
embedding,,0.667,memoise_reset,clip_3,0.501,0.6208,0.6176,0.6176,748,0.0
embedding,,0.667,track_majority,clip_1,0.501,0.5565,0.5693,0.5693,137,0.0
embedding,,0.667,track_majority,clip_2,0.5012,0.5446,0.5955,0.5955,314,0.0
embedding,,0.667,track_majority,clip_3,0.501,0.5876,0.5401,0.5401,748,0.0
embedding,,0.667,window_weighted,clip_1,0.501,0.5772,0.5109,0.5109,137,0.0
embedding,,0.667,window_weighted,clip_2,0.5012,0.574,0.5573,0.5573,314,0.0
embedding,,0.667,window_weighted,clip_3,0.501,0.5432,0.5856,0.5856,748,0.0
fashionclip,A_generic,0.85,none,clip_1,0.515,0.9623,0.8248,0.837,135,1.5
fashionclip,A_generic,0.85,none,clip_2,0.5036,0.9469,0.9522,0.9522,314,0.0
fashionclip,A_generic,0.85,none,clip_3,0.5034,0.918,0.9666,0.9666,748,0.0
fashionclip,A_generic,0.85,memoise_reset,clip_1,0.515,0.9087,0.8248,0.837,135,1.5
fashionclip,A_generic,0.85,memoise_reset,clip_2,0.5036,0.8712,0.9809,0.9809,314,0.0
fashionclip,A_generic,0.85,memoise_reset,clip_3,0.5034,0.9357,0.8783,0.8783,748,0.0
fashionclip,A_generic,0.85,track_majority,clip_1,0.515,0.9284,0.8248,0.837,135,1.5
fashionclip,A_generic,0.85,track_majority,clip_2,0.5036,0.8893,0.9968,0.9968,314,0.0
fashionclip,A_generic,0.85,track_majority,clip_3,0.5034,0.9468,0.8997,0.8997,748,0.0
fashionclip,A_generic,0.85,window_weighted,clip_1,0.515,0.9774,0.7883,0.8,135,1.5
fashionclip,A_generic,0.85,window_weighted,clip_2,0.5036,0.9503,0.9777,0.9777,314,0.0
fashionclip,A_generic,0.85,window_weighted,clip_3,0.5034,0.9246,0.9773,0.9773,748,0.0
fashionclip,B_domain,0.85,none,clip_1,0.5054,0.967,0.8394,0.8456,136,0.7
fashionclip,B_domain,0.85,none,clip_2,0.5035,0.9548,0.9459,0.9489,313,0.3
fashionclip,B_domain,0.85,none,clip_3,0.502,0.9157,0.9759,0.9759,748,0.0
fashionclip,B_domain,0.85,memoise_reset,clip_1,0.5054,0.9284,0.7518,0.7574,136,0.7
fashionclip,B_domain,0.85,memoise_reset,clip_2,0.5035,0.8836,0.9777,0.9808,313,0.3
fashionclip,B_domain,0.85,memoise_reset,clip_3,0.502,0.9113,0.9078,0.9078,748,0.0
fashionclip,B_domain,0.85,track_majority,clip_1,0.5054,0.9275,0.8321,0.8382,136,0.7
fashionclip,B_domain,0.85,track_majority,clip_2,0.5035,0.8893,0.9936,0.9968,313,0.3
fashionclip,B_domain,0.85,track_majority,clip_3,0.502,0.9446,0.8997,0.8997,748,0.0
fashionclip,B_domain,0.85,window_weighted,clip_1,0.5054,0.9765,0.8321,0.8382,136,0.7
fashionclip,B_domain,0.85,window_weighted,clip_2,0.5035,0.9548,0.9745,0.9776,313,0.3
fashionclip,B_domain,0.85,window_weighted,clip_3,0.502,0.9335,0.9773,0.9773,748,0.0
fashionclip,C_nba,0.85,none,clip_1,0.5152,0.9699,0.8686,0.875,136,0.7
fashionclip,C_nba,0.85,none,clip_2,0.5041,0.9571,0.9618,0.9649,313,0.3
fashionclip,C_nba,0.85,none,clip_3,0.5026,0.9335,0.9733,0.9733,748,0.0
fashionclip,C_nba,0.85,memoise_reset,clip_1,0.5152,0.9068,0.854,0.8603,136,0.7
fashionclip,C_nba,0.85,memoise_reset,clip_2,0.5041,0.8757,0.9777,0.9808,313,0.3
fashionclip,C_nba,0.85,memoise_reset,clip_3,0.5026,0.9424,0.8783,0.8783,748,0.0
fashionclip,C_nba,0.85,track_majority,clip_1,0.5152,0.9256,0.8248,0.8309,136,0.7
fashionclip,C_nba,0.85,track_majority,clip_2,0.5041,0.8893,0.9936,0.9968,313,0.3
fashionclip,C_nba,0.85,track_majority,clip_3,0.5026,0.9446,0.8997,0.8997,748,0.0
fashionclip,C_nba,0.85,window_weighted,clip_1,0.5152,0.9765,0.8613,0.8676,136,0.7
fashionclip,C_nba,0.85,window_weighted,clip_2,0.5041,0.9616,0.9745,0.9776,313,0.3
fashionclip,C_nba,0.85,window_weighted,clip_3,0.5026,0.9424,0.9786,0.9786,748,0.0
kmeans,,0.85,none,clip_1,0.5003,0.7637,0.5839,0.5839,137,0.0
kmeans,,0.85,none,clip_2,0.5003,0.7311,0.7771,0.7771,314,0.0
kmeans,,0.85,none,clip_3,0.5021,0.7184,0.758,0.7611,745,0.4
kmeans,,0.85,memoise_reset,clip_1,0.5003,0.7881,0.5109,0.5109,137,0.0
kmeans,,0.85,memoise_reset,clip_2,0.5003,0.7638,0.7357,0.7357,314,0.0
kmeans,,0.85,memoise_reset,clip_3,0.5021,0.6674,0.8102,0.8134,745,0.4
kmeans,,0.85,track_majority,clip_1,0.5003,0.822,0.5474,0.5474,137,0.0
kmeans,,0.85,track_majority,clip_2,0.5003,0.7876,0.7994,0.7994,314,0.0
kmeans,,0.85,track_majority,clip_3,0.5021,0.7228,0.8316,0.8349,745,0.4
kmeans,,0.85,window_weighted,clip_1,0.5003,0.7825,0.5255,0.5255,137,0.0
kmeans,,0.85,window_weighted,clip_2,0.5003,0.7446,0.7771,0.7771,314,0.0
kmeans,,0.85,window_weighted,clip_3,0.5021,0.7007,0.7848,0.7879,745,0.4
embedding,,0.85,none,clip_1,0.5006,0.5612,0.5182,0.5182,137,0.0
embedding,,0.85,none,clip_2,0.5007,0.5605,0.5446,0.5446,314,0.0
embedding,,0.85,none,clip_3,0.5007,0.5366,0.5682,0.5697,746,0.3
embedding,,0.85,memoise_reset,clip_1,0.5006,0.5895,0.5985,0.5985,137,0.0
embedding,,0.85,memoise_reset,clip_2,0.5007,0.574,0.6369,0.6369,314,0.0
embedding,,0.85,memoise_reset,clip_3,0.5007,0.6253,0.5695,0.571,746,0.3
embedding,,0.85,track_majority,clip_1,0.5006,0.5593,0.5839,0.5839,137,0.0
embedding,,0.85,track_majority,clip_2,0.5007,0.5503,0.5955,0.5955,314,0.0
embedding,,0.85,track_majority,clip_3,0.5007,0.592,0.5441,0.5456,746,0.3
embedding,,0.85,window_weighted,clip_1,0.5006,0.5857,0.5401,0.5401,137,0.0
embedding,,0.85,window_weighted,clip_2,0.5007,0.5921,0.5478,0.5478,314,0.0
embedding,,0.85,window_weighted,clip_3,0.5007,0.5455,0.6016,0.6032,746,0.3
fashionclip,A_generic,1.0,none,clip_1,0.5054,0.9595,0.8467,0.8467,137,0.0
fashionclip,A_generic,1.0,none,clip_2,0.5039,0.9469,0.9459,0.9489,313,0.3
fashionclip,A_generic,1.0,none,clip_3,0.5038,0.9157,0.9652,0.9652,748,0.0
fashionclip,A_generic,1.0,memoise_reset,clip_1,0.5054,0.8945,0.8613,0.8613,137,0.0
fashionclip,A_generic,1.0,memoise_reset,clip_2,0.5039,0.878,0.9268,0.9297,313,0.3
fashionclip,A_generic,1.0,memoise_reset,clip_3,0.5038,0.9069,0.881,0.881,748,0.0
fashionclip,A_generic,1.0,track_majority,clip_1,0.5054,0.9275,0.8321,0.8321,137,0.0
fashionclip,A_generic,1.0,track_majority,clip_2,0.5039,0.8893,0.9936,0.9968,313,0.3
fashionclip,A_generic,1.0,track_majority,clip_3,0.5038,0.9446,0.8997,0.8997,748,0.0
fashionclip,A_generic,1.0,window_weighted,clip_1,0.5054,0.9765,0.8394,0.8394,137,0.0
fashionclip,A_generic,1.0,window_weighted,clip_2,0.5039,0.9559,0.9745,0.9776,313,0.3
fashionclip,A_generic,1.0,window_weighted,clip_3,0.5038,0.9335,0.9773,0.9773,748,0.0
fashionclip,B_domain,1.0,none,clip_1,0.5114,0.9633,0.8686,0.8686,137,0.0
fashionclip,B_domain,1.0,none,clip_2,0.5115,0.9559,0.9427,0.9457,313,0.3
fashionclip,B_domain,1.0,none,clip_3,0.5065,0.9202,0.9719,0.9719,748,0.0
fashionclip,B_domain,1.0,memoise_reset,clip_1,0.5114,0.8955,0.8613,0.8613,137,0.0
fashionclip,B_domain,1.0,memoise_reset,clip_2,0.5115,0.878,0.9299,0.9329,313,0.3
fashionclip,B_domain,1.0,memoise_reset,clip_3,0.5065,0.9091,0.881,0.881,748,0.0
fashionclip,B_domain,1.0,track_majority,clip_1,0.5114,0.9275,0.8321,0.8321,137,0.0
fashionclip,B_domain,1.0,track_majority,clip_2,0.5115,0.8893,0.9936,0.9968,313,0.3
fashionclip,B_domain,1.0,track_majority,clip_3,0.5065,0.9446,0.8997,0.8997,748,0.0
fashionclip,B_domain,1.0,window_weighted,clip_1,0.5114,0.9727,0.854,0.854,137,0.0
fashionclip,B_domain,1.0,window_weighted,clip_2,0.5115,0.9559,0.9682,0.9712,313,0.3
fashionclip,B_domain,1.0,window_weighted,clip_3,0.5065,0.9335,0.9746,0.9746,748,0.0
fashionclip,C_nba,1.0,none,clip_1,0.5108,0.9661,0.8467,0.8593,135,1.5
fashionclip,C_nba,1.0,none,clip_2,0.5078,0.9514,0.9554,0.9554,314,0.0
fashionclip,C_nba,1.0,none,clip_3,0.5068,0.9224,0.9706,0.9706,748,0.0
fashionclip,C_nba,1.0,memoise_reset,clip_1,0.5108,0.8955,0.854,0.8667,135,1.5
fashionclip,C_nba,1.0,memoise_reset,clip_2,0.5078,0.878,0.9299,0.9299,314,0.0
fashionclip,C_nba,1.0,memoise_reset,clip_3,0.5068,0.9091,0.881,0.881,748,0.0
fashionclip,C_nba,1.0,track_majority,clip_1,0.5108,0.9284,0.8248,0.837,135,1.5
fashionclip,C_nba,1.0,track_majority,clip_2,0.5078,0.8893,0.9968,0.9968,314,0.0
fashionclip,C_nba,1.0,track_majority,clip_3,0.5068,0.9468,0.8997,0.8997,748,0.0
fashionclip,C_nba,1.0,window_weighted,clip_1,0.5108,0.9755,0.8686,0.8815,135,1.5
fashionclip,C_nba,1.0,window_weighted,clip_2,0.5078,0.9616,0.9745,0.9745,314,0.0
fashionclip,C_nba,1.0,window_weighted,clip_3,0.5068,0.9446,0.9773,0.9773,748,0.0
kmeans,,1.0,none,clip_1,0.5015,0.7128,0.5985,0.5985,137,0.0
kmeans,,1.0,none,clip_2,0.5014,0.6847,0.742,0.742,314,0.0
kmeans,,1.0,none,clip_3,0.5031,0.6984,0.7005,0.7034,745,0.4
kmeans,,1.0,memoise_reset,clip_1,0.5015,0.709,0.5766,0.5766,137,0.0
kmeans,,1.0,memoise_reset,clip_2,0.5014,0.6904,0.7038,0.7038,314,0.0
kmeans,,1.0,memoise_reset,clip_3,0.5031,0.6652,0.7099,0.7128,745,0.4
kmeans,,1.0,track_majority,clip_1,0.5015,0.7373,0.6131,0.6131,137,0.0
kmeans,,1.0,track_majority,clip_2,0.5014,0.696,0.7994,0.7994,314,0.0
kmeans,,1.0,track_majority,clip_3,0.5031,0.7428,0.7099,0.7128,745,0.4
kmeans,,1.0,window_weighted,clip_1,0.5015,0.7203,0.5693,0.5693,137,0.0
kmeans,,1.0,window_weighted,clip_2,0.5014,0.6881,0.7452,0.7452,314,0.0
kmeans,,1.0,window_weighted,clip_3,0.5031,0.6918,0.7086,0.7114,745,0.4
embedding,,1.0,none,clip_1,0.5005,0.5264,0.562,0.562,137,0.0
embedding,,1.0,none,clip_2,0.5007,0.5379,0.5064,0.5064,314,0.0
embedding,,1.0,none,clip_3,0.5005,0.5233,0.5348,0.5355,747,0.1
embedding,,1.0,memoise_reset,clip_1,0.5005,0.6055,0.6277,0.6277,137,0.0
embedding,,1.0,memoise_reset,clip_2,0.5007,0.6328,0.5382,0.5382,314,0.0
embedding,,1.0,memoise_reset,clip_3,0.5005,0.5654,0.6337,0.6345,747,0.1
embedding,,1.0,track_majority,clip_1,0.5005,0.5273,0.562,0.562,137,0.0
embedding,,1.0,track_majority,clip_2,0.5007,0.5379,0.5127,0.5127,314,0.0
embedding,,1.0,track_majority,clip_3,0.5005,0.5277,0.5334,0.5341,747,0.1
embedding,,1.0,window_weighted,clip_1,0.5005,0.5433,0.6131,0.6131,137,0.0
embedding,,1.0,window_weighted,clip_2,0.5007,0.5616,0.5223,0.5223,314,0.0
embedding,,1.0,window_weighted,clip_3,0.5005,0.5499,0.5521,0.5529,747,0.1
