epoch,time,train/box_loss,train/pose_loss,train/kobj_loss,train/cls_loss,train/dfl_loss,metrics/precision(B),metrics/recall(B),metrics/mAP50(B),metrics/mAP50-95(B),metrics/precision(P),metrics/recall(P),metrics/mAP50(P),metrics/mAP50-95(P),val/box_loss,val/pose_loss,val/kobj_loss,val/cls_loss,val/dfl_loss,lr/pg0,lr/pg1,lr/pg2
1,39.6243,1.22985,9.25004,0.69357,3.41124,1.67851,0.3654,0.34545,0.28837,0.09261,0,0,0,0,2.92502,10.8528,0.82163,3.22222,3.44539,0.00065641,0.00065641,0.00065641
2,72.317,0.89087,7.09288,0.61531,0.68174,1.42525,0,0,0,0,0,0,0,0,nan,nan,nan,nan,nan,0.00132046,0.00132046,0.00132046
3,104.481,0.84142,6.05164,0.60461,0.63206,1.37875,0.3071,0.26364,0.13581,0.04795,0.06483,0.00455,0.00068,7e-05,3.0385,11.147,0.991,3.91713,5.27137,0.00198186,0.00198186,0.00198186
4,136.406,0.76691,4.86603,0.59874,0.58053,1.29837,0.92449,0.82273,0.94894,0.56951,0.15298,0.14091,0.03666,0.00731,1.26582,7.35008,0.79107,0.85878,1.73169,0.00198812,0.00198812,0.00198812
5,169.966,0.68742,4.18572,0.59305,0.49706,1.22593,0.9918,0.99545,0.99464,0.61894,0.47975,0.44091,0.25442,0.07138,1.20018,5.3718,0.75858,0.7794,1.5435,0.00198416,0.00198416,0.00198416
6,203.637,0.64876,3.80915,0.58285,0.47349,1.19817,0.96088,0.95909,0.98855,0.71123,0.65811,0.65455,0.48565,0.16379,0.99035,4.72667,0.71922,0.92404,1.23254,0.0019802,0.0019802,0.0019802
7,236.633,0.59886,3.39084,0.5745,0.44591,1.15297,0.96016,0.98586,0.99095,0.74812,0.32129,0.33182,0.18145,0.02721,0.89623,5.93308,0.7577,0.67869,1.26357,0.00197624,0.00197624,0.00197624
8,269.228,0.58892,3.22798,0.56888,0.43075,1.13497,0.99965,1,0.995,0.73474,0.69047,0.69091,0.51129,0.15944,0.83782,4.06279,0.70656,0.53204,1.13751,0.00197228,0.00197228,0.00197228
9,303.013,0.55407,3.26107,0.56243,0.40678,1.11061,0.99862,0.99545,0.995,0.75998,0.63243,0.63636,0.44035,0.16755,0.89462,4.48689,0.69639,0.54311,1.30159,0.00196832,0.00196832,0.00196832
10,336.017,0.5089,2.92853,0.5539,0.36466,1.08459,0.9996,1,0.995,0.74382,0.80705,0.74545,0.62838,0.26205,0.86275,3.64923,0.66901,0.47252,1.1363,0.00196436,0.00196436,0.00196436
11,370.178,0.50552,2.79619,0.5577,0.36654,1.07901,0.9971,0.94545,0.98828,0.76019,0.69914,0.65,0.54591,0.16137,0.83965,4.11373,0.69168,0.53131,1.13366,0.0019604,0.0019604,0.0019604
12,401.878,0.49904,2.63748,0.53264,0.36386,1.06558,0.98591,1,0.99482,0.758,0.79989,0.78636,0.69655,0.24384,0.76917,3.67061,0.64947,0.52184,1.09884,0.00195644,0.00195644,0.00195644
13,434.268,0.48689,2.51392,0.53449,0.34768,1.05839,0.99711,0.98636,0.99495,0.73702,0.70627,0.71043,0.53318,0.1859,0.89321,4.07715,0.66472,0.50344,1.21656,0.00195248,0.00195248,0.00195248
14,466.032,0.50315,2.48391,0.52221,0.3512,1.07114,0.99928,1,0.995,0.79895,0.77672,0.77727,0.64935,0.26971,0.76004,3.51834,0.63603,0.50982,1.04119,0.00194852,0.00194852,0.00194852
15,499.565,0.47211,2.37382,0.49746,0.34308,1.04987,0.99859,1,0.995,0.83073,0.9532,0.95455,0.91437,0.40408,0.67676,3.11484,0.5858,0.39485,0.99388,0.00194456,0.00194456,0.00194456
16,533.019,0.45819,2.22338,0.47901,0.32606,1.02976,1,0.99433,0.995,0.67716,0.82164,0.81664,0.74169,0.3241,1.13109,3.43188,0.57578,0.61058,1.68695,0.0019406,0.0019406,0.0019406
17,565.207,0.46226,2.1249,0.44973,0.34345,1.0485,0.99905,1,0.995,0.78871,0.8719,0.87273,0.7963,0.34399,0.84649,3.15797,0.54963,0.48026,1.16675,0.00193664,0.00193664,0.00193664
18,597.309,0.46173,1.99391,0.41007,0.33049,1.05667,0.98652,0.99807,0.99495,0.75159,0.90496,0.90888,0.86878,0.37723,0.83325,2.97655,0.45471,0.51506,1.11346,0.00193268,0.00193268,0.00193268
19,629.232,0.44171,1.96721,0.34517,0.31802,1.03056,0.99903,0.99091,0.995,0.81557,0.93193,0.92273,0.88339,0.4051,0.71748,2.88646,0.31839,0.48317,1.01508,0.00192872,0.00192872,0.00192872
20,661.401,0.45282,1.92364,0.29944,0.31748,1.03797,0.99767,1,0.995,0.81309,0.86611,0.86818,0.80643,0.30804,0.72877,3.13569,0.37894,0.46112,1.04431,0.00192476,0.00192476,0.00192476
21,693.137,0.44741,1.89967,0.27877,0.31832,1.03024,0.99891,1,0.995,0.83524,0.93986,0.94091,0.89548,0.40894,0.64973,2.82785,0.26448,0.42378,0.96218,0.0019208,0.0019208,0.0019208
22,726.48,0.42051,1.7457,0.24539,0.30414,1.02925,0.9991,1,0.995,0.84263,0.9219,0.92273,0.88143,0.42978,0.62884,2.59706,0.27386,0.43381,0.96345,0.00191684,0.00191684,0.00191684
23,760.217,0.42863,1.66005,0.22724,0.31368,1.01972,0.99976,1,0.995,0.84233,0.97248,0.97273,0.95178,0.4544,0.63281,2.2931,0.21128,0.39945,0.92909,0.00191288,0.00191288,0.00191288
24,793.713,0.4142,1.5535,0.21647,0.30327,1.01049,0.99782,1,0.995,0.83654,0.96602,0.96818,0.945,0.50916,0.72514,2.29966,0.23165,0.43091,1.03634,0.00190892,0.00190892,0.00190892
25,827.081,0.39746,1.51836,0.20018,0.28625,1.00888,0.99045,1,0.99491,0.82428,0.94535,0.95455,0.91421,0.44205,0.72228,2.23346,0.2465,0.45744,0.98752,0.00190496,0.00190496,0.00190496
26,859.176,0.3973,1.49412,0.19443,0.29196,1.00935,0.99949,1,0.995,0.85615,0.96314,0.96364,0.94433,0.56114,0.60965,1.73595,0.2107,0.35322,0.90375,0.001901,0.001901,0.001901
27,892.904,0.40533,1.27488,0.1847,0.29276,1.00707,0.9997,1,0.995,0.85754,0.98152,0.98182,0.96845,0.5313,0.55948,1.59149,0.2161,0.39938,0.88428,0.00189704,0.00189704,0.00189704
28,924.718,0.38163,1.19092,0.17807,0.28585,1.00555,0.99998,0.99545,0.995,0.86053,0.97248,0.96818,0.95773,0.61028,0.61076,1.56339,0.18075,0.37915,0.92357,0.00189308,0.00189308,0.00189308
29,957.91,0.39625,1.07811,0.17178,0.28282,1.01103,0.99967,1,0.995,0.82857,0.99059,0.99091,0.98682,0.64932,0.64592,1.43662,0.19131,0.40414,0.92763,0.00188912,0.00188912,0.00188912
30,991.668,0.40306,1.07701,0.17389,0.28743,1.00045,0.99865,1,0.995,0.85728,0.98503,0.98636,0.97587,0.60508,0.60455,1.49917,0.19933,0.37416,0.91509,0.00188516,0.00188516,0.00188516
31,1023.37,0.39201,1.21458,0.17063,0.28362,1.00251,0.99959,1,0.995,0.85992,0.99051,0.99091,0.98864,0.64239,0.62344,1.43501,0.15201,0.35932,0.94059,0.0018812,0.0018812,0.0018812
32,1056.99,0.39072,1.08749,0.16026,0.28428,0.99393,0.99967,1,0.995,0.87318,0.98149,0.98182,0.96866,0.65309,0.55701,1.16663,0.17231,0.36152,0.86034,0.00187724,0.00187724,0.00187724
33,1090.55,0.38518,1.0329,0.15993,0.28746,0.9951,0.99935,1,0.995,0.83808,0.98572,0.98636,0.97661,0.6172,0.59231,1.28381,0.20108,0.37271,0.89485,0.00187328,0.00187328,0.00187328
34,1122.24,0.38619,0.96552,0.15826,0.28112,0.99751,0.99824,1,0.995,0.87226,0.98462,0.98636,0.97311,0.71242,0.54468,1.13945,0.17088,0.34345,0.84658,0.00186932,0.00186932,0.00186932
35,1155.61,0.37911,0.88455,0.1525,0.27896,0.98581,0.9995,1,0.995,0.86391,0.9904,0.99091,0.98664,0.68197,0.55551,1.11285,0.1659,0.35391,0.8611,0.00186536,0.00186536,0.00186536
36,1187.95,0.37479,0.93651,0.14662,0.28342,0.99256,0.99941,1,0.995,0.85685,0.98124,0.98182,0.97591,0.71825,0.61028,1.06754,0.16829,0.3747,0.89685,0.0018614,0.0018614,0.0018614
37,1219.92,0.37998,0.87578,0.14252,0.27923,0.97504,1,0.99975,0.995,0.89168,0.98181,0.98156,0.97398,0.77934,0.52458,0.89595,0.15122,0.3552,0.83609,0.00185744,0.00185744,0.00185744
38,1253.73,0.37921,0.78423,0.14001,0.27301,0.98548,0.99967,1,0.995,0.81758,0.99058,0.99091,0.99176,0.76552,0.70887,0.98196,0.1642,0.42572,1.00083,0.00185348,0.00185348,0.00185348
39,1285.67,0.36864,0.76129,0.13571,0.26961,0.9819,0.99961,1,0.995,0.87769,0.99053,0.99091,0.99059,0.78348,0.55752,0.8123,0.16445,0.34459,0.84742,0.00184952,0.00184952,0.00184952
40,1318.09,0.34943,0.76074,0.13929,0.25546,0.97987,0.99967,1,0.995,0.87216,0.99058,0.99091,0.98918,0.76144,0.57324,0.89056,0.17244,0.3505,0.90726,0.00184556,0.00184556,0.00184556
41,1350.04,0.35615,0.68913,0.13531,0.26476,0.98176,0.99953,1,0.995,0.86059,0.99045,0.99091,0.99166,0.74742,0.5726,0.89163,0.15886,0.33919,0.87882,0.0018416,0.0018416,0.0018416
42,1382.31,0.35429,0.66485,0.12945,0.25391,0.96977,0.99972,1,0.995,0.88221,0.99972,1,0.995,0.8382,0.53211,0.64237,0.14615,0.32344,0.81555,0.00183764,0.00183764,0.00183764
43,1415.82,0.34857,0.80372,0.13496,0.25017,0.95447,0.99959,1,0.995,0.84779,0.99505,0.99545,0.99205,0.80421,0.61561,0.77029,0.17355,0.35776,0.89476,0.00183368,0.00183368,0.00183368
44,1447.91,0.3526,0.68502,0.12959,0.25441,0.97766,0.99763,1,0.995,0.89321,0.99763,1,0.995,0.78333,0.49515,0.74609,0.14907,0.32232,0.78064,0.00182972,0.00182972,0.00182972
45,1479.87,0.35606,0.86193,0.13321,0.25652,0.98287,0.99968,1,0.995,0.8838,0.99514,0.99545,0.99473,0.78426,0.50486,0.7283,0.1552,0.33951,0.82331,0.00182576,0.00182576,0.00182576
46,1511.97,0.34231,0.78429,0.12905,0.24804,0.96161,0.9996,1,0.995,0.85428,0.9996,1,0.995,0.82177,0.60358,0.70583,0.14431,0.36484,0.8887,0.0018218,0.0018218,0.0018218
47,1543.94,0.34764,0.80038,0.13481,0.25686,0.96173,0.99958,1,0.995,0.8878,0.99049,0.99091,0.99248,0.77981,0.53848,0.81574,0.14808,0.34518,0.86271,0.00181784,0.00181784,0.00181784
48,1576.18,0.3447,0.75556,0.12908,0.25043,0.96179,0.99969,1,0.995,0.88052,0.99515,0.99545,0.99327,0.80203,0.49582,0.70554,0.15409,0.30925,0.79834,0.00181388,0.00181388,0.00181388
49,1608.02,0.34735,0.66377,0.12952,0.257,0.96678,0.9952,1,0.9945,0.90095,0.99067,0.99545,0.99247,0.79494,0.48839,0.79342,0.15508,0.31678,0.78821,0.00180992,0.00180992,0.00180992
50,1640.05,0.34295,0.64673,0.12354,0.25363,0.96387,0.99969,1,0.995,0.87205,0.99969,1,0.995,0.85867,0.56553,0.74065,0.14493,0.34587,0.84471,0.00180596,0.00180596,0.00180596
51,1673.38,0.33831,0.62895,0.12499,0.24466,0.96446,0.99973,1,0.995,0.88908,0.99973,1,0.995,0.79868,0.49218,0.71942,0.15176,0.32876,0.80348,0.001802,0.001802,0.001802
52,1705.52,0.33626,0.59478,0.12047,0.24629,0.95925,0.99973,1,0.995,0.88791,0.99973,1,0.995,0.82354,0.50651,0.59984,0.14191,0.3246,0.81999,0.00179804,0.00179804,0.00179804
53,1737.03,0.33124,0.61257,0.11973,0.2387,0.96057,0.99974,1,0.995,0.87725,0.99065,0.99091,0.98775,0.83718,0.52448,0.58022,0.14107,0.32276,0.82513,0.00179408,0.00179408,0.00179408
54,1768.92,0.32373,0.64388,0.11892,0.23325,0.9547,0.99883,1,0.995,0.8597,0.99429,0.99545,0.99259,0.8206,0.54354,0.75111,0.1444,0.34689,0.84205,0.00179012,0.00179012,0.00179012
55,1799.71,0.33,0.64881,0.12375,0.24092,0.96805,0.99059,1,0.995,0.83579,0.98092,0.98182,0.97949,0.81008,0.65054,0.79983,0.14423,0.36887,0.94331,0.00178616,0.00178616,0.00178616
56,1832.07,0.3327,0.62597,0.12058,0.24614,0.95479,0.9997,1,0.995,0.78839,0.99061,0.99091,0.99096,0.84243,0.76707,0.91041,0.15681,0.42019,1.08768,0.0017822,0.0017822,0.0017822
57,1863.83,0.33893,0.71965,0.12103,0.25129,0.96585,0.99973,1,0.995,0.89777,0.99973,1,0.995,0.83162,0.50014,0.60799,0.13004,0.30396,0.79086,0.00177824,0.00177824,0.00177824
58,1895.91,0.33112,0.59648,0.11875,0.24016,0.95459,0.99868,1,0.995,0.85654,0.97142,0.97273,0.96761,0.78469,0.58805,0.85504,0.15152,0.35258,0.87054,0.00177428,0.00177428,0.00177428
59,1927.93,0.3374,0.57901,0.11458,0.24364,0.96429,0.9997,1,0.995,0.8942,0.99062,0.99091,0.987,0.79207,0.47105,0.6768,0.1504,0.3097,0.78893,0.00177032,0.00177032,0.00177032
60,1960.07,0.32617,0.5436,0.11111,0.2372,0.96151,0.99975,1,0.995,0.90001,0.99066,0.99091,0.986,0.82631,0.4723,0.6225,0.13751,0.29823,0.77648,0.00176636,0.00176636,0.00176636
61,1992.03,0.31287,0.56242,0.11054,0.23036,0.9465,0.99974,1,0.995,0.89827,0.99065,0.99091,0.99108,0.8534,0.46754,0.59726,0.15351,0.30364,0.77957,0.0017624,0.0017624,0.0017624
62,2025.77,0.32283,0.6209,0.1104,0.23351,0.9511,0.99943,1,0.995,0.89393,0.99943,1,0.995,0.84208,0.51194,0.61718,0.13442,0.32605,0.81511,0.00175844,0.00175844,0.00175844
63,2058.08,0.32413,0.64895,0.10921,0.23288,0.93915,0.99432,0.98636,0.99486,0.80251,0.93087,0.92273,0.90301,0.70801,0.74132,1.1744,0.14694,0.42571,1.0011,0.00175448,0.00175448,0.00175448
64,2090.4,0.32552,0.61039,0.10645,0.23498,0.95283,0.99902,1,0.995,0.87669,0.99447,0.99545,0.9925,0.7963,0.54717,0.69816,0.14669,0.31868,0.84518,0.00175052,0.00175052,0.00175052
65,2122.43,0.33821,0.59986,0.11176,0.24412,0.9594,0.99878,1,0.995,0.8837,0.99878,1,0.995,0.84707,0.5092,0.65784,0.13841,0.30457,0.80737,0.00174656,0.00174656,0.00174656
66,2154.62,0.32699,0.58788,0.10287,0.23164,0.96459,0.99946,1,0.995,0.88265,0.99492,0.99545,0.99159,0.87397,0.54462,0.46874,0.13196,0.31902,0.84132,0.0017426,0.0017426,0.0017426
67,2188.58,0.30833,0.47417,0.10472,0.2227,0.95106,0.99973,1,0.995,0.89963,0.99519,0.99545,0.99245,0.90599,0.44517,0.48147,0.12448,0.28955,0.75652,0.00173864,0.00173864,0.00173864
68,2221.81,0.30387,0.47767,0.10332,0.22327,0.94458,0.99972,1,0.995,0.89189,0.99972,1,0.995,0.88683,0.45621,0.4939,0.12172,0.28404,0.76022,0.00173468,0.00173468,0.00173468
69,2253.98,0.30497,0.47418,0.09921,0.22687,0.94529,0.99974,1,0.995,0.90102,0.99974,1,0.995,0.89949,0.45127,0.45125,0.12903,0.27924,0.75573,0.00173072,0.00173072,0.00173072
70,2285.83,0.30321,0.47433,0.10218,0.22304,0.94642,0.99979,1,0.995,0.89466,0.99979,1,0.995,0.82598,0.4912,0.56891,0.1254,0.31258,0.78659,0.00172676,0.00172676,0.00172676
71,2318.21,0.30589,0.49366,0.09449,0.22358,0.95422,0.99972,1,0.995,0.88598,0.99063,0.99091,0.98992,0.86654,0.48582,0.54383,0.12522,0.30333,0.80147,0.0017228,0.0017228,0.0017228
72,2350.1,0.30449,0.52861,0.09967,0.22042,0.94885,0.99965,1,0.995,0.88885,0.99965,1,0.995,0.85364,0.45716,0.48232,0.13415,0.26852,0.75346,0.00171884,0.00171884,0.00171884
73,2382.22,0.30285,0.46877,0.09847,0.22094,0.9338,0.99971,1,0.995,0.88515,0.99517,0.99545,0.99427,0.88318,0.47534,0.5025,0.11378,0.32727,0.76569,0.00171488,0.00171488,0.00171488
74,2414.08,0.29787,0.46245,0.09415,0.22391,0.93803,0.99971,1,0.995,0.88945,0.99971,1,0.995,0.87648,0.47255,0.49988,0.1383,0.30347,0.77923,0.00171092,0.00171092,0.00171092
75,2446.41,0.31163,0.44637,0.09715,0.22712,0.94542,0.99955,1,0.995,0.90298,0.995,0.99545,0.99368,0.87822,0.46025,0.51224,0.11468,0.30143,0.78259,0.00170696,0.00170696,0.00170696
76,2478.37,0.30758,0.44854,0.09433,0.2251,0.95183,0.99551,1,0.995,0.85095,0.99551,1,0.995,0.87339,0.61766,0.43921,0.11366,0.35689,0.86828,0.001703,0.001703,0.001703
77,2510.43,0.29892,0.43041,0.09203,0.21467,0.94677,0.99952,1,0.995,0.89434,0.99952,1,0.995,0.88285,0.51256,0.49109,0.12647,0.31583,0.81009,0.00169904,0.00169904,0.00169904
78,2542.22,0.30193,0.45633,0.0906,0.22188,0.94878,0.99973,1,0.995,0.90142,0.99519,0.99545,0.995,0.91108,0.45592,0.43847,0.12936,0.31664,0.7555,0.00169508,0.00169508,0.00169508
79,2575.79,0.31047,0.48241,0.09524,0.22202,0.94256,0.99973,1,0.995,0.88585,0.99973,1,0.995,0.82144,0.47863,0.62444,0.13661,0.31842,0.77556,0.00169112,0.00169112,0.00169112
80,2607.75,0.30859,0.50018,0.09436,0.22634,0.95023,0.99974,1,0.995,0.91477,0.99519,0.99545,0.99205,0.869,0.43464,0.48748,0.11296,0.2966,0.76428,0.00168716,0.00168716,0.00168716
81,2640.02,0.30079,0.44991,0.09176,0.22031,0.9397,0.99973,1,0.995,0.86599,0.99973,1,0.995,0.86687,0.55219,0.47894,0.12023,0.30329,0.82939,0.0016832,0.0016832,0.0016832
82,2672.12,0.29114,0.44704,0.08942,0.2159,0.93483,0.99973,1,0.995,0.89749,0.99973,1,0.995,0.87703,0.44399,0.57837,0.11529,0.29186,0.74931,0.00167924,0.00167924,0.00167924
83,2704.51,0.29822,0.45926,0.09033,0.22127,0.93696,0.99972,1,0.995,0.89036,0.99972,1,0.995,0.90221,0.48234,0.42784,0.12188,0.30135,0.77223,0.00167528,0.00167528,0.00167528
84,2736.61,0.29032,0.53558,0.08594,0.21555,0.94144,0.99975,1,0.995,0.89383,0.99975,1,0.995,0.84255,0.46989,0.55178,0.10493,0.27457,0.77272,0.00167132,0.00167132,0.00167132
85,2768.89,0.28632,0.45928,0.08994,0.2086,0.93059,0.99973,1,0.995,0.90756,0.99519,0.99545,0.9945,0.89795,0.42598,0.47277,0.11342,0.27697,0.72691,0.00166736,0.00166736,0.00166736
86,2800.88,0.28792,0.4049,0.0876,0.20652,0.92814,0.99974,1,0.995,0.89824,0.99974,1,0.995,0.87403,0.479,0.47716,0.11826,0.31575,0.77866,0.0016634,0.0016634,0.0016634
87,2833.01,0.28284,0.36523,0.08768,0.20914,0.92384,0.99973,1,0.995,0.90938,0.99973,1,0.995,0.91278,0.46031,0.38079,0.11286,0.28467,0.74458,0.00165944,0.00165944,0.00165944
88,2866.83,0.29325,0.43033,0.08717,0.22097,0.94368,0.99972,1,0.995,0.912,0.99972,1,0.995,0.89479,0.44077,0.45834,0.10446,0.2886,0.73018,0.00165548,0.00165548,0.00165548
89,2898.7,0.28993,0.41017,0.08469,0.20927,0.92485,0.9997,1,0.995,0.8891,0.99515,0.99545,0.99295,0.90649,0.47107,0.41262,0.10371,0.29542,0.7766,0.00165152,0.00165152,0.00165152
90,2930.55,0.30104,0.4034,0.0838,0.21278,0.94082,0.99974,1,0.995,0.90881,0.99974,1,0.995,0.89975,0.44599,0.42203,0.11458,0.28066,0.74813,0.00164756,0.00164756,0.00164756
91,2962.64,0.2908,0.43069,0.08074,0.21702,0.93718,0.99972,1,0.995,0.90909,0.99972,1,0.995,0.89106,0.42319,0.38497,0.1149,0.26297,0.73733,0.0016436,0.0016436,0.0016436
92,2994.68,0.2829,0.41706,0.08247,0.20595,0.93624,0.99973,1,0.995,0.88989,0.99973,1,0.995,0.90439,0.46315,0.43539,0.1085,0.27536,0.7614,0.00163964,0.00163964,0.00163964
93,3026.51,0.27398,0.41528,0.08282,0.20749,0.93134,0.99973,1,0.995,0.89744,0.99973,1,0.995,0.85931,0.48298,0.47417,0.12667,0.33165,0.77608,0.00163568,0.00163568,0.00163568
94,3058.62,0.27214,0.37532,0.08194,0.20678,0.92376,0.99974,1,0.995,0.90229,0.99974,1,0.995,0.89319,0.44281,0.40446,0.11653,0.2862,0.74094,0.00163172,0.00163172,0.00163172
95,3090.28,0.27141,0.36412,0.08029,0.20503,0.92168,0.99979,1,0.995,0.90823,0.99979,1,0.995,0.92055,0.44519,0.38599,0.107,0.28853,0.75489,0.00162776,0.00162776,0.00162776
96,3123.64,0.27634,0.33379,0.07925,0.20992,0.91322,0.99979,1,0.995,0.90547,0.99979,1,0.995,0.92072,0.45221,0.3598,0.11169,0.2926,0.74497,0.0016238,0.0016238,0.0016238
97,3155.78,0.27002,0.37221,0.07789,0.2043,0.91479,0.99974,1,0.995,0.91393,0.9952,0.99545,0.99205,0.90114,0.43148,0.39993,0.1119,0.29017,0.75263,0.00161984,0.00161984,0.00161984
98,3187.78,0.27308,0.35768,0.07767,0.20576,0.92106,0.99963,1,0.995,0.89565,0.99509,0.99545,0.99186,0.91328,0.46041,0.4379,0.10238,0.29229,0.74178,0.00161588,0.00161588,0.00161588
99,3219.81,0.26531,0.33848,0.07681,0.19771,0.9219,0.99975,1,0.995,0.90492,0.99975,1,0.995,0.92807,0.45568,0.34927,0.10712,0.29407,0.75272,0.00161192,0.00161192,0.00161192
100,3253.57,0.26636,0.37295,0.07778,0.20084,0.92142,0.99973,1,0.995,0.90204,0.99519,0.99545,0.99205,0.89132,0.43771,0.44787,0.10596,0.28726,0.74579,0.00160796,0.00160796,0.00160796
101,3285.32,0.259,0.34672,0.07744,0.19299,0.91893,0.99974,1,0.995,0.91579,0.99974,1,0.995,0.88561,0.43732,0.45737,0.11046,0.27823,0.74527,0.001604,0.001604,0.001604
102,3317.31,0.26595,0.35679,0.07212,0.19185,0.92113,0.99973,1,0.995,0.90083,0.99518,0.99545,0.99359,0.91192,0.47211,0.41059,0.09963,0.29341,0.75351,0.00160004,0.00160004,0.00160004
103,3349.04,0.25952,0.36039,0.07398,0.19662,0.90784,0.99973,1,0.995,0.91235,0.99518,0.99545,0.99486,0.88109,0.44129,0.50139,0.09731,0.28919,0.72361,0.00159608,0.00159608,0.00159608
104,3380.88,0.27954,0.38303,0.07838,0.20462,0.93575,0.99979,1,0.995,0.89097,0.99524,0.99545,0.99355,0.87634,0.45808,0.44792,0.11145,0.28408,0.75718,0.00159212,0.00159212,0.00159212
105,3412.63,0.27673,0.37306,0.07664,0.20088,0.92288,0.99973,1,0.995,0.85838,0.99973,1,0.995,0.89757,0.56524,0.40943,0.10652,0.34524,0.83285,0.00158816,0.00158816,0.00158816
106,3444.59,0.27909,0.40036,0.07563,0.20154,0.92584,0.99976,1,0.995,0.91093,0.99976,1,0.995,0.88509,0.43936,0.47657,0.11114,0.28787,0.75379,0.0015842,0.0015842,0.0015842
107,3476.41,0.27445,0.41693,0.0758,0.19832,0.92612,0.99989,1,0.995,0.89714,0.99989,1,0.995,0.88272,0.45359,0.42479,0.09543,0.27454,0.75913,0.00158024,0.00158024,0.00158024
108,3508.26,0.26845,0.39746,0.0738,0.1953,0.91689,0.99984,1,0.995,0.90191,0.99984,1,0.995,0.91637,0.43922,0.34931,0.10673,0.2799,0.74859,0.00157628,0.00157628,0.00157628
109,3540.31,0.27701,0.34078,0.07396,0.19985,0.91598,0.99974,1,0.995,0.89008,0.99974,1,0.995,0.90334,0.46779,0.3919,0.10996,0.26797,0.75892,0.00157232,0.00157232,0.00157232
110,3572.78,0.26601,0.3922,0.07617,0.19008,0.92453,0.9998,1,0.995,0.91022,0.9998,1,0.995,0.89272,0.43494,0.4026,0.09991,0.27561,0.74106,0.00156836,0.00156836,0.00156836
111,3604.88,0.26442,0.33789,0.0712,0.1923,0.91363,0.99978,1,0.995,0.92604,0.99978,1,0.995,0.91317,0.4011,0.35624,0.10414,0.26225,0.71963,0.0015644,0.0015644,0.0015644
112,3638.61,0.26703,0.34083,0.07152,0.1941,0.91477,0.99972,1,0.995,0.90389,0.99518,0.99545,0.99232,0.90306,0.44458,0.35768,0.10301,0.26739,0.7528,0.00156044,0.00156044,0.00156044
113,3670.75,0.26008,0.3268,0.07027,0.19256,0.91845,0.99973,1,0.995,0.87986,0.99973,1,0.995,0.91855,0.47332,0.3608,0.09383,0.26425,0.76028,0.00155648,0.00155648,0.00155648
114,3702.89,0.25782,0.34126,0.07075,0.19551,0.91062,0.99973,1,0.995,0.91124,0.99973,1,0.995,0.90219,0.42647,0.37707,0.09806,0.26603,0.73622,0.00155252,0.00155252,0.00155252
115,3735.03,0.25711,0.30899,0.06936,0.19701,0.9069,0.99968,1,0.995,0.89432,0.99968,1,0.995,0.90123,0.4436,0.40764,0.08786,0.28021,0.75159,0.00154856,0.00154856,0.00154856
116,3766.97,0.25507,0.3292,0.07066,0.19915,0.90958,0.99973,1,0.995,0.90761,0.99519,0.99545,0.99364,0.90641,0.43627,0.38152,0.10255,0.29394,0.73619,0.0015446,0.0015446,0.0015446
117,3799.12,0.24998,0.29291,0.06735,0.19117,0.91361,0.99973,1,0.995,0.91186,0.99973,1,0.995,0.89599,0.4172,0.36481,0.09884,0.25842,0.71592,0.00154064,0.00154064,0.00154064
118,3831.04,0.24957,0.30033,0.0691,0.18674,0.92014,0.99973,1,0.995,0.91787,0.99973,1,0.995,0.93191,0.42307,0.30746,0.10254,0.27164,0.73296,0.00153668,0.00153668,0.00153668
119,3864.91,0.24332,0.35561,0.07013,0.19009,0.90389,0.99974,1,0.995,0.91057,0.99974,1,0.995,0.92151,0.424,0.35685,0.08199,0.26954,0.73795,0.00153272,0.00153272,0.00153272
120,3896.78,0.25554,0.3328,0.06949,0.19341,0.91116,0.99973,1,0.995,0.90871,0.99519,0.99545,0.99359,0.90608,0.4341,0.37317,0.11731,0.26819,0.72877,0.00152876,0.00152876,0.00152876
121,3928.93,0.25012,0.30434,0.06709,0.18525,0.90458,0.99974,1,0.995,0.92452,0.99065,0.99091,0.9913,0.87453,0.41403,0.46584,0.10675,0.24976,0.70679,0.0015248,0.0015248,0.0015248
122,3960.93,0.24941,0.32403,0.06652,0.18682,0.90844,0.99974,1,0.995,0.90445,0.99974,1,0.995,0.91326,0.42556,0.34681,0.08519,0.24558,0.72649,0.00152084,0.00152084,0.00152084
123,3993.18,0.24947,0.31513,0.06479,0.18436,0.91225,0.99974,1,0.995,0.91093,0.99974,1,0.995,0.92536,0.42512,0.30416,0.08423,0.26668,0.73985,0.00151688,0.00151688,0.00151688
124,4024.93,0.2448,0.28786,0.06341,0.18173,0.91174,0.99971,1,0.995,0.90229,0.99971,1,0.995,0.93135,0.44584,0.29999,0.08019,0.27923,0.73711,0.00151292,0.00151292,0.00151292
125,4056.77,0.2466,0.28216,0.06291,0.18489,0.90262,0.99972,1,0.995,0.90385,0.99972,1,0.995,0.92377,0.41903,0.3158,0.08749,0.26466,0.71931,0.00150896,0.00150896,0.00150896
126,4088.63,0.2465,0.29884,0.06586,0.18679,0.90545,0.99974,1,0.995,0.91294,0.99519,0.99545,0.99455,0.91875,0.39952,0.333,0.08739,0.25918,0.71163,0.001505,0.001505,0.001505
127,4120.77,0.24287,0.28156,0.06361,0.1849,0.89511,0.99973,1,0.995,0.91295,0.99973,1,0.995,0.92132,0.39812,0.32402,0.08623,0.25189,0.69715,0.00150104,0.00150104,0.00150104
128,4152.68,0.23773,0.33066,0.06479,0.17929,0.91383,0.99974,1,0.995,0.89421,0.99974,1,0.995,0.91069,0.42471,0.36478,0.08553,0.26388,0.7281,0.00149708,0.00149708,0.00149708
129,4184.9,0.24512,0.34466,0.06659,0.18909,0.90754,0.99974,1,0.995,0.92247,0.99974,1,0.995,0.93349,0.43119,0.36242,0.10521,0.28132,0.72297,0.00149312,0.00149312,0.00149312
130,4218.48,0.2438,0.31838,0.06351,0.18777,0.9054,0.99973,1,0.995,0.90776,0.99536,0.99545,0.995,0.90715,0.45612,0.39967,0.11002,0.29801,0.75328,0.00148916,0.00148916,0.00148916
131,4250.51,0.25131,0.29428,0.06749,0.18797,0.91738,0.99973,1,0.995,0.91372,0.99973,1,0.995,0.90902,0.43502,0.35559,0.09924,0.29359,0.74041,0.0014852,0.0014852,0.0014852
132,4282.43,0.23418,0.3208,0.06352,0.17974,0.89999,0.99974,1,0.995,0.90977,0.99974,1,0.995,0.90031,0.44847,0.35584,0.09678,0.27365,0.7351,0.00148124,0.00148124,0.00148124
133,4314.18,0.24439,0.30502,0.06521,0.18427,0.90738,0.99976,1,0.995,0.93043,0.99976,1,0.995,0.93132,0.39081,0.31986,0.08881,0.26186,0.69992,0.00147728,0.00147728,0.00147728
134,4347.64,0.23753,0.29086,0.06035,0.18387,0.91002,0.99974,1,0.995,0.92188,0.99974,1,0.995,0.92975,0.39478,0.31285,0.09273,0.26029,0.70516,0.00147332,0.00147332,0.00147332
135,4379.81,0.2404,0.2807,0.06204,0.18294,0.89399,0.99972,1,0.995,0.92348,0.99972,1,0.995,0.92968,0.38805,0.29506,0.09932,0.2723,0.71505,0.00146936,0.00146936,0.00146936
136,4411.63,0.23634,0.24325,0.06168,0.18104,0.89905,0.99974,1,0.995,0.91887,0.99974,1,0.995,0.94997,0.40453,0.27464,0.102,0.27765,0.7435,0.0014654,0.0014654,0.0014654
137,4445.54,0.24328,0.29153,0.06238,0.1882,0.90521,0.9997,1,0.995,0.92904,0.9997,1,0.995,0.92946,0.39635,0.31216,0.09869,0.27035,0.72104,0.00146144,0.00146144,0.00146144
138,4477.44,0.24085,0.306,0.06168,0.19132,0.89994,0.99974,1,0.995,0.91647,0.99974,1,0.995,0.92099,0.45254,0.35754,0.10089,0.30014,0.75419,0.00145748,0.00145748,0.00145748
139,4509.7,0.22831,0.28028,0.05921,0.1829,0.90588,0.99973,1,0.995,0.91247,0.99973,1,0.995,0.9298,0.42585,0.30453,0.0862,0.26945,0.73178,0.00145352,0.00145352,0.00145352
140,4541.68,0.22919,0.27105,0.06082,0.1807,0.90072,0.99974,1,0.995,0.92021,0.99974,1,0.995,0.93238,0.40132,0.30532,0.10275,0.26563,0.718,0.00144956,0.00144956,0.00144956
141,4574.04,0.23314,0.30257,0.05994,0.17742,0.90369,0.99974,1,0.995,0.91419,0.99974,1,0.995,0.93776,0.40831,0.28969,0.08287,0.2604,0.71194,0.0014456,0.0014456,0.0014456
142,4605.92,0.22904,0.26799,0.05697,0.17689,0.90516,1,1,0.995,0.91348,1,1,0.995,0.93505,0.39547,0.29845,0.09287,0.26241,0.70849,0.00144164,0.00144164,0.00144164
143,4638.08,0.22283,0.3009,0.06025,0.17204,0.89413,0.99975,1,0.995,0.91238,0.99975,1,0.995,0.95098,0.40585,0.31056,0.0818,0.26463,0.71321,0.00143768,0.00143768,0.00143768
144,4670.07,0.2202,0.24896,0.05917,0.17044,0.89548,0.99975,1,0.995,0.90646,0.99975,1,0.995,0.93557,0.39696,0.3266,0.0898,0.25918,0.72162,0.00143372,0.00143372,0.00143372
145,4702.49,0.23087,0.25028,0.05758,0.17361,0.89782,0.99972,1,0.995,0.91821,0.99972,1,0.995,0.92738,0.42016,0.28414,0.08375,0.2875,0.73827,0.00142976,0.00142976,0.00142976
146,4734.62,0.24119,0.24418,0.05721,0.18374,0.90483,0.99973,1,0.995,0.9314,0.99973,1,0.995,0.90522,0.39935,0.37426,0.09093,0.26595,0.70218,0.0014258,0.0014258,0.0014258
147,4766.93,0.2327,0.27588,0.05836,0.17729,0.90195,0.99974,1,0.995,0.91217,0.99974,1,0.995,0.93008,0.41099,0.35122,0.0974,0.28102,0.72657,0.00142184,0.00142184,0.00142184
148,4798.92,0.23089,0.26487,0.05687,0.17468,0.90248,1,1,0.995,0.91178,1,1,0.995,0.93879,0.41532,0.30975,0.08507,0.29129,0.72479,0.00141788,0.00141788,0.00141788
149,4831.21,0.22759,0.24711,0.05898,0.17656,0.90281,1,1,0.995,0.91986,1,1,0.995,0.95752,0.39719,0.28844,0.09048,0.25809,0.69761,0.00141392,0.00141392,0.00141392
150,4865.04,0.22666,0.25201,0.05719,0.17268,0.89056,0.99976,1,0.995,0.91697,0.99522,0.99545,0.99091,0.93128,0.39575,0.27996,0.08885,0.25267,0.70873,0.00140996,0.00140996,0.00140996
151,4896.84,0.21275,0.25205,0.05734,0.16921,0.87863,0.99974,1,0.995,0.93577,0.99974,1,0.995,0.94069,0.36775,0.3076,0.07818,0.25105,0.69224,0.001406,0.001406,0.001406
152,4928.85,0.22316,0.2378,0.05804,0.17429,0.89926,0.99974,1,0.995,0.91979,0.99974,1,0.995,0.90617,0.38132,0.37975,0.09452,0.25912,0.70858,0.00140204,0.00140204,0.00140204
153,4960.88,0.21587,0.22349,0.05534,0.16921,0.89238,0.99974,1,0.995,0.9284,0.99974,1,0.995,0.93905,0.40248,0.3023,0.09812,0.26562,0.724,0.00139808,0.00139808,0.00139808
154,4992.91,0.21503,0.23057,0.05653,0.16876,0.89494,0.99972,1,0.995,0.92091,0.99972,1,0.995,0.94129,0.40268,0.2917,0.10006,0.26091,0.72095,0.00139412,0.00139412,0.00139412
155,5024.74,0.21483,0.23523,0.05587,0.1736,0.88176,0.99973,1,0.995,0.93583,0.99973,1,0.995,0.92344,0.37446,0.32796,0.1106,0.2526,0.69421,0.00139016,0.00139016,0.00139016
156,5056.84,0.21896,0.25542,0.05657,0.17152,0.88325,0.99975,1,0.995,0.92898,0.99975,1,0.995,0.93183,0.36457,0.28624,0.08801,0.24061,0.67504,0.0013862,0.0013862,0.0013862
157,5088.61,0.22272,0.24753,0.05767,0.17121,0.89309,0.99973,1,0.995,0.91422,0.99973,1,0.995,0.9469,0.39651,0.26088,0.08881,0.25459,0.70741,0.00138224,0.00138224,0.00138224
158,5120.62,0.2167,0.2462,0.0547,0.1691,0.89889,0.9997,1,0.995,0.91948,0.9997,1,0.995,0.9344,0.39691,0.29407,0.0854,0.25087,0.71906,0.00137828,0.00137828,0.00137828
159,5152.67,0.22173,0.24695,0.05705,0.17016,0.89834,0.99975,1,0.995,0.91874,0.99975,1,0.995,0.93845,0.40929,0.28443,0.09742,0.24952,0.72681,0.00137432,0.00137432,0.00137432
160,5184.63,0.20762,0.22382,0.05418,0.16787,0.88144,1,1,0.995,0.92954,0.99545,0.99545,0.99482,0.93634,0.38204,0.30477,0.09574,0.23995,0.70177,0.00137036,0.00137036,0.00137036
161,5216.43,0.21365,0.25322,0.05628,0.16628,0.89823,0.99975,1,0.995,0.92732,0.99975,1,0.995,0.94877,0.39372,0.25969,0.08812,0.25276,0.71263,0.0013664,0.0013664,0.0013664
162,5248.51,0.21019,0.27867,0.05448,0.16701,0.89076,0.99973,1,0.995,0.92448,0.99973,1,0.995,0.9306,0.37153,0.29951,0.08105,0.2539,0.69085,0.00136244,0.00136244,0.00136244
163,5280.33,0.21796,0.27743,0.06238,0.16683,0.8919,0.99974,1,0.995,0.91574,0.99974,1,0.995,0.92066,0.40895,0.30573,0.09158,0.26444,0.72662,0.00135848,0.00135848,0.00135848
164,5312.2,0.21299,0.21828,0.05349,0.16507,0.88577,0.99973,1,0.995,0.93295,0.99973,1,0.995,0.94891,0.36977,0.26676,0.08848,0.23668,0.6857,0.00135452,0.00135452,0.00135452
165,5345.72,0.20924,0.26447,0.05463,0.16834,0.88466,0.9997,1,0.995,0.92782,0.9997,1,0.995,0.95105,0.37811,0.26991,0.08293,0.24825,0.69397,0.00135056,0.00135056,0.00135056
166,5378.01,0.2124,0.22205,0.05485,0.16385,0.888,0.99974,1,0.995,0.93138,0.99974,1,0.995,0.94387,0.35535,0.27125,0.09456,0.25414,0.69389,0.0013466,0.0013466,0.0013466
167,5409.82,0.21033,0.22059,0.05041,0.16287,0.88718,0.99974,1,0.995,0.92339,0.99974,1,0.995,0.92398,0.39761,0.29306,0.10033,0.25619,0.70127,0.00134264,0.00134264,0.00134264
168,5441.93,0.20532,0.24484,0.05084,0.16419,0.88139,0.99974,1,0.995,0.93128,0.99974,1,0.995,0.94293,0.3883,0.27569,0.10111,0.24512,0.70801,0.00133868,0.00133868,0.00133868
169,5473.73,0.21411,0.25232,0.05511,0.16909,0.89416,0.99974,1,0.995,0.92829,0.99974,1,0.995,0.93143,0.37321,0.28793,0.09063,0.24468,0.69414,0.00133472,0.00133472,0.00133472
170,5506.12,0.21052,0.26213,0.05433,0.16565,0.89125,0.99973,1,0.995,0.93477,0.99973,1,0.995,0.9498,0.3589,0.25203,0.08326,0.23753,0.68176,0.00133076,0.00133076,0.00133076
171,5539.79,0.21017,0.24234,0.05685,0.16605,0.87633,0.99974,1,0.995,0.92616,0.99974,1,0.995,0.93831,0.38598,0.28586,0.10338,0.23551,0.70823,0.0013268,0.0013268,0.0013268
172,5571.83,0.20728,0.23702,0.0531,0.16057,0.88493,0.99975,1,0.995,0.93049,0.99975,1,0.995,0.93497,0.38095,0.28545,0.07662,0.23782,0.70512,0.00132284,0.00132284,0.00132284
173,5603.88,0.20973,0.28067,0.05755,0.16167,0.89677,0.99975,1,0.995,0.922,0.99975,1,0.995,0.92367,0.38558,0.32737,0.09329,0.24501,0.71646,0.00131888,0.00131888,0.00131888
174,5635.94,0.20949,0.24666,0.05403,0.16291,0.88748,0.99974,1,0.995,0.91981,0.99974,1,0.995,0.933,0.40245,0.29757,0.09454,0.25216,0.72149,0.00131492,0.00131492,0.00131492
175,5667.78,0.20943,0.23835,0.05112,0.16064,0.89399,0.99974,1,0.995,0.92629,0.99974,1,0.995,0.91996,0.39433,0.2959,0.08153,0.2572,0.71086,0.00131096,0.00131096,0.00131096
176,5699.71,0.20612,0.22513,0.05241,0.16001,0.89022,0.99974,1,0.995,0.93366,0.99974,1,0.995,0.93281,0.37019,0.29155,0.07599,0.25672,0.68799,0.001307,0.001307,0.001307
177,5731.64,0.21369,0.25757,0.05383,0.16362,0.88924,0.99975,1,0.995,0.90543,0.99975,1,0.995,0.89974,0.41407,0.33184,0.08664,0.27499,0.72097,0.00130304,0.00130304,0.00130304
178,5763.72,0.21047,0.24254,0.05295,0.16162,0.89047,0.99976,1,0.995,0.93374,0.99976,1,0.995,0.95631,0.37433,0.24065,0.0736,0.24704,0.68145,0.00129908,0.00129908,0.00129908
179,5797.3,0.2081,0.25068,0.05256,0.16288,0.8915,0.99975,1,0.995,0.92738,0.99975,1,0.995,0.93124,0.38275,0.29522,0.07229,0.26365,0.70632,0.00129512,0.00129512,0.00129512
180,5829.58,0.21343,0.26746,0.04963,0.16245,0.89547,0.99974,1,0.995,0.93027,0.99974,1,0.995,0.94488,0.37676,0.28529,0.08376,0.23568,0.71258,0.00129116,0.00129116,0.00129116
181,5861.71,0.19759,0.2242,0.05002,0.15729,0.88714,0.99975,1,0.995,0.92429,0.99975,1,0.995,0.95011,0.37197,0.2462,0.0732,0.24228,0.70129,0.0012872,0.0012872,0.0012872
182,5893.74,0.19867,0.20278,0.04928,0.15425,0.8861,0.99974,1,0.995,0.93164,0.99974,1,0.995,0.93848,0.36516,0.2611,0.07488,0.2427,0.68475,0.00128324,0.00128324,0.00128324
183,5925.62,0.19979,0.219,0.05021,0.15539,0.88902,0.99976,1,0.995,0.92336,0.99976,1,0.995,0.95675,0.37626,0.24756,0.07652,0.24042,0.70618,0.00127928,0.00127928,0.00127928
184,5957.74,0.2165,0.2204,0.04982,0.16506,0.8891,0.99975,1,0.995,0.93805,0.99975,1,0.995,0.94974,0.38822,0.25852,0.08399,0.2659,0.7154,0.00127532,0.00127532,0.00127532
185,5989.78,0.21127,0.22652,0.054,0.16668,0.88119,0.99974,1,0.995,0.94543,0.99974,1,0.995,0.93895,0.37203,0.26444,0.08627,0.26079,0.70257,0.00127136,0.00127136,0.00127136
186,6021.87,0.20595,0.23232,0.05265,0.16158,0.88097,0.99973,1,0.995,0.93493,0.99973,1,0.995,0.96116,0.39395,0.26773,0.08264,0.25715,0.71708,0.0012674,0.0012674,0.0012674
187,6055.57,0.2086,0.22615,0.05064,0.16249,0.88695,0.99974,1,0.995,0.93495,0.99974,1,0.995,0.95482,0.3632,0.26823,0.08523,0.23902,0.68682,0.00126344,0.00126344,0.00126344
188,6087.53,0.20979,0.21763,0.05108,0.16393,0.88003,1,1,0.995,0.93327,1,1,0.995,0.93022,0.35772,0.25655,0.08959,0.2451,0.68598,0.00125948,0.00125948,0.00125948
189,6119.53,0.20391,0.22278,0.05081,0.15982,0.88068,0.99975,1,0.995,0.93454,0.99975,1,0.995,0.95633,0.36208,0.25562,0.08505,0.24233,0.68235,0.00125552,0.00125552,0.00125552
190,6151.61,0.19333,0.21857,0.05052,0.15457,0.88594,0.99974,1,0.995,0.92134,0.99974,1,0.995,0.95141,0.39253,0.27031,0.08509,0.2716,0.71933,0.00125156,0.00125156,0.00125156
191,6183.69,0.20088,0.18131,0.04801,0.16011,0.87954,1,1,0.995,0.924,1,1,0.995,0.94646,0.38225,0.24544,0.08357,0.25953,0.71562,0.0012476,0.0012476,0.0012476
192,6215.71,0.21073,0.20557,0.05078,0.16599,0.89415,0.99974,1,0.995,0.92948,0.99974,1,0.995,0.9482,0.36994,0.24422,0.0742,0.24258,0.6863,0.00124364,0.00124364,0.00124364
193,6247.81,0.20271,0.20272,0.05139,0.15806,0.88018,0.99973,1,0.995,0.92595,0.99973,1,0.995,0.93786,0.37134,0.27361,0.08107,0.23587,0.68882,0.00123968,0.00123968,0.00123968
194,6279.84,0.20249,0.2106,0.04995,0.15973,0.88517,0.99974,1,0.995,0.92293,0.99974,1,0.995,0.94163,0.37876,0.23449,0.07251,0.27157,0.69761,0.00123572,0.00123572,0.00123572
195,6311.82,0.1988,0.2022,0.04774,0.15668,0.8829,0.99974,1,0.995,0.92456,0.99974,1,0.995,0.93841,0.38843,0.25316,0.07961,0.2555,0.71111,0.00123176,0.00123176,0.00123176
196,6343.92,0.19639,0.20268,0.04891,0.15511,0.88314,0.99975,1,0.995,0.92621,0.99975,1,0.995,0.92907,0.35667,0.26096,0.09351,0.23614,0.68224,0.0012278,0.0012278,0.0012278
197,6376.11,0.19853,0.18679,0.0495,0.15704,0.87899,0.99974,1,0.995,0.93916,0.99974,1,0.995,0.97512,0.36105,0.20348,0.08213,0.2508,0.69362,0.00122384,0.00122384,0.00122384
198,6409.42,0.18901,0.18619,0.04734,0.15067,0.87337,0.99975,1,0.995,0.92612,0.99975,1,0.995,0.95086,0.37871,0.22811,0.08565,0.24697,0.72328,0.00121988,0.00121988,0.00121988
199,6441.6,0.19585,0.20233,0.04849,0.15295,0.87768,0.99974,1,0.995,0.93918,0.99974,1,0.995,0.97122,0.36141,0.21827,0.08047,0.23048,0.68104,0.00121592,0.00121592,0.00121592
200,6473.57,0.18821,0.20284,0.04568,0.15155,0.88243,0.99974,1,0.995,0.93603,0.99974,1,0.995,0.96558,0.36716,0.22945,0.08723,0.2354,0.70349,0.00121196,0.00121196,0.00121196
201,6505.9,0.19131,0.22161,0.04834,0.15379,0.87604,0.99975,1,0.995,0.93094,0.99975,1,0.995,0.95491,0.35861,0.22647,0.08499,0.23537,0.6755,0.001208,0.001208,0.001208
202,6537.74,0.19991,0.23023,0.04867,0.15491,0.88685,0.99974,1,0.995,0.91903,0.99974,1,0.995,0.95924,0.38833,0.21529,0.0627,0.23175,0.69578,0.00120404,0.00120404,0.00120404
203,6569.35,0.19769,0.21893,0.04711,0.15218,0.88413,0.99972,1,0.995,0.92421,0.99972,1,0.995,0.97111,0.34458,0.21246,0.06762,0.22623,0.67863,0.00120008,0.00120008,0.00120008
204,6601.53,0.19238,0.19634,0.0473,0.14763,0.88356,0.99973,1,0.995,0.92498,0.99973,1,0.995,0.96696,0.37676,0.2251,0.07431,0.243,0.7058,0.00119612,0.00119612,0.00119612
205,6634.27,0.18997,0.17606,0.04721,0.14841,0.87657,0.99974,1,0.995,0.93396,0.99974,1,0.995,0.95667,0.34785,0.19729,0.06835,0.22748,0.67912,0.00119216,0.00119216,0.00119216
206,6666.61,0.18414,0.20481,0.04964,0.14695,0.87074,0.99976,1,0.995,0.9197,0.99976,1,0.995,0.95807,0.36086,0.2173,0.08348,0.24931,0.69443,0.0011882,0.0011882,0.0011882
207,6698.91,0.17947,0.19525,0.04418,0.14577,0.87085,0.99959,1,0.995,0.94496,0.99959,1,0.995,0.9463,0.33271,0.23103,0.08171,0.24064,0.67478,0.00118424,0.00118424,0.00118424
208,6730.93,0.18745,0.20298,0.04609,0.15079,0.87829,0.99975,1,0.995,0.93282,0.99975,1,0.995,0.94437,0.34012,0.24879,0.08179,0.23394,0.68111,0.00118028,0.00118028,0.00118028
209,6763.34,0.18009,0.19258,0.04567,0.14493,0.87772,0.99974,1,0.995,0.93705,0.99974,1,0.995,0.94629,0.35391,0.2325,0.08301,0.24186,0.69715,0.00117632,0.00117632,0.00117632
210,6795.29,0.18849,0.19717,0.04575,0.14715,0.88142,0.99973,1,0.995,0.93114,0.99973,1,0.995,0.95784,0.37228,0.24661,0.08005,0.24414,0.7123,0.00117236,0.00117236,0.00117236
211,6827.44,0.18154,0.19018,0.04465,0.1445,0.86386,0.99974,1,0.995,0.93823,0.99974,1,0.995,0.96205,0.34738,0.22448,0.06511,0.23978,0.67603,0.0011684,0.0011684,0.0011684
212,6859.44,0.17909,0.19691,0.04454,0.14387,0.8774,0.99974,1,0.995,0.93494,0.99974,1,0.995,0.95615,0.34659,0.22788,0.06945,0.23434,0.67891,0.00116444,0.00116444,0.00116444
213,6890.91,0.18753,0.18341,0.04618,0.14832,0.87624,0.99973,1,0.995,0.93733,0.99973,1,0.995,0.96081,0.35654,0.21758,0.06917,0.24086,0.6843,0.00116048,0.00116048,0.00116048
214,6922.91,0.19048,0.1741,0.04339,0.15171,0.87747,1,1,0.995,0.92998,1,1,0.995,0.95144,0.36634,0.24007,0.09311,0.2401,0.69271,0.00115652,0.00115652,0.00115652
215,6955.17,0.18995,0.18859,0.04621,0.1518,0.87,0.99975,1,0.995,0.93286,0.99975,1,0.995,0.96529,0.37128,0.21017,0.08783,0.2416,0.71015,0.00115256,0.00115256,0.00115256
216,6987.18,0.18426,0.16553,0.04541,0.14775,0.87476,0.99975,1,0.995,0.93848,0.99975,1,0.995,0.95391,0.34646,0.24265,0.08226,0.23507,0.67843,0.0011486,0.0011486,0.0011486
217,7019.41,0.18168,0.18544,0.04582,0.14727,0.87635,0.99975,1,0.995,0.9347,0.99975,1,0.995,0.96172,0.35853,0.22383,0.07492,0.2364,0.68907,0.00114464,0.00114464,0.00114464
218,7051.41,0.17549,0.18851,0.04446,0.14439,0.87788,0.99975,1,0.995,0.94079,0.99975,1,0.995,0.96492,0.34351,0.21543,0.07427,0.2401,0.67423,0.00114068,0.00114068,0.00114068
219,7083.52,0.18282,0.19039,0.04504,0.14618,0.87764,0.99975,1,0.995,0.93033,0.99975,1,0.995,0.95623,0.35159,0.21574,0.07097,0.23774,0.68727,0.00113672,0.00113672,0.00113672
220,7115.63,0.18254,0.21495,0.04247,0.14871,0.87964,0.99975,1,0.995,0.92302,0.99975,1,0.995,0.95903,0.35481,0.19633,0.08524,0.24249,0.68732,0.00113276,0.00113276,0.00113276
221,7147.71,0.18694,0.21425,0.04487,0.14547,0.88148,1,1,0.995,0.93403,1,1,0.995,0.94511,0.33451,0.24687,0.07767,0.24003,0.66352,0.0011288,0.0011288,0.0011288
222,7179.64,0.177,0.193,0.04865,0.14014,0.8687,0.99975,1,0.995,0.93606,0.99975,1,0.995,0.94285,0.3304,0.21833,0.06435,0.2157,0.64854,0.00112484,0.00112484,0.00112484
223,7211.93,0.18797,0.19281,0.04802,0.14608,0.87179,0.99973,1,0.995,0.93349,0.99973,1,0.995,0.95956,0.34957,0.22351,0.07914,0.22868,0.67431,0.00112088,0.00112088,0.00112088
224,7243.91,0.18802,0.19988,0.04707,0.14671,0.87274,0.99964,1,0.995,0.93144,0.99964,1,0.995,0.96397,0.3491,0.2127,0.06815,0.2378,0.6781,0.00111692,0.00111692,0.00111692
225,7276.13,0.18054,0.19024,0.04584,0.14585,0.87602,0.99975,1,0.995,0.93347,0.99975,1,0.995,0.96099,0.34355,0.21577,0.06915,0.23019,0.67772,0.00111296,0.00111296,0.00111296
226,7308.1,0.18118,0.19636,0.04471,0.14514,0.87487,0.99973,1,0.995,0.94119,0.99973,1,0.995,0.9543,0.34077,0.22225,0.06582,0.22823,0.6743,0.001109,0.001109,0.001109
227,7340.32,0.18367,0.17392,0.04503,0.1432,0.87786,0.99973,1,0.995,0.92627,0.99973,1,0.995,0.94161,0.35905,0.23299,0.06919,0.22842,0.68827,0.00110504,0.00110504,0.00110504
228,7372.37,0.18688,0.19952,0.04731,0.14903,0.87346,0.99967,1,0.995,0.93566,0.99967,1,0.995,0.95374,0.3432,0.21901,0.06704,0.22419,0.67781,0.00110108,0.00110108,0.00110108
229,7403.32,0.18848,0.20301,0.04772,0.14878,0.87883,0.99975,1,0.995,0.94676,0.99975,1,0.995,0.95084,0.33031,0.23039,0.07697,0.2242,0.67352,0.00109712,0.00109712,0.00109712
230,7434.43,0.18477,0.17947,0.04478,0.14947,0.87657,0.99974,1,0.995,0.92978,0.99974,1,0.995,0.95121,0.36928,0.24259,0.08277,0.23752,0.70144,0.00109316,0.00109316,0.00109316
231,7466.64,0.17932,0.21662,0.04626,0.14615,0.87818,0.99974,1,0.995,0.9287,0.99065,0.99091,0.98845,0.93882,0.36361,0.26532,0.06606,0.2378,0.68647,0.0010892,0.0010892,0.0010892
232,7498.73,0.18965,0.1956,0.04542,0.14825,0.87804,0.99973,1,0.995,0.93294,0.99973,1,0.995,0.95295,0.36573,0.25661,0.07543,0.23218,0.69808,0.00108524,0.00108524,0.00108524
233,7531.01,0.18035,0.19746,0.04548,0.14197,0.87593,0.99975,1,0.995,0.93225,0.99975,1,0.995,0.96914,0.35495,0.22867,0.07475,0.24436,0.69106,0.00108128,0.00108128,0.00108128
234,7562.91,0.17945,0.19694,0.04429,0.14123,0.86885,0.99974,1,0.995,0.93224,0.99974,1,0.995,0.94495,0.34485,0.2711,0.07497,0.23378,0.68354,0.00107732,0.00107732,0.00107732
235,7595.11,0.18304,0.1841,0.04397,0.14239,0.87776,0.99974,1,0.995,0.93867,0.99974,1,0.995,0.9587,0.34828,0.23936,0.07685,0.21901,0.69,0.00107336,0.00107336,0.00107336
236,7627.03,0.18147,0.18121,0.04516,0.14376,0.86648,0.99975,1,0.995,0.9354,0.99975,1,0.995,0.9573,0.3463,0.22072,0.06617,0.21916,0.67385,0.0010694,0.0010694,0.0010694
237,7659.33,0.17619,0.16569,0.04403,0.13794,0.86742,0.99974,1,0.995,0.93575,0.9952,0.99545,0.99473,0.95247,0.34693,0.24603,0.06475,0.22331,0.6802,0.00106544,0.00106544,0.00106544
238,7691.34,0.17803,0.17615,0.04311,0.14052,0.86867,0.99975,1,0.995,0.9329,0.9952,0.99545,0.99355,0.93781,0.33789,0.28192,0.07109,0.23126,0.67138,0.00106148,0.00106148,0.00106148
239,7723.47,0.17718,0.18824,0.04321,0.14109,0.86831,0.99975,1,0.995,0.93041,0.99975,1,0.995,0.95461,0.34738,0.24138,0.06853,0.23898,0.68953,0.00105752,0.00105752,0.00105752
240,7755.64,0.17461,0.16199,0.04325,0.13785,0.86427,0.99974,1,0.995,0.93529,0.99974,1,0.995,0.95874,0.33617,0.22422,0.07263,0.23068,0.68173,0.00105356,0.00105356,0.00105356
241,7787.94,0.17612,0.15783,0.04155,0.1418,0.86613,0.99972,1,0.995,0.93655,0.99972,1,0.995,0.95006,0.3334,0.25354,0.07214,0.22535,0.68841,0.0010496,0.0010496,0.0010496
242,7820.14,0.17799,0.16117,0.04055,0.1418,0.87235,0.99974,1,0.995,0.93105,0.99974,1,0.995,0.95458,0.34421,0.23477,0.06976,0.2463,0.68449,0.00104564,0.00104564,0.00104564
243,7852.4,0.17203,0.15826,0.04406,0.14154,0.87886,0.99975,1,0.995,0.93409,0.99975,1,0.995,0.95676,0.34689,0.20799,0.06439,0.2266,0.68664,0.00104168,0.00104168,0.00104168
244,7884.59,0.18311,0.19739,0.04373,0.1423,0.87473,0.99973,1,0.995,0.93585,0.99973,1,0.995,0.95908,0.3583,0.2435,0.07649,0.23685,0.69668,0.00103772,0.00103772,0.00103772
245,7916.48,0.17454,0.16619,0.04176,0.13937,0.87217,0.99974,1,0.995,0.93644,0.99974,1,0.995,0.9616,0.34921,0.21993,0.07261,0.2344,0.69274,0.00103376,0.00103376,0.00103376
246,7948.74,0.17619,0.18957,0.04175,0.13997,0.87051,0.99975,1,0.995,0.93304,0.99975,1,0.995,0.95919,0.33015,0.22158,0.06063,0.21408,0.66715,0.0010298,0.0010298,0.0010298
247,7980.88,0.16681,0.16644,0.0418,0.13591,0.8659,0.9997,1,0.995,0.94355,0.9997,1,0.995,0.96648,0.32798,0.20134,0.07077,0.20729,0.66151,0.00102584,0.00102584,0.00102584
248,8013.08,0.17708,0.17753,0.044,0.13964,0.87237,0.9997,1,0.995,0.9383,0.9997,1,0.995,0.97011,0.32699,0.18108,0.06455,0.21196,0.66187,0.00102188,0.00102188,0.00102188
249,8045.37,0.16462,0.15022,0.04329,0.13393,0.86128,0.99975,1,0.995,0.92958,0.99975,1,0.995,0.96841,0.34643,0.19407,0.08348,0.21605,0.6932,0.00101792,0.00101792,0.00101792
250,8077.44,0.17553,0.15914,0.04245,0.13755,0.86956,0.99974,1,0.995,0.93512,0.99974,1,0.995,0.96215,0.35227,0.2094,0.08849,0.22292,0.69301,0.00101396,0.00101396,0.00101396
251,8109.23,0.16357,0.14978,0.04204,0.13132,0.86804,0.9997,1,0.995,0.93504,0.9997,1,0.995,0.95814,0.33218,0.2113,0.086,0.21561,0.67559,0.00101,0.00101,0.00101
252,8141.34,0.16489,0.15375,0.04162,0.13428,0.87637,0.99976,1,0.995,0.93762,0.99976,1,0.995,0.95165,0.32726,0.22534,0.08287,0.21915,0.6708,0.00100604,0.00100604,0.00100604
253,8173.52,0.16739,0.16322,0.04173,0.13609,0.867,0.99974,1,0.995,0.94178,0.99974,1,0.995,0.96355,0.32815,0.2169,0.06708,0.22535,0.68391,0.00100208,0.00100208,0.00100208
254,8205.71,0.15837,0.15173,0.04202,0.13187,0.86027,0.99955,1,0.995,0.9374,0.99955,1,0.995,0.97071,0.3242,0.18413,0.06091,0.22212,0.66988,0.00099812,0.00099812,0.00099812
255,8238.01,0.1651,0.14888,0.04091,0.13274,0.85851,0.99961,1,0.995,0.94569,0.99961,1,0.995,0.96891,0.31409,0.19211,0.05931,0.20651,0.65117,0.00099416,0.00099416,0.00099416
256,8272.01,0.16309,0.14601,0.04051,0.13367,0.86904,0.99965,1,0.995,0.93108,0.99965,1,0.995,0.9652,0.33485,0.18759,0.05634,0.2142,0.67297,0.0009902,0.0009902,0.0009902
257,8303.93,0.16598,0.14936,0.04203,0.13733,0.86405,0.99975,1,0.995,0.93754,0.99975,1,0.995,0.96707,0.31695,0.19568,0.06261,0.22485,0.66307,0.00098624,0.00098624,0.00098624
258,8335.99,0.16402,0.1583,0.0418,0.13645,0.87751,0.99974,1,0.995,0.94026,0.99974,1,0.995,0.96792,0.33564,0.19011,0.06291,0.22453,0.663,0.00098228,0.00098228,0.00098228
259,8367.98,0.17442,0.1656,0.04173,0.13919,0.87211,0.99974,1,0.995,0.94776,0.99974,1,0.995,0.97813,0.3267,0.20071,0.06323,0.22329,0.659,0.00097832,0.00097832,0.00097832
260,8401.72,0.17026,0.17727,0.04346,0.13921,0.87106,0.99971,1,0.995,0.94555,0.99971,1,0.995,0.97086,0.32124,0.19515,0.07557,0.23796,0.65521,0.00097436,0.00097436,0.00097436
261,8433.68,0.16435,0.16611,0.03947,0.13551,0.86201,0.99976,1,0.995,0.94967,0.99976,1,0.995,0.97008,0.32018,0.1914,0.06667,0.23087,0.65522,0.0009704,0.0009704,0.0009704
262,8465.78,0.15783,0.14275,0.03954,0.13031,0.86839,0.99975,1,0.995,0.94746,0.99975,1,0.995,0.96978,0.32017,0.18486,0.07442,0.22427,0.6579,0.00096644,0.00096644,0.00096644
263,8497.92,0.16937,0.14864,0.03956,0.13847,0.86781,0.99975,1,0.995,0.93843,0.99975,1,0.995,0.97281,0.32517,0.17979,0.0637,0.21742,0.6691,0.00096248,0.00096248,0.00096248
264,8530.08,0.17725,0.14038,0.03938,0.13589,0.87299,0.99975,1,0.995,0.92956,0.99975,1,0.995,0.97758,0.33974,0.15924,0.05586,0.22182,0.67595,0.00095852,0.00095852,0.00095852
265,8562.11,0.16177,0.1386,0.04001,0.13014,0.85748,1,1,0.995,0.94128,1,1,0.995,0.97812,0.31636,0.16977,0.06357,0.21551,0.64737,0.00095456,0.00095456,0.00095456
266,8594.12,0.1651,0.14723,0.04081,0.13397,0.87066,0.99976,1,0.995,0.94026,0.99976,1,0.995,0.97179,0.32867,0.17584,0.05423,0.22334,0.66367,0.0009506,0.0009506,0.0009506
267,8626.21,0.15842,0.15717,0.039,0.13161,0.86721,0.99975,1,0.995,0.94002,0.99975,1,0.995,0.97206,0.31329,0.1764,0.05298,0.22219,0.6519,0.00094664,0.00094664,0.00094664
268,8657.11,0.16055,0.15099,0.03916,0.13063,0.86449,0.99963,1,0.995,0.94284,0.99963,1,0.995,0.9709,0.30736,0.17568,0.05934,0.21117,0.65162,0.00094268,0.00094268,0.00094268
269,8688.51,0.15744,0.13844,0.03871,0.12693,0.87077,0.99967,1,0.995,0.94902,0.99967,1,0.995,0.97185,0.30786,0.17991,0.05968,0.21159,0.65757,0.00093872,0.00093872,0.00093872
270,8720.64,0.16779,0.14271,0.04041,0.13391,0.86737,0.99971,1,0.995,0.94413,0.99971,1,0.995,0.96109,0.30957,0.20064,0.07031,0.22053,0.65036,0.00093476,0.00093476,0.00093476
271,8752.76,0.15779,0.13469,0.04064,0.12714,0.863,0.99974,1,0.995,0.94751,0.99974,1,0.995,0.96377,0.31268,0.20134,0.07413,0.21241,0.66012,0.0009308,0.0009308,0.0009308
272,8784.88,0.15687,0.14502,0.04106,0.12903,0.86359,0.99973,1,0.995,0.94164,0.99973,1,0.995,0.96539,0.31706,0.18833,0.05934,0.20533,0.65558,0.00092684,0.00092684,0.00092684
273,8817.08,0.15175,0.133,0.03741,0.12829,0.85804,0.99975,1,0.995,0.93785,0.99975,1,0.995,0.97145,0.31793,0.18542,0.05404,0.19856,0.65323,0.00092288,0.00092288,0.00092288
274,8849.11,0.15526,0.13842,0.03936,0.12496,0.86401,0.99975,1,0.995,0.94818,0.99975,1,0.995,0.97326,0.30912,0.17858,0.05566,0.18927,0.65335,0.00091892,0.00091892,0.00091892
275,8881.47,0.15751,0.1304,0.03918,0.1291,0.86781,0.99975,1,0.995,0.94942,0.99975,1,0.995,0.97762,0.30472,0.16793,0.05498,0.17897,0.64464,0.00091496,0.00091496,0.00091496
276,8914.95,0.15152,0.13834,0.03851,0.12572,0.86696,0.99975,1,0.995,0.94591,0.99975,1,0.995,0.96923,0.3025,0.17832,0.06541,0.18339,0.647,0.000911,0.000911,0.000911
277,8947.22,0.15547,0.15057,0.03889,0.12891,0.86406,0.99974,1,0.995,0.93649,0.99974,1,0.995,0.95438,0.31863,0.19623,0.0693,0.2013,0.66551,0.00090704,0.00090704,0.00090704
278,8979.37,0.15067,0.15249,0.04005,0.12504,0.85924,0.99975,1,0.995,0.94036,0.99975,1,0.995,0.95746,0.32393,0.19646,0.05615,0.19827,0.66412,0.00090308,0.00090308,0.00090308
279,9011.38,0.14995,0.14261,0.0379,0.12597,0.86015,0.99974,1,0.995,0.93873,0.99974,1,0.995,0.95574,0.32005,0.20223,0.0529,0.19314,0.65288,0.00089912,0.00089912,0.00089912
280,9043.49,0.15555,0.13616,0.0386,0.13017,0.86386,0.99972,1,0.995,0.9414,0.99972,1,0.995,0.96631,0.30525,0.19679,0.0573,0.19518,0.64817,0.00089516,0.00089516,0.00089516
281,9075,0.15228,0.14041,0.03793,0.12624,0.8683,0.99972,1,0.995,0.94278,0.99972,1,0.995,0.96945,0.31492,0.18521,0.05119,0.20263,0.64702,0.0008912,0.0008912,0.0008912
282,9106.98,0.15333,0.14994,0.0384,0.12653,0.86994,0.99976,1,0.995,0.93672,0.99976,1,0.995,0.97633,0.31885,0.16396,0.05819,0.20844,0.66424,0.00088724,0.00088724,0.00088724
283,9138.84,0.15465,0.13995,0.03952,0.13201,0.85987,1,1,0.995,0.94071,1,1,0.995,0.97899,0.33138,0.16526,0.06841,0.21459,0.67488,0.00088328,0.00088328,0.00088328
284,9170.62,0.15658,0.14085,0.03754,0.13045,0.8653,1,1,0.995,0.93199,1,1,0.995,0.97002,0.32878,0.1744,0.05515,0.20738,0.67435,0.00087932,0.00087932,0.00087932
285,9202.71,0.1551,0.12918,0.03722,0.12807,0.86365,0.99976,1,0.995,0.9415,0.99976,1,0.995,0.96247,0.32887,0.19421,0.05246,0.20706,0.67023,0.00087536,0.00087536,0.00087536
286,9234.81,0.15251,0.12132,0.03625,0.12526,0.87182,0.99976,1,0.995,0.94314,0.99976,1,0.995,0.97122,0.30741,0.17104,0.05277,0.18596,0.64882,0.0008714,0.0008714,0.0008714
287,9266.73,0.15329,0.13107,0.03872,0.12815,0.85809,0.99975,1,0.995,0.94607,0.99975,1,0.995,0.9682,0.32395,0.18084,0.05792,0.18316,0.65829,0.00086744,0.00086744,0.00086744
288,9298.87,0.15093,0.151,0.03978,0.12455,0.85734,0.99975,1,0.995,0.94511,0.99975,1,0.995,0.96169,0.3151,0.19078,0.05344,0.17928,0.65662,0.00086348,0.00086348,0.00086348
289,9330.7,0.1495,0.12748,0.03725,0.12353,0.8649,0.99976,1,0.995,0.94076,0.99976,1,0.995,0.95808,0.31947,0.20042,0.0558,0.19173,0.65723,0.00085952,0.00085952,0.00085952
290,9362.02,0.14872,0.12834,0.0372,0.12456,0.85084,0.99975,1,0.995,0.94116,0.99975,1,0.995,0.95667,0.31046,0.19094,0.05537,0.18687,0.64842,0.00085556,0.00085556,0.00085556
291,9393.94,0.15041,0.14823,0.03899,0.12161,0.862,0.99974,1,0.995,0.94383,0.99974,1,0.995,0.9598,0.30073,0.1827,0.05036,0.1945,0.63708,0.0008516,0.0008516,0.0008516
292,9426.01,0.14899,0.13799,0.03762,0.1231,0.85946,0.99974,1,0.995,0.94277,0.99974,1,0.995,0.96285,0.29758,0.18048,0.05324,0.19349,0.63473,0.00084764,0.00084764,0.00084764
293,9457.99,0.15119,0.12966,0.0378,0.12418,0.85744,0.99975,1,0.995,0.94339,0.99975,1,0.995,0.96683,0.31205,0.17435,0.05107,0.19944,0.64667,0.00084368,0.00084368,0.00084368
294,9489.54,0.15889,0.13881,0.0397,0.12705,0.86773,1,1,0.995,0.94594,1,1,0.995,0.96947,0.31378,0.19106,0.0545,0.18763,0.64955,0.00083972,0.00083972,0.00083972
295,9521.52,0.14869,0.12975,0.03911,0.12491,0.86644,0.99976,1,0.995,0.93964,0.99976,1,0.995,0.96803,0.31581,0.17792,0.06184,0.19231,0.65163,0.00083576,0.00083576,0.00083576
296,9553.57,0.15088,0.12754,0.03656,0.12756,0.8624,0.99975,1,0.995,0.94003,0.99975,1,0.995,0.95747,0.30867,0.18485,0.06459,0.19082,0.64879,0.0008318,0.0008318,0.0008318
297,9585.32,0.15158,0.15077,0.03897,0.1256,0.85157,0.99975,1,0.995,0.93727,0.99975,1,0.995,0.95588,0.31253,0.17612,0.06165,0.19177,0.65088,0.00082784,0.00082784,0.00082784
298,9618.72,0.15013,0.14222,0.03921,0.1218,0.86445,0.99974,1,0.995,0.93929,0.99974,1,0.995,0.96348,0.3081,0.17269,0.05298,0.18826,0.64094,0.00082388,0.00082388,0.00082388
299,9650.51,0.15102,0.13039,0.03615,0.12552,0.86854,0.99975,1,0.995,0.93801,0.99975,1,0.995,0.96086,0.32234,0.20137,0.05622,0.18541,0.65209,0.00081992,0.00081992,0.00081992
300,9683.21,0.14867,0.13567,0.03664,0.12235,0.86031,1,1,0.995,0.94662,1,1,0.995,0.96012,0.30797,0.18731,0.05157,0.17889,0.64361,0.00081596,0.00081596,0.00081596
301,9714.81,0.14642,0.13101,0.0368,0.12064,0.85928,0.99975,1,0.995,0.95743,0.99975,1,0.995,0.96307,0.29005,0.1861,0.05761,0.1703,0.63176,0.000812,0.000812,0.000812
302,9746.94,0.15091,0.13282,0.03829,0.12285,0.86838,0.99976,1,0.995,0.94718,0.99976,1,0.995,0.96955,0.2929,0.17518,0.05502,0.18706,0.63913,0.00080804,0.00080804,0.00080804
303,9778.68,0.15688,0.15665,0.03913,0.12836,0.867,1,1,0.995,0.94148,1,1,0.995,0.96618,0.31901,0.19994,0.05891,0.19482,0.66399,0.00080408,0.00080408,0.00080408
304,9810.81,0.15334,0.13696,0.03833,0.1271,0.86312,0.99975,1,0.995,0.93761,0.99975,1,0.995,0.95249,0.34443,0.22959,0.05854,0.20525,0.67261,0.00080012,0.00080012,0.00080012
305,9842.41,0.15211,0.13745,0.0386,0.12434,0.86127,0.99975,1,0.995,0.94267,0.99975,1,0.995,0.94905,0.32153,0.23004,0.06178,0.20122,0.66311,0.00079616,0.00079616,0.00079616
306,9874.52,0.14628,0.12808,0.03502,0.12405,0.86317,0.99975,1,0.995,0.94799,0.99975,1,0.995,0.94537,0.31222,0.2362,0.06717,0.21013,0.65326,0.0007922,0.0007922,0.0007922
307,9906.24,0.14997,0.12557,0.03656,0.12763,0.85757,0.99975,1,0.995,0.95799,0.99975,1,0.995,0.96249,0.27685,0.2096,0.05233,0.18862,0.61793,0.00078824,0.00078824,0.00078824
308,9938.5,0.15005,0.12783,0.03707,0.12539,0.85667,0.99976,1,0.995,0.95296,0.99976,1,0.995,0.9624,0.2889,0.2001,0.05361,0.19247,0.62962,0.00078428,0.00078428,0.00078428
309,9970.19,0.14199,0.12802,0.03754,0.11999,0.86522,1,1,0.995,0.95138,1,1,0.995,0.96916,0.30083,0.19459,0.06489,0.19728,0.64595,0.00078032,0.00078032,0.00078032
310,10002.4,0.14118,0.12128,0.03775,0.1212,0.8598,0.99976,1,0.995,0.94763,0.99976,1,0.995,0.96946,0.31107,0.17692,0.06193,0.2048,0.6579,0.00077636,0.00077636,0.00077636
311,10034.1,0.15076,0.11931,0.03459,0.12501,0.85949,1,1,0.995,0.94967,1,1,0.995,0.97205,0.30849,0.18378,0.05881,0.20624,0.65176,0.0007724,0.0007724,0.0007724
312,10066.4,0.148,0.13356,0.03867,0.12483,0.85791,0.99976,1,0.995,0.95205,0.99976,1,0.995,0.96467,0.29985,0.1911,0.06435,0.20502,0.64793,0.00076844,0.00076844,0.00076844
313,10098,0.14631,0.12101,0.03593,0.12317,0.86289,0.99976,1,0.995,0.93977,0.99976,1,0.995,0.95965,0.31756,0.21094,0.07117,0.21414,0.66412,0.00076448,0.00076448,0.00076448
314,10130,0.14599,0.11597,0.03304,0.12097,0.85519,0.99976,1,0.995,0.93984,0.99976,1,0.995,0.95803,0.30895,0.2068,0.06535,0.21346,0.65522,0.00076052,0.00076052,0.00076052
315,10161.7,0.14512,0.1246,0.03734,0.1194,0.86815,0.99976,1,0.995,0.94648,0.99976,1,0.995,0.97448,0.30224,0.18193,0.06112,0.20416,0.64962,0.00075656,0.00075656,0.00075656
316,10194.1,0.14693,0.12962,0.03933,0.11811,0.85788,1,1,0.995,0.94916,1,1,0.995,0.97405,0.29717,0.16527,0.05596,0.20061,0.64255,0.0007526,0.0007526,0.0007526
317,10225.9,0.14453,0.12805,0.03691,0.11577,0.86164,0.99975,1,0.995,0.94188,0.99975,1,0.995,0.97238,0.30387,0.17122,0.06088,0.19769,0.64598,0.00074864,0.00074864,0.00074864
318,10258,0.13986,0.12862,0.03477,0.11571,0.85651,0.99976,1,0.995,0.94486,0.99976,1,0.995,0.96967,0.30322,0.17414,0.05845,0.19914,0.64185,0.00074468,0.00074468,0.00074468
319,10289.7,0.14017,0.10798,0.03303,0.11822,0.85507,0.99975,1,0.995,0.94417,0.99975,1,0.995,0.97421,0.30448,0.15945,0.0617,0.20832,0.64452,0.00074072,0.00074072,0.00074072
320,10322,0.14027,0.12738,0.0373,0.11617,0.86001,0.99976,1,0.995,0.94003,0.99976,1,0.995,0.97605,0.30851,0.16237,0.0697,0.20517,0.65375,0.00073676,0.00073676,0.00073676
321,10353.6,0.14594,0.11879,0.0344,0.11788,0.86819,0.99976,1,0.995,0.94107,0.99976,1,0.995,0.97208,0.31721,0.16992,0.07579,0.22053,0.65587,0.0007328,0.0007328,0.0007328
322,10385.8,0.14598,0.11069,0.03414,0.12167,0.86315,0.99975,1,0.995,0.94437,0.99975,1,0.995,0.96901,0.33295,0.19204,0.07327,0.2225,0.67603,0.00072884,0.00072884,0.00072884
323,10417.6,0.14092,0.11619,0.0383,0.11896,0.85715,0.99975,1,0.995,0.94174,0.99975,1,0.995,0.97214,0.33018,0.20186,0.07423,0.22285,0.68009,0.00072488,0.00072488,0.00072488
324,10449.7,0.14126,0.1164,0.03514,0.11977,0.85661,0.99976,1,0.995,0.94377,0.99976,1,0.995,0.97521,0.31311,0.19504,0.08111,0.20787,0.66795,0.00072092,0.00072092,0.00072092
325,10481.6,0.13479,0.11087,0.03547,0.11905,0.85938,0.99976,1,0.995,0.94629,0.99976,1,0.995,0.9744,0.31576,0.18152,0.07248,0.21655,0.67503,0.00071696,0.00071696,0.00071696
326,10513.8,0.13756,0.11546,0.03486,0.11639,0.86002,0.99976,1,0.995,0.95215,0.99976,1,0.995,0.96772,0.30264,0.1805,0.07448,0.2215,0.66566,0.000713,0.000713,0.000713
327,10545.6,0.13414,0.11683,0.03352,0.11483,0.85239,0.99976,1,0.995,0.95062,0.99976,1,0.995,0.97082,0.29923,0.1876,0.07853,0.21517,0.65238,0.00070904,0.00070904,0.00070904
328,10577.8,0.13336,0.11082,0.03393,0.11283,0.8626,0.99975,1,0.995,0.95414,0.99975,1,0.995,0.96653,0.29839,0.18402,0.07099,0.21154,0.65194,0.00070508,0.00070508,0.00070508
329,10609.7,0.13666,0.10983,0.03491,0.11429,0.85982,0.99975,1,0.995,0.94284,0.99975,1,0.995,0.96369,0.30622,0.17289,0.07076,0.21108,0.65771,0.00070112,0.00070112,0.00070112
330,10641.8,0.1303,0.10985,0.03654,0.11336,0.84997,0.99976,1,0.995,0.94415,0.99976,1,0.995,0.97076,0.30149,0.15969,0.06595,0.20654,0.65414,0.00069716,0.00069716,0.00069716
331,10673.5,0.13023,0.10467,0.03262,0.11283,0.8548,0.99975,1,0.995,0.94298,0.99975,1,0.995,0.9768,0.2983,0.15175,0.0631,0.2062,0.64989,0.0006932,0.0006932,0.0006932
332,10705.6,0.13939,0.10883,0.03438,0.11417,0.85749,0.99975,1,0.995,0.94603,0.99975,1,0.995,0.97928,0.30022,0.15681,0.06215,0.20675,0.64866,0.00068924,0.00068924,0.00068924
333,10737.2,0.13959,0.11563,0.03575,0.11555,0.8549,0.99976,1,0.995,0.94213,0.99976,1,0.995,0.96975,0.30809,0.16485,0.06453,0.20309,0.64892,0.00068528,0.00068528,0.00068528
334,10769.3,0.13492,0.11639,0.03348,0.11411,0.85532,0.99974,1,0.995,0.94672,0.99974,1,0.995,0.97453,0.30233,0.15339,0.05747,0.20074,0.64962,0.00068132,0.00068132,0.00068132
335,10800.9,0.13718,0.10625,0.03362,0.11347,0.8468,0.99974,1,0.995,0.94386,0.99974,1,0.995,0.96953,0.31561,0.1631,0.06441,0.20568,0.66904,0.00067736,0.00067736,0.00067736
336,10833.2,0.14203,0.11625,0.0349,0.11668,0.85569,0.99975,1,0.995,0.94203,0.99975,1,0.995,0.97613,0.32296,0.16599,0.07087,0.21249,0.67751,0.0006734,0.0006734,0.0006734
337,10864.8,0.13663,0.13371,0.03712,0.11586,0.86017,0.99976,1,0.995,0.94043,0.99976,1,0.995,0.97372,0.31401,0.16764,0.06623,0.20815,0.66382,0.00066944,0.00066944,0.00066944
338,10896.6,0.13498,0.11718,0.03114,0.11624,0.85206,0.99975,1,0.995,0.94209,0.99975,1,0.995,0.97425,0.31013,0.17627,0.06738,0.20755,0.66875,0.00066548,0.00066548,0.00066548
339,10928.6,0.12977,0.10846,0.03158,0.11451,0.85466,0.99975,1,0.995,0.94511,0.99975,1,0.995,0.97387,0.31005,0.18958,0.06594,0.2081,0.66534,0.00066152,0.00066152,0.00066152
340,10960.9,0.13121,0.10523,0.03501,0.11333,0.85729,0.99974,1,0.995,0.94552,0.99974,1,0.995,0.96995,0.31369,0.18288,0.06672,0.20228,0.66877,0.00065756,0.00065756,0.00065756
341,10993.2,0.13722,0.09816,0.03368,0.11543,0.85466,0.99975,1,0.995,0.9464,0.99975,1,0.995,0.97527,0.31159,0.17348,0.06483,0.19818,0.66533,0.0006536,0.0006536,0.0006536
342,11025.5,0.13254,0.09983,0.03195,0.11081,0.84957,0.99976,1,0.995,0.94807,0.99976,1,0.995,0.9736,0.30503,0.16953,0.06193,0.19258,0.65458,0.00064964,0.00064964,0.00064964
343,11057.4,0.13141,0.10862,0.03467,0.10933,0.85399,0.99975,1,0.995,0.95205,0.99975,1,0.995,0.97726,0.30458,0.15522,0.05753,0.19239,0.6502,0.00064568,0.00064568,0.00064568
344,11091.3,0.12628,0.14751,0.03413,0.10712,0.85925,0.99975,1,0.995,0.94617,0.99975,1,0.995,0.97672,0.30552,0.1494,0.0567,0.19567,0.65239,0.00064172,0.00064172,0.00064172
345,11123.6,0.12991,0.10782,0.03266,0.10594,0.84678,0.99975,1,0.995,0.94388,0.99975,1,0.995,0.97821,0.30604,0.15084,0.05542,0.20047,0.65247,0.00063776,0.00063776,0.00063776
346,11155.8,0.13397,0.10759,0.03318,0.11191,0.85704,0.99976,1,0.995,0.94752,0.99976,1,0.995,0.97107,0.30948,0.16008,0.05772,0.2005,0.65717,0.0006338,0.0006338,0.0006338
347,11188.1,0.12581,0.10268,0.0344,0.1083,0.85215,0.99975,1,0.995,0.94635,0.99975,1,0.995,0.97637,0.30411,0.15953,0.05842,0.19353,0.65205,0.00062984,0.00062984,0.00062984
348,11220.2,0.13246,0.11017,0.03468,0.11026,0.8498,0.99976,1,0.995,0.943,0.99976,1,0.995,0.9725,0.30182,0.16119,0.0524,0.18827,0.65042,0.00062588,0.00062588,0.00062588
349,11252.6,0.12981,0.09852,0.0337,0.10865,0.84569,0.99976,1,0.995,0.94562,0.99976,1,0.995,0.97126,0.30435,0.16064,0.05139,0.17985,0.65174,0.00062192,0.00062192,0.00062192
350,11284.7,0.13222,0.10993,0.03466,0.10946,0.85882,0.99976,1,0.995,0.94688,0.99976,1,0.995,0.96717,0.30454,0.16443,0.05814,0.19567,0.65327,0.00061796,0.00061796,0.00061796
351,11316.8,0.13151,0.10473,0.03367,0.11023,0.84449,0.99976,1,0.995,0.94212,0.99976,1,0.995,0.96462,0.30034,0.16814,0.06,0.19437,0.64957,0.000614,0.000614,0.000614
352,11348.8,0.12854,0.10107,0.03481,0.10938,0.85109,0.99976,1,0.995,0.94155,0.99976,1,0.995,0.9631,0.30106,0.16548,0.05619,0.19256,0.6508,0.00061004,0.00061004,0.00061004
353,11379.7,0.12528,0.10397,0.03285,0.10632,0.85169,0.99976,1,0.995,0.94346,0.99976,1,0.995,0.96247,0.30126,0.16656,0.05373,0.18765,0.65438,0.00060608,0.00060608,0.00060608
354,11411,0.13121,0.10627,0.03116,0.10958,0.8486,0.99974,1,0.995,0.94833,0.99974,1,0.995,0.96796,0.30112,0.16028,0.05081,0.18274,0.65498,0.00060212,0.00060212,0.00060212
355,11443.2,0.12766,0.10244,0.03259,0.10765,0.85319,0.99974,1,0.995,0.95075,0.99974,1,0.995,0.9684,0.30154,0.16242,0.05444,0.18404,0.6532,0.00059816,0.00059816,0.00059816
356,11476.2,0.12327,0.09911,0.03336,0.10523,0.85182,0.99975,1,0.995,0.95053,0.99975,1,0.995,0.9693,0.30109,0.1615,0.05315,0.18384,0.65261,0.0005942,0.0005942,0.0005942
357,11508.6,0.11966,0.0945,0.03233,0.10435,0.8494,0.99975,1,0.995,0.94927,0.99975,1,0.995,0.9682,0.29828,0.16012,0.05135,0.1768,0.65023,0.00059024,0.00059024,0.00059024
358,11540.8,0.11821,0.099,0.03113,0.10199,0.84885,0.99974,1,0.995,0.9487,0.99974,1,0.995,0.96759,0.30185,0.1515,0.05467,0.17781,0.65183,0.00058628,0.00058628,0.00058628
359,11572.9,0.11728,0.09655,0.03248,0.10377,0.85533,0.99976,1,0.995,0.94643,0.99976,1,0.995,0.97259,0.30167,0.14859,0.05091,0.17303,0.65253,0.00058232,0.00058232,0.00058232
360,11605.4,0.11851,0.09244,0.03173,0.10361,0.85558,0.99974,1,0.995,0.95031,0.99974,1,0.995,0.9738,0.29654,0.15007,0.0507,0.17336,0.64436,0.00057836,0.00057836,0.00057836
361,11637.6,0.11774,0.09403,0.03139,0.10218,0.85131,0.99974,1,0.995,0.95077,0.99974,1,0.995,0.96947,0.2985,0.145,0.04844,0.17699,0.64648,0.0005744,0.0005744,0.0005744
362,11670,0.11973,0.09314,0.0314,0.10431,0.84393,0.99975,1,0.995,0.95089,0.99975,1,0.995,0.96588,0.29927,0.15082,0.04802,0.17855,0.64446,0.00057044,0.00057044,0.00057044
363,11702.2,0.12203,0.09213,0.03259,0.10347,0.85259,0.99975,1,0.995,0.94809,0.99975,1,0.995,0.96512,0.29655,0.15172,0.04455,0.17295,0.63744,0.00056648,0.00056648,0.00056648
364,11734.6,0.12369,0.09432,0.0314,0.10348,0.85685,0.99976,1,0.995,0.9453,0.99976,1,0.995,0.96507,0.29414,0.14769,0.04647,0.17459,0.63889,0.00056252,0.00056252,0.00056252
365,11766.7,0.12012,0.101,0.03228,0.10501,0.8423,0.99976,1,0.995,0.94574,0.99976,1,0.995,0.96864,0.29294,0.14775,0.0476,0.17137,0.64051,0.00055856,0.00055856,0.00055856
366,11799,0.12122,0.09493,0.03184,0.10305,0.85266,0.99976,1,0.995,0.94537,0.99976,1,0.995,0.96959,0.29268,0.14899,0.04514,0.16783,0.63968,0.0005546,0.0005546,0.0005546
367,11831,0.11763,0.09411,0.03302,0.10161,0.8479,1,1,0.995,0.94794,1,1,0.995,0.96946,0.28907,0.15438,0.04484,0.16694,0.6375,0.00055064,0.00055064,0.00055064
368,11863.3,0.12421,0.09698,0.03245,0.10523,0.85347,0.99976,1,0.995,0.95032,0.99976,1,0.995,0.97036,0.28688,0.16115,0.04491,0.17013,0.63408,0.00054668,0.00054668,0.00054668
369,11895.7,0.12405,0.0882,0.03195,0.10438,0.85413,0.99976,1,0.995,0.94918,0.99976,1,0.995,0.97048,0.28354,0.15748,0.04898,0.17072,0.63012,0.00054272,0.00054272,0.00054272
370,11928.2,0.12039,0.09264,0.03373,0.1039,0.8514,0.99975,1,0.995,0.9456,0.99975,1,0.995,0.96742,0.29243,0.15361,0.04753,0.17905,0.64035,0.00053876,0.00053876,0.00053876
371,11960.4,0.11515,0.08584,0.03103,0.103,0.84669,0.99975,1,0.995,0.94755,0.99975,1,0.995,0.96964,0.28977,0.14759,0.04568,0.17211,0.63898,0.0005348,0.0005348,0.0005348
372,11992.8,0.11872,0.09297,0.03055,0.10143,0.85268,0.99975,1,0.995,0.94816,0.99975,1,0.995,0.96674,0.2851,0.14964,0.04491,0.16413,0.63524,0.00053084,0.00053084,0.00053084
373,12024.6,0.12025,0.08361,0.03229,0.10261,0.84278,0.99974,1,0.995,0.95012,0.99974,1,0.995,0.96813,0.2916,0.1444,0.04591,0.17294,0.64419,0.00052688,0.00052688,0.00052688
374,12056.9,0.12451,0.09773,0.03188,0.10433,0.84795,0.99975,1,0.995,0.94626,0.99975,1,0.995,0.97769,0.30102,0.13843,0.04355,0.18029,0.64986,0.00052292,0.00052292,0.00052292
375,12089.1,0.12193,0.0903,0.03223,0.10112,0.85408,0.99976,1,0.995,0.94887,0.99976,1,0.995,0.98033,0.29634,0.1267,0.04321,0.17812,0.6493,0.00051896,0.00051896,0.00051896
376,12121.5,0.11955,0.0852,0.02998,0.10242,0.8465,0.99976,1,0.995,0.95192,0.99976,1,0.995,0.97408,0.28934,0.12693,0.04617,0.17317,0.64375,0.000515,0.000515,0.000515
377,12153.9,0.11397,0.07856,0.03141,0.10048,0.84938,0.99975,1,0.995,0.94958,0.99975,1,0.995,0.96418,0.29294,0.1358,0.05009,0.17403,0.64521,0.00051104,0.00051104,0.00051104
378,12186.2,0.11795,0.08741,0.03009,0.10089,0.84291,0.99976,1,0.995,0.94979,0.99976,1,0.995,0.96857,0.29528,0.14143,0.05013,0.17164,0.64305,0.00050708,0.00050708,0.00050708
379,12218.3,0.12011,0.08622,0.02962,0.1055,0.85541,0.99975,1,0.995,0.9454,0.99975,1,0.995,0.97436,0.30503,0.14341,0.05314,0.18196,0.65344,0.00050312,0.00050312,0.00050312
380,12250.5,0.11909,0.08842,0.03169,0.10134,0.85241,0.99976,1,0.995,0.94652,0.99976,1,0.995,0.97242,0.29709,0.14416,0.05071,0.18331,0.64908,0.00049916,0.00049916,0.00049916
381,12282.7,0.11688,0.0803,0.03108,0.0997,0.84799,0.99975,1,0.995,0.94367,0.99975,1,0.995,0.97169,0.2896,0.14513,0.04882,0.17899,0.6422,0.0004952,0.0004952,0.0004952
382,12315,0.11535,0.07744,0.03046,0.10022,0.84352,0.99975,1,0.995,0.94758,0.99975,1,0.995,0.97283,0.2871,0.1477,0.0481,0.17827,0.6376,0.00049124,0.00049124,0.00049124
383,12347.1,0.11736,0.0917,0.03117,0.10189,0.84981,0.99976,1,0.995,0.94842,0.99976,1,0.995,0.97651,0.28533,0.14362,0.04871,0.17574,0.63795,0.00048728,0.00048728,0.00048728
384,12379.4,0.11353,0.09188,0.02947,0.09851,0.83408,0.99976,1,0.995,0.94924,0.99976,1,0.995,0.97726,0.28626,0.14024,0.05313,0.1755,0.64081,0.00048332,0.00048332,0.00048332
385,12411.8,0.11191,0.085,0.02856,0.09808,0.84726,1,1,0.995,0.94583,1,1,0.995,0.97405,0.2915,0.14202,0.05213,0.17782,0.64643,0.00047936,0.00047936,0.00047936
386,12444,0.11548,0.08616,0.03004,0.09811,0.85308,1,1,0.995,0.94395,1,1,0.995,0.97221,0.29457,0.14322,0.05427,0.18104,0.64971,0.0004754,0.0004754,0.0004754
387,12476,0.11551,0.08209,0.03062,0.09785,0.84659,1,1,0.995,0.94668,1,1,0.995,0.97254,0.29438,0.14819,0.05795,0.18074,0.64909,0.00047144,0.00047144,0.00047144
388,12508.3,0.11351,0.08116,0.02968,0.09884,0.8471,0.99976,1,0.995,0.94721,0.99976,1,0.995,0.97531,0.30093,0.15058,0.05804,0.18381,0.65625,0.00046748,0.00046748,0.00046748
389,12540.5,0.11432,0.07784,0.02952,0.09811,0.84062,0.99976,1,0.995,0.94889,0.99976,1,0.995,0.974,0.29691,0.15076,0.05685,0.1873,0.65301,0.00046352,0.00046352,0.00046352
390,12572.9,0.11603,0.08559,0.03235,0.09863,0.84506,0.99976,1,0.995,0.9384,0.99976,1,0.995,0.97834,0.29917,0.15449,0.05606,0.18611,0.6554,0.00045956,0.00045956,0.00045956
391,12605,0.11353,0.08001,0.03046,0.09853,0.85118,0.99976,1,0.995,0.94025,0.99976,1,0.995,0.97899,0.30544,0.1537,0.05623,0.19088,0.6628,0.0004556,0.0004556,0.0004556
392,12637.6,0.11622,0.08119,0.02916,0.1013,0.84328,0.99975,1,0.995,0.94466,0.99975,1,0.995,0.98004,0.30511,0.14687,0.05627,0.18771,0.66231,0.00045164,0.00045164,0.00045164
393,12670,0.10793,0.08758,0.03175,0.09602,0.83947,0.99975,1,0.995,0.94382,0.99975,1,0.995,0.98039,0.29743,0.14418,0.0553,0.18756,0.65506,0.00044768,0.00044768,0.00044768
394,12702.5,0.11673,0.09374,0.03031,0.10051,0.85247,0.99975,1,0.995,0.94201,0.99975,1,0.995,0.97642,0.299,0.1461,0.05623,0.18992,0.65971,0.00044372,0.00044372,0.00044372
395,12734.4,0.11316,0.08303,0.02962,0.0996,0.84622,0.99976,1,0.995,0.94852,0.99976,1,0.995,0.97617,0.29751,0.14915,0.05615,0.19576,0.65646,0.00043976,0.00043976,0.00043976
396,12766.9,0.10994,0.08226,0.02869,0.09532,0.84927,0.99975,1,0.995,0.94721,0.99975,1,0.995,0.97314,0.29216,0.14816,0.05517,0.18908,0.64835,0.0004358,0.0004358,0.0004358
397,12798.8,0.10821,0.07905,0.02831,0.09347,0.84741,0.99976,1,0.995,0.94396,0.99976,1,0.995,0.96884,0.2896,0.15058,0.05377,0.18759,0.6461,0.00043184,0.00043184,0.00043184
398,12831.3,0.1074,0.08499,0.0286,0.09261,0.84779,0.99976,1,0.995,0.94539,0.99976,1,0.995,0.96608,0.2922,0.15366,0.0537,0.19018,0.64831,0.00042788,0.00042788,0.00042788
399,12863.4,0.11108,0.08368,0.03025,0.09746,0.84597,0.99976,1,0.995,0.93862,0.99976,1,0.995,0.96569,0.29703,0.15638,0.05595,0.19397,0.65123,0.00042392,0.00042392,0.00042392
400,12895.7,0.10681,0.07891,0.02893,0.09334,0.84364,1,1,0.995,0.94002,1,1,0.995,0.96642,0.29786,0.16038,0.05595,0.19818,0.65538,0.00041996,0.00041996,0.00041996
401,12927.8,0.10497,0.07388,0.02773,0.09385,0.84387,0.99976,1,0.995,0.94746,0.99976,1,0.995,0.96909,0.28757,0.1605,0.05906,0.19095,0.64904,0.000416,0.000416,0.000416
402,12960.2,0.10868,0.0738,0.02943,0.09502,0.84506,0.99976,1,0.995,0.9439,0.99976,1,0.995,0.97102,0.28433,0.15538,0.05871,0.18891,0.64376,0.00041204,0.00041204,0.00041204
403,12992.3,0.10678,0.07966,0.02816,0.09478,0.84693,0.99975,1,0.995,0.94376,0.99975,1,0.995,0.97618,0.28434,0.1511,0.0559,0.18824,0.64034,0.00040808,0.00040808,0.00040808
404,13024.6,0.11356,0.08643,0.03082,0.09841,0.8517,0.99975,1,0.995,0.94118,0.99975,1,0.995,0.97046,0.28813,0.15161,0.05554,0.19048,0.64415,0.00040412,0.00040412,0.00040412
405,13057,0.11126,0.07084,0.02962,0.09508,0.84505,0.99975,1,0.995,0.94352,0.99975,1,0.995,0.97264,0.29598,0.1503,0.05534,0.19547,0.65649,0.00040016,0.00040016,0.00040016
406,13089.4,0.10308,0.07626,0.02899,0.09212,0.84816,0.99976,1,0.995,0.94722,0.99976,1,0.995,0.97149,0.29171,0.151,0.05274,0.19205,0.65238,0.0003962,0.0003962,0.0003962
407,13121.4,0.10949,0.08061,0.02875,0.09587,0.84319,0.99975,1,0.995,0.94402,0.99975,1,0.995,0.96892,0.29258,0.15034,0.05181,0.19349,0.64956,0.00039224,0.00039224,0.00039224
408,13153.8,0.1045,0.07775,0.02844,0.09266,0.84872,0.99976,1,0.995,0.94243,0.99976,1,0.995,0.96872,0.28583,0.15538,0.05493,0.19293,0.64474,0.00038828,0.00038828,0.00038828
409,13185.8,0.10836,0.08083,0.02878,0.09417,0.8435,0.99976,1,0.995,0.94103,0.99976,1,0.995,0.97105,0.29043,0.15238,0.05485,0.19357,0.64584,0.00038432,0.00038432,0.00038432
410,13218,0.10805,0.07864,0.02889,0.0961,0.85363,0.99976,1,0.995,0.94428,0.99976,1,0.995,0.9746,0.29181,0.14938,0.05477,0.19264,0.64504,0.00038036,0.00038036,0.00038036
411,13249.3,0.10767,0.07426,0.02906,0.09467,0.84385,0.99976,1,0.995,0.94846,0.99976,1,0.995,0.97498,0.2846,0.14259,0.05297,0.18352,0.6365,0.0003764,0.0003764,0.0003764
412,13281.7,0.10478,0.07524,0.02824,0.09302,0.84655,0.99976,1,0.995,0.94935,0.99976,1,0.995,0.97395,0.28233,0.1435,0.05046,0.17973,0.63515,0.00037244,0.00037244,0.00037244
413,13313.9,0.10498,0.07517,0.02873,0.09323,0.84688,0.99975,1,0.995,0.95021,0.99975,1,0.995,0.97304,0.2803,0.14661,0.05134,0.18673,0.63796,0.00036848,0.00036848,0.00036848
414,13346.2,0.10542,0.0777,0.03225,0.08822,0.84289,0.99976,1,0.995,0.94804,0.99976,1,0.995,0.96941,0.27733,0.14478,0.05111,0.18352,0.6372,0.00036452,0.00036452,0.00036452
415,13378.3,0.10361,0.0735,0.02963,0.092,0.84535,0.99975,1,0.995,0.95011,0.99975,1,0.995,0.966,0.27943,0.1448,0.05141,0.18616,0.63737,0.00036056,0.00036056,0.00036056
416,13410.2,0.10307,0.08048,0.0293,0.09175,0.83643,0.99976,1,0.995,0.9532,0.99976,1,0.995,0.9666,0.27873,0.14318,0.05244,0.1827,0.63271,0.0003566,0.0003566,0.0003566
417,13442.5,0.10499,0.07059,0.02997,0.09348,0.84147,0.99976,1,0.995,0.95185,0.99976,1,0.995,0.97158,0.28147,0.13586,0.05221,0.18335,0.63616,0.00035264,0.00035264,0.00035264
418,13474.8,0.10279,0.07288,0.02728,0.09338,0.83851,0.99976,1,0.995,0.95131,0.99976,1,0.995,0.96822,0.2809,0.13509,0.05294,0.18214,0.63826,0.00034868,0.00034868,0.00034868
419,13507,0.09874,0.06801,0.02817,0.08953,0.84147,0.99976,1,0.995,0.94737,0.99976,1,0.995,0.97334,0.28144,0.13563,0.05279,0.18202,0.64057,0.00034472,0.00034472,0.00034472
420,13539.2,0.10198,0.07358,0.02897,0.08975,0.84581,0.99976,1,0.995,0.94253,0.99976,1,0.995,0.97444,0.28267,0.13867,0.05375,0.1801,0.64171,0.00034076,0.00034076,0.00034076
421,13571.4,0.10499,0.07302,0.0273,0.09122,0.83788,0.99976,1,0.995,0.94269,0.99976,1,0.995,0.97199,0.28269,0.13755,0.05479,0.18061,0.6397,0.0003368,0.0003368,0.0003368
422,13603.7,0.10275,0.06847,0.02857,0.09355,0.84219,0.99976,1,0.995,0.94858,0.99976,1,0.995,0.97342,0.28254,0.13846,0.05428,0.18303,0.63785,0.00033284,0.00033284,0.00033284
423,13635.9,0.10063,0.069,0.02824,0.09038,0.84556,0.99976,1,0.995,0.95166,0.99976,1,0.995,0.97924,0.28029,0.13499,0.05046,0.18365,0.634,0.00032888,0.00032888,0.00032888
424,13669.9,0.09905,0.06954,0.02931,0.08843,0.84607,0.99976,1,0.995,0.9521,0.99976,1,0.995,0.97606,0.28164,0.13196,0.04904,0.18313,0.63357,0.00032492,0.00032492,0.00032492
425,13701.7,0.09962,0.07651,0.02823,0.08794,0.84583,0.99975,1,0.995,0.95288,0.99975,1,0.995,0.97986,0.28467,0.13205,0.04825,0.17962,0.63585,0.00032096,0.00032096,0.00032096
426,13735.6,0.09947,0.06202,0.02832,0.0902,0.84387,0.99975,1,0.995,0.95481,0.99975,1,0.995,0.97759,0.28358,0.12859,0.04835,0.17515,0.63441,0.000317,0.000317,0.000317
427,13767.8,0.09908,0.0612,0.02655,0.08637,0.85015,0.99976,1,0.995,0.95167,0.99976,1,0.995,0.97723,0.28142,0.12657,0.04677,0.17399,0.63443,0.00031304,0.00031304,0.00031304
428,13800.1,0.09881,0.07026,0.0276,0.08947,0.83895,0.99976,1,0.995,0.95151,0.99976,1,0.995,0.9796,0.28079,0.12916,0.04652,0.17007,0.63545,0.00030908,0.00030908,0.00030908
429,13832.5,0.09929,0.06861,0.02712,0.08913,0.83953,0.99976,1,0.995,0.95159,0.99976,1,0.995,0.97336,0.28219,0.1334,0.0464,0.17051,0.63624,0.00030512,0.00030512,0.00030512
430,13864.8,0.09689,0.06664,0.02674,0.08606,0.8448,0.99976,1,0.995,0.94978,0.99976,1,0.995,0.9694,0.28018,0.13429,0.04701,0.16806,0.63426,0.00030116,0.00030116,0.00030116
431,13896.8,0.09898,0.06907,0.02756,0.08886,0.84051,0.99976,1,0.995,0.95115,0.99976,1,0.995,0.97362,0.27538,0.13204,0.04556,0.16495,0.62902,0.0002972,0.0002972,0.0002972
432,13929.2,0.09776,0.07008,0.02847,0.08749,0.84273,0.99976,1,0.995,0.94976,0.99976,1,0.995,0.97185,0.27498,0.13011,0.04596,0.16762,0.62726,0.00029324,0.00029324,0.00029324
433,13961.6,0.0971,0.06435,0.02722,0.0864,0.8327,0.99975,1,0.995,0.95016,0.99975,1,0.995,0.97639,0.27561,0.13107,0.04709,0.1693,0.62842,0.00028928,0.00028928,0.00028928
434,13994,0.09944,0.06529,0.02667,0.08923,0.84599,0.99976,1,0.995,0.94935,0.99976,1,0.995,0.97838,0.28067,0.13111,0.04753,0.1747,0.63288,0.00028532,0.00028532,0.00028532
435,14026.2,0.09823,0.06812,0.02694,0.08541,0.84483,0.99976,1,0.995,0.95145,0.99976,1,0.995,0.97694,0.27997,0.13305,0.04771,0.17714,0.6335,0.00028136,0.00028136,0.00028136
436,14058.7,0.09423,0.06826,0.02897,0.08514,0.8438,0.99976,1,0.995,0.95067,0.99976,1,0.995,0.97888,0.28381,0.13138,0.04748,0.17807,0.63736,0.0002774,0.0002774,0.0002774
437,14090.8,0.09177,0.06875,0.02738,0.08512,0.84295,0.99976,1,0.995,0.94911,0.99976,1,0.995,0.98062,0.28374,0.13092,0.04676,0.17458,0.63705,0.00027344,0.00027344,0.00027344
438,14123.4,0.09287,0.06818,0.02699,0.08383,0.84729,0.99976,1,0.995,0.95147,0.99976,1,0.995,0.98205,0.28155,0.1294,0.04665,0.17706,0.63478,0.00026948,0.00026948,0.00026948
439,14157.5,0.09371,0.06924,0.02769,0.08625,0.84066,0.99976,1,0.995,0.95228,0.99976,1,0.995,0.98228,0.2787,0.1278,0.04688,0.17401,0.63304,0.00026552,0.00026552,0.00026552
440,14191,0.09368,0.07645,0.0286,0.08538,0.84103,0.99976,1,0.995,0.95308,0.99976,1,0.995,0.97784,0.27686,0.12879,0.0462,0.17197,0.63131,0.00026156,0.00026156,0.00026156
441,14222.8,0.09223,0.06729,0.02832,0.0855,0.83982,0.99976,1,0.995,0.95443,0.99976,1,0.995,0.9787,0.27369,0.1323,0.04642,0.17521,0.62709,0.0002576,0.0002576,0.0002576
442,14254.5,0.09114,0.0663,0.02779,0.08305,0.84614,0.99975,1,0.995,0.95448,0.99975,1,0.995,0.97528,0.2715,0.13509,0.04635,0.17463,0.62586,0.00025364,0.00025364,0.00025364
443,14287,0.09633,0.06717,0.0276,0.08457,0.84542,0.99976,1,0.995,0.95671,0.99976,1,0.995,0.97175,0.27208,0.13539,0.04678,0.1753,0.62734,0.00024968,0.00024968,0.00024968
444,14318.8,0.09028,0.07016,0.02904,0.08188,0.83943,0.99976,1,0.995,0.95679,0.99976,1,0.995,0.97195,0.27503,0.13739,0.04845,0.17432,0.63027,0.00024572,0.00024572,0.00024572
445,14351.2,0.08988,0.0606,0.02476,0.08309,0.83569,0.99976,1,0.995,0.95617,0.99976,1,0.995,0.97176,0.27614,0.13647,0.04753,0.1747,0.63031,0.00024176,0.00024176,0.00024176
446,14382.9,0.09178,0.06552,0.02705,0.08404,0.84306,0.99976,1,0.995,0.95545,0.99976,1,0.995,0.96999,0.27499,0.1355,0.04837,0.17634,0.63046,0.0002378,0.0002378,0.0002378
447,14415.5,0.09421,0.05919,0.02678,0.08408,0.84133,0.99976,1,0.995,0.95439,0.99976,1,0.995,0.97086,0.27315,0.1336,0.04782,0.17502,0.62832,0.00023384,0.00023384,0.00023384
448,14447.3,0.09225,0.06046,0.02669,0.08253,0.83914,0.99976,1,0.995,0.95505,0.99976,1,0.995,0.97233,0.27344,0.13125,0.04652,0.17431,0.62841,0.00022988,0.00022988,0.00022988
449,14479.7,0.09344,0.06601,0.02735,0.08446,0.84543,0.99975,1,0.995,0.95125,0.99975,1,0.995,0.9714,0.27401,0.13092,0.04503,0.17595,0.62906,0.00022592,0.00022592,0.00022592
450,14511.7,0.09473,0.06102,0.02554,0.08423,0.84383,0.99975,1,0.995,0.95414,0.99975,1,0.995,0.97166,0.27446,0.12794,0.04578,0.18119,0.62968,0.00022196,0.00022196,0.00022196
451,14543.9,0.09467,0.06114,0.02837,0.08363,0.85081,0.99975,1,0.995,0.95131,0.99975,1,0.995,0.97477,0.27663,0.12694,0.04678,0.18229,0.63241,0.000218,0.000218,0.000218
452,14575.6,0.09134,0.06579,0.0257,0.0823,0.83104,0.99976,1,0.995,0.95272,0.99976,1,0.995,0.97339,0.27571,0.12641,0.0464,0.18208,0.63141,0.00021404,0.00021404,0.00021404
453,14607.9,0.0867,0.05733,0.02664,0.07949,0.85123,0.99976,1,0.995,0.95344,0.99976,1,0.995,0.97462,0.275,0.12527,0.04657,0.18517,0.63062,0.00021008,0.00021008,0.00021008
454,14639.8,0.09336,0.05954,0.02629,0.08329,0.83742,0.99976,1,0.995,0.95435,0.99976,1,0.995,0.97537,0.27582,0.127,0.04574,0.18666,0.63217,0.00020612,0.00020612,0.00020612
455,14672.1,0.08928,0.06293,0.02609,0.07976,0.83618,0.99975,1,0.995,0.94899,0.99975,1,0.995,0.97444,0.27572,0.12951,0.04784,0.18624,0.6317,0.00020216,0.00020216,0.00020216
456,14704,0.08904,0.0619,0.02438,0.08128,0.83481,0.99975,1,0.995,0.94934,0.99975,1,0.995,0.97585,0.27781,0.12984,0.04855,0.18746,0.63448,0.0001982,0.0001982,0.0001982
457,14736.3,0.08533,0.06299,0.02473,0.08047,0.83875,0.99975,1,0.995,0.95191,0.99975,1,0.995,0.9778,0.27671,0.12837,0.04803,0.18779,0.6337,0.00019424,0.00019424,0.00019424
458,14768.3,0.08715,0.06392,0.0258,0.08308,0.83469,0.99976,1,0.995,0.95524,0.99976,1,0.995,0.97607,0.27667,0.12684,0.04812,0.18763,0.63336,0.00019028,0.00019028,0.00019028
459,14800.5,0.08814,0.05505,0.02651,0.08082,0.83557,0.99975,1,0.995,0.95506,0.99975,1,0.995,0.97566,0.27596,0.12672,0.04781,0.1857,0.63093,0.00018632,0.00018632,0.00018632
460,14831.9,0.08584,0.06131,0.02523,0.08163,0.84148,0.99975,1,0.995,0.95181,0.99975,1,0.995,0.97593,0.27568,0.12732,0.04801,0.18578,0.62997,0.00018236,0.00018236,0.00018236
461,14864,0.08926,0.0609,0.02512,0.082,0.84131,0.99975,1,0.995,0.95298,0.99975,1,0.995,0.97612,0.27543,0.12652,0.04861,0.18856,0.6291,0.0001784,0.0001784,0.0001784
462,14895.8,0.0849,0.0574,0.02631,0.07961,0.84775,0.99975,1,0.995,0.94911,0.99975,1,0.995,0.97657,0.27608,0.12621,0.04785,0.18991,0.63063,0.00017444,0.00017444,0.00017444
463,14928.5,0.08427,0.06259,0.02754,0.07892,0.8366,0.99975,1,0.995,0.94811,0.99975,1,0.995,0.9763,0.27679,0.12459,0.04756,0.18759,0.63172,0.00017048,0.00017048,0.00017048
464,14960.5,0.08702,0.05968,0.02459,0.07914,0.84009,0.99976,1,0.995,0.94894,0.99976,1,0.995,0.97553,0.27706,0.12323,0.04653,0.18509,0.63328,0.00016652,0.00016652,0.00016652
465,14992.9,0.08489,0.05236,0.02609,0.07949,0.8473,0.99976,1,0.995,0.95053,0.99976,1,0.995,0.9742,0.27689,0.12343,0.0468,0.18738,0.63463,0.00016256,0.00016256,0.00016256
466,15024.7,0.08113,0.05745,0.02555,0.0781,0.83038,0.99975,1,0.995,0.95224,0.99975,1,0.995,0.9757,0.27862,0.12317,0.04622,0.18998,0.63726,0.0001586,0.0001586,0.0001586
467,15057.3,0.08439,0.05961,0.0258,0.0779,0.84125,0.99976,1,0.995,0.95145,0.99976,1,0.995,0.97941,0.27663,0.12319,0.0456,0.18843,0.63627,0.00015464,0.00015464,0.00015464
468,15089.2,0.08206,0.05433,0.02487,0.0762,0.83992,0.99976,1,0.995,0.95127,0.99976,1,0.995,0.97726,0.27555,0.12299,0.04586,0.18626,0.63428,0.00015068,0.00015068,0.00015068
469,15121.6,0.08339,0.05185,0.02579,0.07687,0.84488,0.99976,1,0.995,0.95262,0.99976,1,0.995,0.97593,0.27551,0.12297,0.04592,0.1864,0.63356,0.00014672,0.00014672,0.00014672
470,15153.5,0.08129,0.05808,0.02696,0.07739,0.84281,0.99976,1,0.995,0.95093,0.99976,1,0.995,0.98066,0.2753,0.12286,0.04675,0.18715,0.63384,0.00014276,0.00014276,0.00014276
471,15186.1,0.08145,0.05426,0.0253,0.0773,0.84219,0.99976,1,0.995,0.95126,0.99976,1,0.995,0.98065,0.27422,0.12132,0.04741,0.18723,0.63237,0.0001388,0.0001388,0.0001388
472,15217.8,0.08443,0.06428,0.02582,0.07756,0.84025,0.99976,1,0.995,0.95211,0.99976,1,0.995,0.98092,0.27295,0.11969,0.04756,0.1871,0.63055,0.00013484,0.00013484,0.00013484
473,15250.2,0.08251,0.05848,0.0261,0.07687,0.8429,0.99976,1,0.995,0.95345,0.99976,1,0.995,0.9818,0.2708,0.11771,0.04708,0.18094,0.62732,0.00013088,0.00013088,0.00013088
474,15284.1,0.08131,0.05983,0.02696,0.07752,0.83196,0.99976,1,0.995,0.95483,0.99976,1,0.995,0.98008,0.27041,0.11632,0.04662,0.17596,0.62571,0.00012692,0.00012692,0.00012692
475,15316.4,0.08291,0.05389,0.02449,0.07935,0.82931,0.99975,1,0.995,0.95537,0.99975,1,0.995,0.97854,0.27013,0.11498,0.04603,0.17565,0.6262,0.00012296,0.00012296,0.00012296
476,15348.2,0.08082,0.05052,0.02537,0.07619,0.83865,0.99975,1,0.995,0.9555,0.99975,1,0.995,0.97805,0.26986,0.11447,0.04545,0.1762,0.62656,0.000119,0.000119,0.000119
477,15380.4,0.0823,0.05748,0.02625,0.07689,0.83162,0.99975,1,0.995,0.95423,0.99975,1,0.995,0.97972,0.26937,0.11468,0.04505,0.17639,0.62632,0.00011504,0.00011504,0.00011504
478,15412.2,0.08065,0.05631,0.02615,0.076,0.83492,0.99975,1,0.995,0.95454,0.99975,1,0.995,0.98093,0.26965,0.11477,0.04492,0.17647,0.6262,0.00011108,0.00011108,0.00011108
479,15445.9,0.08249,0.05284,0.02568,0.07689,0.83987,0.99975,1,0.995,0.9511,0.99975,1,0.995,0.98108,0.27087,0.11597,0.04552,0.1765,0.62659,0.00010712,0.00010712,0.00010712
480,15478.4,0.08052,0.05635,0.0245,0.07536,0.83183,0.99975,1,0.995,0.95127,0.99975,1,0.995,0.98038,0.27198,0.11602,0.04616,0.17685,0.62771,0.00010316,0.00010316,0.00010316
481,15510.4,0.08048,0.05056,0.02435,0.07451,0.83626,0.99975,1,0.995,0.95217,0.99975,1,0.995,0.98094,0.27156,0.11602,0.04689,0.17692,0.62764,9.92e-05,9.92e-05,9.92e-05
482,15543,0.08168,0.05822,0.02485,0.07586,0.84377,0.99975,1,0.995,0.95181,0.99975,1,0.995,0.98105,0.27222,0.11667,0.04659,0.17786,0.62837,9.524e-05,9.524e-05,9.524e-05
483,15575.4,0.08219,0.04996,0.02405,0.07497,0.83852,0.99975,1,0.995,0.95197,0.99975,1,0.995,0.97978,0.27247,0.11629,0.04583,0.17602,0.6285,9.128e-05,9.128e-05,9.128e-05
484,15607.8,0.07737,0.05739,0.02476,0.07312,0.84381,0.99975,1,0.995,0.95333,0.99975,1,0.995,0.98095,0.27141,0.11721,0.04474,0.17567,0.62752,8.732e-05,8.732e-05,8.732e-05
485,15639.8,0.07718,0.05157,0.02466,0.07343,0.83567,0.99975,1,0.995,0.95368,0.99975,1,0.995,0.9766,0.27139,0.11833,0.04465,0.17544,0.62732,8.336e-05,8.336e-05,8.336e-05
486,15672.1,0.07899,0.05385,0.02512,0.0751,0.83344,0.99975,1,0.995,0.95233,0.99975,1,0.995,0.97654,0.27072,0.11809,0.04457,0.17373,0.62648,7.94e-05,7.94e-05,7.94e-05
487,15704.3,0.07918,0.04974,0.02494,0.07548,0.8355,0.99975,1,0.995,0.95239,0.99975,1,0.995,0.97924,0.27197,0.11845,0.04485,0.17486,0.62781,7.544e-05,7.544e-05,7.544e-05
488,15736.9,0.07583,0.0549,0.0258,0.0732,0.83375,0.99975,1,0.995,0.9527,0.99975,1,0.995,0.97765,0.27189,0.12009,0.04551,0.17501,0.62823,7.148e-05,7.148e-05,7.148e-05
489,15768.9,0.07646,0.05639,0.02555,0.07267,0.83874,0.99976,1,0.995,0.95356,0.99976,1,0.995,0.97573,0.27007,0.12054,0.0451,0.17402,0.62651,6.752e-05,6.752e-05,6.752e-05
490,15801.3,0.07864,0.05643,0.02701,0.07495,0.83448,0.99975,1,0.995,0.95375,0.99975,1,0.995,0.97592,0.26835,0.12043,0.04502,0.17247,0.62499,6.356e-05,6.356e-05,6.356e-05
491,15841.5,0.07524,0.05273,0.0239,0.07288,0.83475,0.99975,1,0.995,0.95491,0.99975,1,0.995,0.97745,0.2674,0.12132,0.04547,0.17272,0.62411,5.96e-05,5.96e-05,5.96e-05
492,15874.1,0.07765,0.05251,0.02535,0.07361,0.83438,0.99975,1,0.995,0.95481,0.99975,1,0.995,0.97756,0.26691,0.12201,0.04608,0.17312,0.62411,5.564e-05,5.564e-05,5.564e-05
493,15906.1,0.07649,0.05236,0.02585,0.07234,0.83061,0.99975,1,0.995,0.95485,0.99975,1,0.995,0.97897,0.26688,0.12234,0.04657,0.17388,0.62515,5.168e-05,5.168e-05,5.168e-05
494,15939.9,0.07805,0.05511,0.02462,0.07385,0.83848,0.99975,1,0.995,0.95499,0.99975,1,0.995,0.98078,0.26694,0.12174,0.04665,0.17406,0.62518,4.772e-05,4.772e-05,4.772e-05
495,15974.9,0.07557,0.05019,0.02564,0.0711,0.83538,0.99975,1,0.995,0.95517,0.99975,1,0.995,0.98035,0.26773,0.12149,0.04681,0.17357,0.62554,4.376e-05,4.376e-05,4.376e-05
496,16006.6,0.07951,0.04937,0.02367,0.0739,0.83632,0.99975,1,0.995,0.95382,0.99975,1,0.995,0.98064,0.26763,0.12133,0.04652,0.17408,0.62492,3.98e-05,3.98e-05,3.98e-05
497,16038.1,0.0732,0.04798,0.02479,0.07118,0.83936,0.99975,1,0.995,0.95333,0.99975,1,0.995,0.98058,0.26754,0.12115,0.04633,0.17526,0.62453,3.584e-05,3.584e-05,3.584e-05
498,16070.2,0.07415,0.05241,0.02725,0.07157,0.839,0.99975,1,0.995,0.95175,0.99975,1,0.995,0.98053,0.26786,0.12035,0.04649,0.17766,0.62457,3.188e-05,3.188e-05,3.188e-05
499,16102.1,0.07581,0.05301,0.02527,0.0725,0.83203,0.99975,1,0.995,0.95047,0.99975,1,0.995,0.98054,0.26835,0.12054,0.04698,0.17926,0.62506,2.792e-05,2.792e-05,2.792e-05
500,16133.2,0.0754,0.05285,0.02606,0.07157,0.83429,0.99975,1,0.995,0.95159,0.99975,1,0.995,0.98058,0.26855,0.12061,0.04714,0.18009,0.62553,2.396e-05,2.396e-05,2.396e-05
